"C:/Workspace/khj/Wanted5th/Part4/UnrealBuildSystem/UnrealBuildSystem.uproject" 1
"../../../../../../Workspace/khj/Wanted5th/Part4/UnrealBuildSystem/Binaries/Win64/UnrealEditor.modules" 2
"../../../Engine/Plugins/AudioGameplay/AudioGameplay.uplugin" 3
"../../../Engine/Plugins/AudioInsightsRuntime/AudioInsightsRuntime.uplugin" 4
"../../../Engine/Plugins/ChaosClothAssetDataflowNodes/ChaosClothAssetDataflowNodes.uplugin" 5
"../../../Engine/Plugins/ChaosOutfitAsset/ChaosOutfitAsset.uplugin" 6
"../../../Engine/Plugins/BaseMaterial/BaseMaterial.uplugin" 7
"../../../Engine/Plugins/ChaosCloth/ChaosCloth.uplugin" 8
"../../../Engine/Plugins/AudioModulationInsights/AudioModulationInsights.uplugin" 9
"../../../Engine/Plugins/Bridge/Bridge.uplugin" 10
"../../../Engine/Plugins/AutomationControllerRpc/AutomationControllerRpc.uplugin" 11
"../../../Engine/Plugins/BlueprintFileUtils/BlueprintFileUtils.uplugin" 12
"../../../Engine/Plugins/AudioInsights/AudioInsights.uplugin" 13
"../../../Engine/Plugins/ChaosClothAsset/ChaosClothAsset.uplugin" 14
"../../../Engine/Plugins/ChaosClothAssetEditorCore/ChaosClothAssetEditorCore.uplugin" 15
"../../../Engine/Plugins/ChaosClothAssetUsdDataflowNodes/ChaosClothAssetUsdDataflowNodes.uplugin" 16
"../../../Engine/Plugins/ChaosClothAssetEditor/ChaosClothAssetEditor.uplugin" 17
"../../../Engine/Plugins/FastBuildController/FastBuildController.uplugin" 18
"../../../Engine/Plugins/ChaosInsights/ChaosInsights.uplugin" 19
"../../../Engine/Plugins/Fab/Fab.uplugin" 20
"../../../Engine/Plugins/ChaosVD/ChaosVD.uplugin" 21
"../../../Engine/Plugins/CmdLinkServer/CmdLinkServer.uplugin" 22
"../../../Engine/Plugins/IoStoreInsights/IoStoreInsights.uplugin" 23
"../../../Engine/Plugins/MeshPainting/MeshPainting.uplugin" 24
"../../../Engine/Plugins/LightWeightInstancesEditor/LightWeightInstancesEditor.uplugin" 25
"../../../Engine/Plugins/Dataflow/Dataflow.uplugin" 26
"../../../Engine/Plugins/AudioGameplayVolume/AudioGameplayVolume.uplugin" 27
"../../../Engine/Plugins/DataflowVolumetricPlugin/DataflowVolumetricPlugin.uplugin" 28
"../../../Engine/Plugins/MemoryUsageQueries/MemoryUsageQueries.uplugin" 29
"../../../Engine/Plugins/JsonBlueprintUtilities/JsonBlueprintUtilities.uplugin" 30
"../../../Engine/Plugins/Mutable/Mutable.uplugin" 31
"../../../Engine/Plugins/DiscoveryBeaconReceiver/DiscoveryBeaconReceiver.uplugin" 32
"../../../Engine/Plugins/MassInsights/MassInsights.uplugin" 33
"../../../Engine/Plugins/RenderTraceInsights/RenderTraceInsights.uplugin" 34
"../../../Engine/Plugins/PCG/PCG.uplugin" 35
"../../../Engine/Plugins/RPCBase/RPCBase.uplugin" 36
"../../../Engine/Plugins/ScriptPlugin/ScriptPlugin.uplugin" 37
"../../../Engine/Plugins/Chooser/Chooser.uplugin" 38
"../../../Engine/Plugins/RenderGraphInsights/RenderGraphInsights.uplugin" 39
"../../../Engine/Plugins/TraceUtilities/TraceUtilities.uplugin" 40
"../../../Engine/Plugins/XGEController/XGEController.uplugin" 41
"../../../Engine/Plugins/UbaController/UbaController.uplugin" 42
"../../../Engine/Plugins/EnhancedInput/EnhancedInput.uplugin" 43
"../../../Engine/Plugins/Compositing/Composure/Composure.uplugin" 44
"../../../Engine/Plugins/Cameras/CameraShakePreviewer/CameraShakePreviewer.uplugin" 45
"../../../Engine/Plugins/TextureGraph/TextureGraph.uplugin" 46
"../../../Engine/Plugins/Compositing/HoldoutComposite/HoldoutComposite.uplugin" 47
"../../../Engine/Plugins/Cameras/EngineCameras/EngineCameras.uplugin" 48
"../../../Engine/Plugins/Compositing/Composite/Composite.uplugin" 49
"../../../Engine/Plugins/Compositing/LensDistortion/LensDistortion.uplugin" 50
"../../../Engine/Plugins/SubtitlesAndClosedCaptions/SubtitlesAndClosedCaptions.uplugin" 51
"../../../Engine/Plugins/Editor/AssetManagerEditor/AssetManagerEditor.uplugin" 52
"../../../Engine/Plugins/Compression/OodleNetwork/OodleNetwork.uplugin" 53
"../../../Engine/Plugins/Editor/AssetReferenceRestrictions/AssetReferenceRestrictions.uplugin" 54
"../../../Engine/Plugins/DerivedDataBuildController/DerivedDataBuildController.uplugin" 55
"../../../Engine/Plugins/GameInputWindows/GameInputWindows.uplugin" 56
"../../../Engine/Plugins/Compositing/CompositeCore/CompositeCore.uplugin" 57
"../../../Engine/Plugins/Compositing/OpenColorIO/OpenColorIO.uplugin" 58
"../../../Engine/Plugins/Editor/ConsoleVariablesEditor/ConsoleVariables.uplugin" 59
"../../../Engine/Plugins/Editor/CurveEditorTools/CurveEditorTools.uplugin" 60
"../../../Engine/Plugins/Editor/DisplayClusterLaunch/DisplayClusterLaunch.uplugin" 61
"../../../Engine/Plugins/Editor/BlueprintMaterialTextureNodes/BlueprintMaterialTextureNodes.uplugin" 62
"../../../Engine/Plugins/Cameras/GameplayCameras/GameplayCameras.uplugin" 63
"../../../Engine/Plugins/Editor/EditorScriptingUtilities/EditorScriptingUtilities.uplugin" 64
"../../../Engine/Plugins/Editor/ChangelistReview/ChangelistReview.uplugin" 65
"../../../Engine/Plugins/Editor/CryptoKeys/CryptoKeys.uplugin" 66
"../../../Engine/Plugins/WorldMetrics/WorldMetrics.uplugin" 67
"../../../Engine/Plugins/Editor/EngineAssetDefinitions/EngineAssetDefinitions.uplugin" 68
"../../../Engine/Plugins/Editor/ColorGrading/ColorGrading.uplugin" 69
"../../../Engine/Plugins/Editor/FacialAnimation/FacialAnimation.uplugin" 70
"../../../Engine/Plugins/Editor/AssetSearch/AssetSearch.uplugin" 71
"../../../Engine/Plugins/Editor/LandscapePatch/LandscapePatch.uplugin" 72
"../../../Engine/Plugins/Editor/GuidedTutorials/GuidedTutorials.uplugin" 73
"../../../Engine/Plugins/Compositing/ComposureShared/ComposureShared.uplugin" 74
"../../../Engine/Plugins/Editor/MakeCookedEditorAsDLC/MakeCookedEditorAsDLC.uplugin" 75
"../../../Engine/Plugins/Editor/BlueprintHeaderView/BlueprintHeaderView.uplugin" 76
"../../../Engine/Plugins/Editor/MaterialAnalyzer/MaterialAnalyzer.uplugin" 77
"../../../Engine/Plugins/Editor/AssetRegistryExport/AssetRegistryExport.uplugin" 78
"../../../Engine/Plugins/Editor/LiveUpdateForSlate/LiveUpdateForSlate.uplugin" 79
"../../../Engine/Plugins/Editor/MaterialValidation/MaterialValidation.uplugin" 80
"../../../Engine/Plugins/Compositing/OpenCVLensDistortion/OpenCVLensDistortion.uplugin" 81
"../../../Engine/Plugins/Editor/MobileLauncherProfileWizard/MobileLauncherProfileWizard.uplugin" 82
"../../../Engine/Plugins/Editor/EditorDebugTools/EditorDebugTools.uplugin" 83
"../../../Engine/Plugins/Editor/ModelingToolsEditorMode/ModelingToolsEditorMode.uplugin" 84
"../../../Engine/Plugins/Editor/PluginBrowser/PluginBrowser.uplugin" 85
"../../../Engine/Plugins/Editor/GameplayTagsEditor/GameplayTagsEditor.uplugin" 86
"../../../Engine/Plugins/Editor/StaticMeshEditorModeling/StaticMeshEditorModeling.uplugin" 87
"../../../Engine/Plugins/Editor/ProxyLODPlugin/ProxyLODPlugin.uplugin" 88
"../../../Engine/Plugins/Editor/StylusInput/StylusInput.uplugin" 89
"../../../Engine/Plugins/Editor/ScriptableToolsEditorMode/ScriptableToolsEditorMode.uplugin" 90
"../../../Engine/Plugins/Editor/EditorSysConfigAssistant/EditorSysConfigAssistant.uplugin" 91
"../../../Engine/Plugins/Editor/MeshLODToolset/MeshLODToolset.uplugin" 92
"../../../Engine/Plugins/Editor/MacGraphicsSwitching/MacGraphicsSwitching.uplugin" 93
"../../../Engine/Plugins/Editor/SampleToolsEditorMode/SampleToolsEditorMode.uplugin" 94
"../../../Engine/Plugins/Editor/SequencerAnimTools/SequencerAnimTools.uplugin" 95
"../../../Engine/Plugins/Editor/ImageWidgets/ImageWidgets.uplugin" 96
"../../../Engine/Plugins/Editor/WaveformEditor/WaveformEditor.uplugin" 97
"../../../Engine/Plugins/Enterprise/DataprepEditor/DataprepEditor.uplugin" 98
"../../../Engine/Plugins/Editor/UVEditor/UVEditor.uplugin" 99
"../../../Engine/Plugins/Editor/WorldPartitionHLODUtilities/WorldPartitionHLODUtilities.uplugin" 100
"../../../Engine/Plugins/Enterprise/GLTFExporter/GLTFExporter.uplugin" 101
"../../../Engine/Plugins/Editor/UMGWidgetPreview/UMGWidgetPreview.uplugin" 102
"../../../Engine/Plugins/Enterprise/DatasmithC4DImporter/DatasmithC4DImporter.uplugin" 103
"../../../Engine/Plugins/Enterprise/DatasmithCADImporter/DatasmithCADImporter.uplugin" 104
"../../../Engine/Plugins/Enterprise/DatasmithFBXImporter/DatasmithFBXImporter.uplugin" 105
"../../../Engine/Plugins/Editor/GeometryMode/GeometryMode.uplugin" 106
"../../../Engine/Plugins/WorldStreamingInsights/WorldStreamingInsights.uplugin" 107
"../../../Engine/Plugins/FX/CascadeToNiagaraConverter/CascadeToNiagaraConverter.uplugin" 108
"../../../Engine/Plugins/FX/NiagaraFluids/NiagaraFluids.uplugin" 109
"../../../Engine/Plugins/Enterprise/AxFImporter/AxFImporter.uplugin" 110
"../../../Engine/Plugins/FX/NiagaraMRQ/NiagaraMRQ.uplugin" 111
"../../../Engine/Plugins/Editor/ModelViewViewModelPreview/ModelViewViewModelPreview.uplugin" 112
"../../../Engine/Plugins/FX/NiagaraNanite/NiagaraNanite.uplugin" 113
"../../../Engine/Plugins/FX/ExampleCustomDataInterface/ExampleCustomDataInterface.uplugin" 114
"../../../Engine/Plugins/Enterprise/DatasmithImporter/DatasmithImporter.uplugin" 115
"../../../Engine/Plugins/FX/NiagaraPreviewContent/NiagaraPreviewContent.uplugin" 116
"../../../Engine/Plugins/NetcodeUnitTest/NetcodeUnitTest/NetcodeUnitTest.uplugin" 117
"../../../Engine/Plugins/FX/NiagaraInsights/NiagaraInsights.uplugin" 118
"../../../Engine/Plugins/FX/NiagaraSimCaching/NiagaraSimCaching.uplugin" 119
"../../../Engine/Plugins/NetcodeUnitTest/NUTUnrealEngine/NUTUnrealEngine.uplugin" 120
"../../../Engine/Plugins/Enterprise/DatasmithContent/DatasmithContent.uplugin" 121
"../../../Engine/Plugins/PCGInterops/PCGPythonInterop/PCGPythonInterop.uplugin" 122
"../../../Engine/Plugins/Experimental/AdvancedRenamer/AdvancedRenamer.uplugin" 123
"../../../Engine/Plugins/PCGInterops/PCGGeometryScriptInterop/PCGGeometryScriptInterop.uplugin" 124
"../../../Engine/Plugins/Experimental/ActorPalette/ActorPalette.uplugin" 125
"../../../Engine/Plugins/Editor/MaterialAssetWizard/MaterialAssetWizard.uplugin" 126
"../../../Engine/Plugins/Editor/DataValidation/DataValidation.uplugin" 127
"../../../Engine/Plugins/Slate/SlateScripting/SlateScripting.uplugin" 128
"../../../Engine/Plugins/FX/Cascade/Cascade.uplugin" 129
"../../../Engine/Plugins/Editor/SpeedTreeImporter/SpeedTreeImporter.uplugin" 130
"../../../Engine/Plugins/Experimental/AutomationUtils/AutomationUtils.uplugin" 131
"../../../Engine/Plugins/FX/Niagara/Niagara.uplugin" 132
"../../../Engine/Plugins/Experimental/AnimToTexture/AnimToTexture.uplugin" 133
"../../../Engine/Plugins/Experimental/AsyncMessageSystem/AsyncMessageSystem.uplugin" 134
"../../../Engine/Plugins/Experimental/AudioProperties/AudioProperties.uplugin" 135
"../../../Engine/Plugins/Experimental/AIAssistant/AIAssistant.uplugin" 136
"../../../Engine/Plugins/Experimental/BlueprintStats/BlueprintStats.uplugin" 137
"../../../Engine/Plugins/Enterprise/VariantManager/VariantManager.uplugin" 138
"../../../Engine/Plugins/Experimental/ChaosClothEditor/ChaosClothEditor.uplugin" 139
"../../../Engine/Plugins/Experimental/AbilitySystemGameFeatureActions/AbilitySystemGameFeatureActions.uplugin" 140
"../../../Engine/Plugins/PCGInterops/PCGExternalDataInterop/PCGExternalDataInterop.uplugin" 141
"../../../Engine/Plugins/Experimental/ChaosCaching/ChaosCaching.uplugin" 142
"../../../Engine/Plugins/Experimental/Buoyancy/Buoyancy.uplugin" 143
"../../../Engine/Plugins/Experimental/ChaosCachingUSD/ChaosCachingUSD.uplugin" 144
"../../../Engine/Plugins/Experimental/ChaosModularVehicle/ChaosModularVehicle.uplugin" 145
"../../../Engine/Plugins/Experimental/ChaosEditor/ChaosEditor.uplugin" 146
"../../../Engine/Plugins/Experimental/BlueprintSnapNodes/BlueprintSnapNodes.uplugin" 147
"../../../Engine/Plugins/Experimental/ChaosDataflowSolver/ChaosDataflowSolver.uplugin" 148
"../../../Engine/Plugins/Experimental/ChaosRigidPhysicsAsync/ChaosRigidPhysicsAsync.uplugin" 149
"../../../Engine/Plugins/Experimental/ChaosRigidAsset/ChaosRigidAsset.uplugin" 150
"../../../Engine/Plugins/Experimental/ChaosUserDataPT/ChaosUserDataPT.uplugin" 151
"../../../Engine/Plugins/FX/NiagaraUIRenderer/NiagaraUIRenderer.uplugin" 152
"../../../Engine/Plugins/Experimental/BackChannel/BackChannel.uplugin" 153
"../../../Engine/Plugins/Experimental/AsyncMessageSystemTests/AsyncMessageSystemTests.uplugin" 154
"../../../Engine/Plugins/Experimental/CodeEditor/CodeEditor.uplugin" 155
"../../../Engine/Plugins/Enterprise/LidarPointCloud/LidarPointCloud.uplugin" 156
"../../../Engine/Plugins/Experimental/CineCameraRigs/CineCameraRigs.uplugin" 157
"../../../Engine/Plugins/Experimental/CineCameraSceneCapture/CineCameraSceneCapture.uplugin" 158
"../../../Engine/Plugins/Experimental/AvalancheDisplayCluster/AvalancheDisplayCluster.uplugin" 159
"../../../Engine/Plugins/Experimental/ChaosVehiclesPlugin/ChaosVehiclesPlugin.uplugin" 160
"../../../Engine/Plugins/Experimental/CinematicSequenceNavigator/CinematicSequenceNavigator.uplugin" 161
"../../../Engine/Plugins/Experimental/CodeView/CodeView.uplugin" 162
"../../../Engine/Plugins/Experimental/AvalancheSequenceNavigator/AvalancheSequenceNavigator.uplugin" 163
"../../../Engine/Plugins/Experimental/DefaultInstallBundleManager/DefaultInstallBundleManager.uplugin" 164
"../../../Engine/Plugins/Experimental/CharacterAI/CharacterAI.uplugin" 165
"../../../Engine/Plugins/Experimental/DynamicMaterialMediaStreamBridge/DynamicMaterialMediaStreamBridge.uplugin" 166
"../../../Engine/Plugins/Experimental/DrawDebugLibrary/DrawDebugLibrary.uplugin" 167
"../../../Engine/Plugins/Experimental/ChaosNiagara/ChaosNiagara.uplugin" 168
"../../../Engine/Plugins/Enterprise/VariantManagerContent/VariantManagerContent.uplugin" 169
"../../../Engine/Plugins/Experimental/EditorDataStorage/EditorDataStorage.uplugin" 170
"../../../Engine/Plugins/Enterprise/MDLImporter/MDLImporter.uplugin" 171
"../../../Engine/Plugins/Experimental/ChaosMover/ChaosMover.uplugin" 172
"../../../Engine/Plugins/Experimental/ColorCorrectRegions/ColorCorrectRegions.uplugin" 173
"../../../Engine/Plugins/Experimental/EditorTelemetry/EditorTelemetry.uplugin" 174
"../../../Engine/Plugins/Experimental/EditorPerformance/EditorPerformance.uplugin" 175
"../../../Engine/Plugins/Experimental/EditorTRSGizmo/EditorTRSGizmo.uplugin" 176
"../../../Engine/Plugins/Experimental/ChaosFlesh/ChaosFlesh.uplugin" 177
"../../../Engine/Plugins/Experimental/ControlRigPhysics/ControlRigPhysics.uplugin" 178
"../../../Engine/Plugins/Experimental/ChaosSolverPlugin/ChaosSolverPlugin.uplugin" 179
"../../../Engine/Plugins/Experimental/ControlFlows/ControlFlows.uplugin" 180
"../../../Engine/Plugins/Experimental/GameplayBehaviors/GameplayBehaviors.uplugin" 181
"../../../Engine/Plugins/Experimental/EditorDataStorageFeatures/EditorDataStorageFeatures.uplugin" 182
"../../../Engine/Plugins/Experimental/DynamicWind/DynamicWind.uplugin" 183
"../../../Engine/Plugins/Experimental/DaySequence/DaySequence.uplugin" 184
"../../../Engine/Plugins/Experimental/FullBodyIK/FullBodyIK.uplugin" 185
"../../../Engine/Plugins/Experimental/Gauntlet/Gauntlet.uplugin" 186
"../../../Engine/Plugins/Experimental/EvaluationNotifies/EvaluationNotifies.uplugin" 187
"../../../Engine/Plugins/Experimental/Fracture/Fracture.uplugin" 188
"../../../Engine/Plugins/Experimental/GeometryCollectionPlugin/GeometryCollectionPlugin.uplugin" 189
"../../../Engine/Plugins/Experimental/ControlRigDynamics/ControlRigDynamics.uplugin" 190
"../../../Engine/Plugins/Experimental/GeometryCacheLevelSequenceBaker/GeometryCacheLevelSequenceBaker.uplugin" 191
"../../../Engine/Plugins/Experimental/FloatingProperties/FloatingProperties.uplugin" 192
"../../../Engine/Plugins/Slate/SlateInsights/SlateInsights.uplugin" 193
"../../../Engine/Plugins/Experimental/GameplayTargetingSystem/TargetingSystem.uplugin" 194
"../../../Engine/Plugins/Experimental/GPULightmass/GPULightmass.uplugin" 195
"../../../Engine/Plugins/Experimental/HairStrandsMutable/HairStrandsMutable.uplugin" 196
"../../../Engine/Plugins/Experimental/FastGeoStreaming/FastGeoStreaming.uplugin" 197
"../../../Engine/Plugins/Experimental/GizmoFramework/GizmoFramework.uplugin" 198
"../../../Engine/Plugins/Experimental/HairModelingToolset/HairModelingToolset.uplugin" 199
"../../../Engine/Plugins/Experimental/CommonConversation/CommonConversation.uplugin" 200
"../../../Engine/Plugins/Experimental/InEditorDocumentation/InEditorDocumentation.uplugin" 201
"../../../Engine/Plugins/Experimental/GameplayGraph/GameplayGraph.uplugin" 202
"../../../Engine/Plugins/Experimental/ImagePlate/ImagePlate.uplugin" 203
"../../../Engine/Plugins/Experimental/FieldSystemPlugin/FieldSystemPlugin.uplugin" 204
"../../../Engine/Plugins/Experimental/LiveLinkFaceImporter/LiveLinkFaceImporter.uplugin" 205
"../../../Engine/Plugins/Experimental/ChaosModularVehicleExamples/ChaosModularVehicleExamples.uplugin" 206
"../../../Engine/Plugins/Experimental/GeometryFlow/GeometryFlow.uplugin" 207
"../../../Engine/Plugins/Experimental/LiveLinkControlRig/LiveLinkControlRig.uplugin" 208
"../../../Engine/Plugins/Experimental/LocalizableMessage/LocalizableMessage.uplugin" 209
"../../../Engine/Plugins/Experimental/GeometryDataflow/GeometryDataflow.uplugin" 210
"../../../Engine/Plugins/Experimental/LowLevelNetTrace/LowLevelNetTrace.uplugin" 211
"../../../Engine/Plugins/Experimental/GeometryCacheAbcFile/GeometryCacheAbcFile.uplugin" 212
"../../../Engine/Plugins/Experimental/HttpInsights/HttpInsights.uplugin" 213
"../../../Engine/Plugins/Experimental/LearningAgents/LearningAgents.uplugin" 214
"../../../Engine/Plugins/Experimental/MeshPartitionWater/MeshPartitionWater.uplugin" 215
"../../../Engine/Plugins/Experimental/InlineMaterialInstance/InlineMaterialInstance.uplugin" 216
"../../../Engine/Plugins/Experimental/MeshModelingToolsetExp/MeshModelingToolsetExp.uplugin" 217
"../../../Engine/Plugins/Experimental/MeshResizing/MeshResizing.uplugin" 218
"../../../Engine/Plugins/Experimental/JWT/JWT.uplugin" 219
"../../../Engine/Plugins/Experimental/LiveLinkOpenVR/LiveLinkOpenVR.uplugin" 220
"../../../Engine/Plugins/Experimental/MetasoundExperimental/MetasoundExperimental.uplugin" 221
"../../../Engine/Plugins/Experimental/MessageBusTester/MessageBusTester.uplugin" 222
"../../../Engine/Plugins/Experimental/MotorSimOutputMotoSynth/MotorSimOutputMotoSynth.uplugin" 223
"../../../Engine/Plugins/Experimental/InstanceDataObjectFixupTool/InstanceDataObjectFixupTool.uplugin" 224
"../../../Engine/Plugins/Experimental/ImpostorBaker/ImpostorBaker.uplugin" 225
"../../../Engine/Plugins/Experimental/MeshTerrainMode/MeshTerrainMode.uplugin" 226
"../../../Engine/Plugins/Experimental/ModelContextProtocol/ModelContextProtocol.uplugin" 227
"../../../Engine/Plugins/Experimental/Iris/Iris.uplugin" 228
"../../../Engine/Plugins/Experimental/HairCardGenerator/HairCardGenerator.uplugin" 229
"../../../Engine/Plugins/Experimental/Mover/Mover.uplugin" 230
"../../../Engine/Plugins/Experimental/MoverIntegrations/MoverIntegrations.uplugin" 231
"../../../Engine/Plugins/Experimental/Landmass/Landmass.uplugin" 232
"../../../Engine/Plugins/Experimental/GlobalConfigurationData/GlobalConfigurationData.uplugin" 233
"../../../Engine/Plugins/Experimental/LevelSequenceNavigatorBridge/LevelSequenceNavigatorBridge.uplugin" 234
"../../../Engine/Plugins/Experimental/MutableAssetUserData/MutableAssetUserData.uplugin" 235
"../../../Engine/Plugins/Experimental/MovieSceneMixedControlRig/MovieSceneMixedControlRig.uplugin" 236
"../../../Engine/Plugins/Experimental/MutableDataflow/MutableDataflow.uplugin" 237
"../../../Engine/Plugins/Experimental/MutableClothing/MutableClothing.uplugin" 238
"../../../Engine/Plugins/Experimental/MutablePopulation/MutablePopulation.uplugin" 239
"../../../Engine/Plugins/Experimental/MovieScenePoseSearchTracks/MovieScenePoseSearchTracks.uplugin" 240
"../../../Engine/Plugins/Experimental/LearningCore/LearningCore.uplugin" 241
"../../../Engine/Plugins/Experimental/MoverTests/MoverTests.uplugin" 242
"../../../Engine/Plugins/Experimental/NNERuntimeBasicCpu/NNERuntimeBasicCpu.uplugin" 243
"../../../Engine/Plugins/Experimental/MoverAnimNext/MoverAnimNext.uplugin" 244
"../../../Engine/Plugins/Experimental/MLflow/MLflow.uplugin" 245
"../../../Engine/Plugins/Experimental/PCGBiomeSample/PCGBiomeSample.uplugin" 246
"../../../Engine/Plugins/Experimental/PanoramicCapture/PanoramicCapture.uplugin" 247
"../../../Engine/Plugins/Experimental/MeshPartition/MeshPartition.uplugin" 248
"../../../Engine/Plugins/Experimental/MediaStream/MediaStream.uplugin" 249
"../../../Engine/Plugins/Experimental/MovieSceneAnimMixer/MovieSceneAnimMixer.uplugin" 250
"../../../Engine/Plugins/Experimental/InteractionInterface/InteractionInterface.uplugin" 251
"../../../Engine/Plugins/Experimental/OpenImageDenoise/OpenImageDenoise.uplugin" 252
"../../../Engine/Plugins/Experimental/NaniteAssemblyEditorUtils/NaniteAssemblyEditorUtils.uplugin" 253
"../../../Engine/Plugins/Experimental/PCGMeshPartitionInterop/PCGMeshPartitionInterop.uplugin" 254
"../../../Engine/Plugins/Experimental/OptiXDenoise/OptiXDenoise.uplugin" 255
"../../../Engine/Plugins/Experimental/NetworkServiceDiscovery/NetworkServiceDiscovery.uplugin" 256
"../../../Engine/Plugins/Experimental/PlatformDLC/PlatformDLC.uplugin" 257
"../../../Engine/Plugins/Experimental/NeuralRendering/NeuralRendering.uplugin" 258
"../../../Engine/Plugins/Experimental/NNERuntimeCoreML/NNERuntimeCoreML.uplugin" 259
"../../../Engine/Plugins/Experimental/PlainProps/PlainProps.uplugin" 260
"../../../Engine/Plugins/Experimental/PlatformCrypto/PlatformCrypto.uplugin" 261
"../../../Engine/Plugins/Experimental/PluginAudit/PluginAudit.uplugin" 262
"../../../Engine/Plugins/Experimental/PlainPropsEngine/PlainPropsEngine.uplugin" 263
"../../../Engine/Plugins/Experimental/PlanarCutPlugin/PlanarCut.uplugin" 264
"../../../Engine/Plugins/Experimental/NNERuntimeIREE/NNERuntimeIREE.uplugin" 265
"../../../Engine/Plugins/Experimental/PluginTemplateTool/PluginTemplateTool.uplugin" 266
"../../../Engine/Plugins/Experimental/MotoSynth/MotoSynth.uplugin" 267
"../../../Engine/Plugins/Experimental/PCGPrimitives_MeshPartitionInterop/PCGPrimitives_MeshPartitionInterop.uplugin" 268
"../../../Engine/Plugins/Experimental/PluginReferenceViewer/PluginReferenceViewer.uplugin" 269
"../../../Engine/Plugins/Experimental/PythonFoundationPackages/PythonFoundationPackages.uplugin" 270
"../../../Engine/Plugins/Experimental/PCGPrimitives/PCGPrimitives.uplugin" 271
"../../../Engine/Plugins/Experimental/PSDImporterMaterialDesignerBridge/PSDImporterMaterialDesignerBridge.uplugin" 272
"../../../Engine/Plugins/Experimental/PixelStreamingPlayer/PixelStreamingPlayer.uplugin" 273
"../../../Engine/Plugins/Experimental/QuicMessaging/QuicMessaging.uplugin" 274
"../../../Engine/Plugins/Experimental/RazerChromaDevices/RazerChromaDevices.uplugin" 275
"../../../Engine/Plugins/Experimental/RawInput/RawInput.uplugin" 276
"../../../Engine/Plugins/Experimental/MutableExtensionExample/MutableExtensionExample.uplugin" 277
"../../../Engine/Plugins/Experimental/PlayerInputDebugger/PlayerInputDebugger.uplugin" 278
"../../../Engine/Plugins/Experimental/PSDImporter/PSDImporter.uplugin" 279
"../../../Engine/Plugins/Experimental/PlainPropsUObject/PlainPropsUObject.uplugin" 280
"../../../Engine/Plugins/Experimental/NFORDenoise/NFORDenoise.uplugin" 281
"../../../Engine/Plugins/Experimental/RigLogicUAF/RigLogicUAF.uplugin" 282
"../../../Engine/Plugins/Experimental/NaniteDisplacedMesh/NaniteDisplacedMesh.uplugin" 283
"../../../Engine/Plugins/Experimental/PythonMLPackages/PythonMLPackages.uplugin" 284
"../../../Engine/Plugins/Experimental/SecuritySandbox/SecuritySandbox.uplugin" 285
"../../../Engine/Plugins/Experimental/RenderGrid/RenderGrid.uplugin" 286
"../../../Engine/Plugins/Experimental/ScreenReader/ScreenReader.uplugin" 287
"../../../Engine/Plugins/Experimental/RuntimeTelemetry/RuntimeTelemetry.uplugin" 288
"../../../Engine/Plugins/Experimental/NNERuntimeRDG/NNERuntimeRDG.uplugin" 289
"../../../Engine/Plugins/Experimental/SequenceNavigator/SequenceNavigator.uplugin" 290
"../../../Engine/Plugins/Experimental/SemanticSearch/SemanticSearch.uplugin" 291
"../../../Engine/Plugins/Experimental/SpatialReadiness/SpatialReadiness.uplugin" 292
"../../../Engine/Plugins/Experimental/RemoteSession/RemoteSession.uplugin" 293
"../../../Engine/Plugins/Experimental/SlateIM/SlateIM.uplugin" 294
"../../../Engine/Plugins/Experimental/PCGBiomeCore/PCGBiomeCore.uplugin" 295
"../../../Engine/Plugins/Experimental/MoverExamples/MoverExamples.uplugin" 296
"../../../Engine/Plugins/Experimental/StructUtils/StructUtils.uplugin" 297
"../../../Engine/Plugins/Experimental/PostProcessMaterialChainGraph/PostProcessMaterialChainGraph.uplugin" 298
"../../../Engine/Plugins/Experimental/SkeletalReduction/SkeletalReduction.uplugin" 299
"../../../Engine/Plugins/Experimental/SurfaceEffects/SurfaceEffects.uplugin" 300
"../../../Engine/Plugins/Experimental/Subsonic/Subsonic.uplugin" 301
"../../../Engine/Plugins/Experimental/StateGraph/StateGraph.uplugin" 302
"../../../Engine/Plugins/Experimental/RemoteControlActorModifierBridge/RemoteControlActorModifierBridge.uplugin" 303
"../../../Engine/Plugins/Experimental/Terminal/Terminal.uplugin" 304
"../../../Engine/Plugins/Experimental/PythonScriptPlugin/PythonScriptPlugin.uplugin" 305
"../../../Engine/Plugins/Experimental/SimpleHMD/SimpleHMD.uplugin" 306
"../../../Engine/Plugins/Experimental/SlateScreenReader/SlateScreenReader.uplugin" 307
"../../../Engine/Plugins/Experimental/TextToSpeech/TextToSpeech.uplugin" 308
"../../../Engine/Plugins/Experimental/USDPregen/USDPregen.uplugin" 309
"../../../Engine/Plugins/Experimental/RemoteControlComponents/RemoteControlComponents.uplugin" 310
"../../../Engine/Plugins/Experimental/TetMeshing/TetMeshing.uplugin" 311
"../../../Engine/Plugins/Experimental/ProceduralVegetationEditor/ProceduralVegetationEditor.uplugin" 312
"../../../Engine/Plugins/Experimental/ToolPresets/ToolPresets.uplugin" 313
"../../../Engine/Plugins/Experimental/TechAudioTools/TechAudioTools.uplugin" 314
"../../../Engine/Plugins/Experimental/UserToolBoxBasicCommand/UserToolBoxBasicCommand.uplugin" 315
"../../../Engine/Plugins/Experimental/UserToolBoxCore/UserToolBoxCore.uplugin" 316
"../../../Engine/Plugins/Experimental/VEUV/VEUV.uplugin" 317
"../../../Engine/Plugins/Experimental/Tensorboard/Tensorboard.uplugin" 318
"../../../Engine/Plugins/Experimental/UIFramework/UIFramework.uplugin" 319
"../../../Engine/Plugins/Experimental/VirtualHeightfieldMesh/VirtualHeightfieldMesh.uplugin" 320
"../../../Engine/Plugins/Experimental/Volumetrics/Volumetrics.uplugin" 321
"../../../Engine/Plugins/Experimental/Shotgrid/Shotgrid.uplugin" 322
"../../../Engine/Plugins/Experimental/SerializationUtils/SerializationUtils.uplugin" 323
"../../../Engine/Plugins/Experimental/TargetDeviceServicesScripting/TargetDeviceServicesScripting.uplugin" 324
"../../../Engine/Plugins/Experimental/SlateModelViewViewModel/SlateModelViewViewModel.uplugin" 325
"../../../Engine/Plugins/Experimental/SubmitToolEditor/SubmitToolEditor.uplugin" 326
"../../../Engine/Plugins/Experimental/WaveFunctionCollapse/WaveFunctionCollapse.uplugin" 327
"../../../Engine/Plugins/Experimental/ToolsetRegistry/ToolsetRegistry.uplugin" 328
"../../../Engine/Plugins/Experimental/Workspace/Workspace.uplugin" 329
"../../../Engine/Plugins/Experimental/VirtualProductionUtilities/VirtualProductionUtilities.uplugin" 330
"../../../Engine/Plugins/Experimental/WaterAdvanced/WaterAdvanced.uplugin" 331
"../../../Engine/Plugins/MetaHuman/MetaHumanAnimator/MetaHuman.uplugin" 332
"../../../Engine/Plugins/Experimental/XRCreativeFramework/XRCreativeFramework.uplugin" 333
"../../../Engine/Plugins/MetaHuman/MetaHumanCrowd/MetaHumanCrowd.uplugin" 334
"../../../Engine/Plugins/MetaHuman/MetaHumanAnimationTools/MetaHumanAnimationTools.uplugin" 335
"../../../Engine/Plugins/Experimental/WidgetEditorToolPalette/WidgetEditorToolPalette.uplugin" 336
"../../../Engine/Plugins/MetaHuman/MetaHumanCoreML/MetaHumanCoreML.uplugin" 337
"../../../Engine/Plugins/Online/EOSShared/EOSShared.uplugin" 338
"../../../Engine/Plugins/Experimental/WebSocketNetworking/WebSocketNetworking.uplugin" 339
"../../../Engine/Plugins/Online/OnlineBase/OnlineBase.uplugin" 340
"../../../Engine/Plugins/MetaHuman/MetaHumanCharacter/MetaHumanCharacter.uplugin" 341
"../../../Engine/Plugins/Online/EOSOverlayInputProvider/EOSOverlayInputProvider.uplugin" 342
"../../../Engine/Plugins/Online/OnlineFramework/OnlineFramework.uplugin" 343
"../../../Engine/Plugins/Online/OnlineFrameworkCommon/OnlineFrameworkCommon.uplugin" 344
"../../../Engine/Plugins/Online/OnlineServicesEOS/OnlineServicesEOS.uplugin" 345
"../../../Engine/Plugins/Online/OnlineServicesEOSGS/OnlineServicesEOSGS.uplugin" 346
"../../../Engine/Plugins/MetaHuman/MetaHumanSDK/MetaHumanSDK.uplugin" 347
"../../../Engine/Plugins/Online/OnlineSubsystemAmazon/OnlineSubsystemAmazon.uplugin" 348
"../../../Engine/Plugins/Online/OnlineServicesEpicCommon/OnlineServicesEpicCommon.uplugin" 349
"../../../Engine/Plugins/Online/OnlineServicesNull/OnlineServicesNull.uplugin" 350
"../../../Engine/Plugins/Online/OnlineSubsystemNull/OnlineSubsystemNull.uplugin" 351
"../../../Engine/Plugins/Online/OnlineServicesOSSAdapter/OnlineServicesOSSAdapter.uplugin" 352
"../../../Engine/Plugins/Online/OnlineSubsystemTencent/OnlineSubsystemTencent.uplugin" 353
"../../../Engine/Plugins/MetaHuman/MetaHumanCoreTechLib/MetaHumanCoreTech.uplugin" 354
"../../../Engine/Plugins/Online/OnlineSubsystemSteam/OnlineSubsystemSteam.uplugin" 355
"../../../Engine/Plugins/Experimental/Water/Water.uplugin" 356
"../../../Engine/Plugins/Experimental/WaterExtras/WaterExtras.uplugin" 357
"../../../Engine/Plugins/Online/OnlineSubsystemFacebook/OnlineSubsystemFacebook.uplugin" 358
"../../../Engine/Plugins/Online/OnlineSubsystemUtils/OnlineSubsystemUtils.uplugin" 359
"../../../Engine/Plugins/Tests/AutomationDriverTests/AutomationDriverTests.uplugin" 360
"../../../Engine/Plugins/Online/SocketSubsystemSteamIP/SocketSubsystemSteamIP.uplugin" 361
"../../../Engine/Plugins/Online/WebAuth/WebAuth.uplugin" 362
"../../../Engine/Plugins/Tests/AudioCQTests/AudioCQTests.uplugin" 363
"../../../Engine/Plugins/Experimental/WebSocketMessaging/WebSocketMessaging.uplugin" 364
"../../../Engine/Plugins/Tests/EditorTests/EditorTests.uplugin" 365
"../../../Engine/Plugins/Tests/FunctionalTestingEditor/FunctionalTestingEditor.uplugin" 366
"../../../Engine/Plugins/Online/SocketSubsystemEOS/SocketSubsystemEOS.uplugin" 367
"../../../Engine/Plugins/Online/OnlineSubsystemApple/OnlineSubsystemApple.uplugin" 368
"../../../Engine/Plugins/Tests/CQTestExperimental/CQTestExperimental.uplugin" 369
"../../../Engine/Plugins/Tests/InterchangeTests/InterchangeTests.uplugin" 370
"../../../Engine/Plugins/Tests/TestFramework/TestFramework.uplugin" 371
"../../../Engine/Plugins/Tests/PythonAutomationTest/PythonAutomationTest.uplugin" 372
"../../../Engine/Plugins/Tests/TestSamples/TestSamples.uplugin" 373
"../../../Engine/Plugins/Online/OnlineServices/OnlineServices.uplugin" 374
"../../../Engine/Plugins/Online/OnlineSubsystemEOS/OnlineSubsystemEOS.uplugin" 375
"../../../Engine/Plugins/Tests/VerseModuleIndependenceB/VerseModuleIndependenceB.uplugin" 376
"../../../Engine/Plugins/VirtualProduction/ActorModifierCore/ActorModifierCore.uplugin" 377
"../../../Engine/Plugins/MetaHuman/MetaHumanLiveLink/MetaHumanLiveLink.uplugin" 378
"../../../Engine/Plugins/Tests/FbxAutomationTestBuilder/FbxAutomationTestBuilder.uplugin" 379
"../../../Engine/Plugins/VirtualProduction/Avalanche/Avalanche.uplugin" 380
"../../../Engine/Plugins/Tests/RuntimeTests/RuntimeTests.uplugin" 381
"../../../Engine/Plugins/Tests/VerseModuleIndependenceA/VerseModuleIndependenceA.uplugin" 382
"../../../Engine/Plugins/Tests/CQTest/CQTest.uplugin" 383
"../../../Engine/Plugins/MetaHuman/MetaHumanCalibrationProcessing/MetaHumanCalibrationProcessing.uplugin" 384
"../../../Engine/Plugins/Tests/RHITests/RHITests.uplugin" 385
"../../../Engine/Plugins/VirtualProduction/AvalancheDataLink/AvalancheDataLink.uplugin" 386
"../../../Engine/Plugins/VirtualProduction/CameraCalibrationCore/CameraCalibrationCore.uplugin" 387
"../../../Engine/Plugins/VirtualProduction/AccumulationDOF/AccumulationDOF.uplugin" 388
"../../../Engine/Plugins/VirtualProduction/CompositePlane/CompositePlane.uplugin" 389
"../../../Engine/Plugins/VirtualProduction/CaptureData/CaptureData.uplugin" 390
"../../../Engine/Plugins/Online/OnlineSubsystem/OnlineSubsystem.uplugin" 391
"../../../Engine/Plugins/VirtualProduction/DataLink/DataLink.uplugin" 392
"../../../Engine/Plugins/VirtualProduction/CameraCalibration/CameraCalibration.uplugin" 393
"../../../Engine/Plugins/VirtualProduction/CustomDetailsView/CustomDetailsView.uplugin" 394
"../../../Engine/Plugins/VirtualProduction/GeometryMask/GeometryMask.uplugin" 395
"../../../Engine/Plugins/VirtualProduction/DataCharts/DataCharts.uplugin" 396
"../../../Engine/Plugins/VirtualProduction/ActorModifier/ActorModifier.uplugin" 397
"../../../Engine/Plugins/VirtualProduction/DynamicMaterial/DynamicMaterial.uplugin" 398
"../../../Engine/Plugins/VirtualProduction/EpicStageApp/EpicStageApp.uplugin" 399
"../../../Engine/Plugins/Tests/CQTestEnhancedInput/CQTestEnhancedInput.uplugin" 400
"../../../Engine/Plugins/VirtualProduction/LiveLinkMasterLockit/LiveLinkMasterLockit.uplugin" 401
"../../../Engine/Plugins/VirtualProduction/LevelSnapshots/LevelSnapshots.uplugin" 402
"../../../Engine/Plugins/VirtualProduction/LensComponent/LensComponent.uplugin" 403
"../../../Engine/Plugins/VirtualProduction/LiveLinkInputDevice/LiveLinkInputDevice.uplugin" 404
"../../../Engine/Plugins/VirtualProduction/DataLinkOAuth/DataLinkOAuth.uplugin" 405
"../../../Engine/Plugins/VirtualProduction/AvalancheSceneState/AvalancheSceneState.uplugin" 406
"../../../Engine/Plugins/VirtualProduction/ICVFX/ICVFX.uplugin" 407
"../../../Engine/Plugins/VirtualProduction/LiveLinkKiProDevice/LiveLinkKiProDevice.uplugin" 408
"../../../Engine/Plugins/VirtualProduction/LiveLinkFreeD/LiveLinkFreeD.uplugin" 409
"../../../Engine/Plugins/VirtualProduction/LiveLinkOBSDevice/LiveLinkOBSDevice.uplugin" 410
"../../../Engine/Plugins/VirtualProduction/LiveLinkLens/LiveLinkLens.uplugin" 411
"../../../Engine/Plugins/VirtualProduction/LiveLinkVRPN/LiveLinkVRPN.uplugin" 412
"../../../Engine/Plugins/VirtualProduction/CameraCalibrationML/CameraCalibrationML.uplugin" 413
"../../../Engine/Plugins/VirtualProduction/LiveLinkOpenTrackIO/LiveLinkOpenTrackIO.uplugin" 414
"../../../Engine/Plugins/VirtualProduction/LiveLinkXR/LiveLinkXR.uplugin" 415
"../../../Engine/Plugins/VirtualProduction/MultiUserTakes/MultiUserTakes.uplugin" 416
"../../../Engine/Plugins/Tests/WidgetAutomationTests/WidgetAutomationTests.uplugin" 417
"../../../Engine/Plugins/VirtualProduction/OperatorStack/OperatorStack.uplugin" 418
"../../../Engine/Plugins/VirtualProduction/ClonerEffector/ClonerEffector.uplugin" 419
"../../../Engine/Plugins/VirtualProduction/SceneStateDataLink/SceneStateDataLink.uplugin" 420
"../../../Engine/Plugins/VirtualProduction/LiveLinkPrestonMDR/LiveLinkPrestonMDR.uplugin" 421
"../../../Engine/Plugins/VirtualProduction/LiveLinkSoundDevice/LiveLinkSoundDevice.uplugin" 422
"../../../Engine/Plugins/VirtualProduction/RemoteControlProtocolDMX/RemoteControlProtocolDMX.uplugin" 423
"../../../Engine/Plugins/VirtualProduction/CinematicAssemblyTools/CinematicAssemblyTools.uplugin" 424
"../../../Engine/Plugins/Online/OnlineSubsystemGoogle/OnlineSubsystemGoogle.uplugin" 425
"../../../Engine/Plugins/VirtualProduction/PropertyAnimatorCore/PropertyAnimatorCore.uplugin" 426
"../../../Engine/Plugins/VirtualProduction/ICVFXTesting/ICVFXTesting.uplugin" 427
"../../../Engine/Plugins/VirtualProduction/PropertyAnimator/PropertyAnimator.uplugin" 428
"../../../Engine/Plugins/VirtualProduction/SequencerPlaylists/SequencerPlaylists.uplugin" 429
"../../../Engine/Plugins/VirtualProduction/PerformanceCaptureWorkflow/PerformanceCaptureWorkflow.uplugin" 430
"../../../Engine/Plugins/VirtualProduction/RemoteControlProtocolMIDI/RemoteControlProtocolMIDI.uplugin" 431
"../../../Engine/Plugins/VirtualProduction/Text3D/Text3D.uplugin" 432
"../../../Engine/Plugins/VirtualProduction/RemoteControlInterception/RemoteControlInterception.uplugin" 433
"../../../Engine/Plugins/VirtualProduction/Takes/Takes.uplugin" 434
"../../../Engine/Plugins/VirtualProduction/RemoteControlWebInterface/RemoteControlWebInterface.uplugin" 435
"../../../Engine/Plugins/VirtualProduction/TimedDataMonitor/TimedDataMonitor.uplugin" 436
"../../../Engine/Plugins/VirtualProduction/VirtualScouting/VirtualScouting.uplugin" 437
"../../../Engine/Plugins/VirtualProduction/RemoteControl/RemoteControl.uplugin" 438
"../../../Engine/Plugins/VirtualProduction/LiveLinkCamera/LiveLinkCamera.uplugin" 439
"../../../Engine/Plugins/NNE/NNEDenoiser/NNEDenoiser.uplugin" 440
"../../../Engine/Plugins/VirtualProduction/StageMonitoring/StageMonitoring.uplugin" 441
"../../../Engine/Plugins/VirtualProduction/RemoteControlProtocolOSC/RemoteControlProtocolOSC.uplugin" 442
"../../../Engine/Plugins/VirtualProduction/ViewportWidgetOverlay/ViewportWidgetOverlay.uplugin" 443
"../../../Engine/Plugins/VirtualProduction/VirtualCameraCore/VirtualCameraCore.uplugin" 444
"../../../Engine/Plugins/Runtime/AndroidBackgroundService/AndroidBackgroundService.uplugin" 445
"../../../Engine/Plugins/VirtualProduction/StormSyncAvalancheBridge/StormSyncAvalancheBridge.uplugin" 446
"../../../Engine/Plugins/VirtualProduction/Switchboard/Switchboard.uplugin" 447
"../../../Engine/Plugins/VirtualProduction/VirtualCamera/VirtualCamera.uplugin" 448
"../../../Engine/Plugins/Runtime/AndroidFileServer/AndroidFileServer.uplugin" 449
"../../../Engine/Plugins/VirtualProduction/TextureShare/TextureShare.uplugin" 450
"../../../Engine/Plugins/Protocols/MQTT/MQTT.uplugin" 451
"../../../Engine/Plugins/Runtime/AppleMoviePlayer/AppleMoviePlayer.uplugin" 452
"../../../Engine/Plugins/Runtime/AndroidPermission/AndroidPermission.uplugin" 453
"../../../Engine/Plugins/Runtime/ADM/ADM.uplugin" 454
"../../../Engine/Plugins/Runtime/AnimationBudgetAllocator/AnimationBudgetAllocator.uplugin" 455
"../../../Engine/Plugins/Runtime/ActorLayerUtilities/ActorLayerUtilities.uplugin" 456
"../../../Engine/Plugins/Runtime/AudioCapture/AudioCapture.uplugin" 457
"../../../Engine/Plugins/Runtime/AndroidMoviePlayer/AndroidMoviePlayer.uplugin" 458
"../../../Engine/Plugins/Runtime/ArchVisCharacter/ArchVisCharacter.uplugin" 459
"../../../Engine/Plugins/VirtualProduction/StormSync/StormSync.uplugin" 460
"../../../Engine/Plugins/Runtime/AppleImageUtils/AppleImageUtils.uplugin" 461
"../../../Engine/Plugins/Runtime/AudioSynesthesia/AudioSynesthesia.uplugin" 462
"../../../Engine/Plugins/Runtime/ChunkDownloader/ChunkDownloader.uplugin" 463
"../../../Engine/Plugins/Runtime/AudioModulation/AudioModulation.uplugin" 464
"../../../Engine/Plugins/Runtime/AudioWidgets/AudioWidgets.uplugin" 465
"../../../Engine/Plugins/VirtualProduction/SVGImporter/SVGImporter.uplugin" 466
"../../../Engine/Plugins/Runtime/CustomMeshComponent/CustomMeshComponent.uplugin" 467
"../../../Engine/Plugins/Runtime/ExternalGPUStatistics/ExternalGPUStatistics.uplugin" 468
"../../../Engine/Plugins/Runtime/ApexDestruction/ApexDestruction.uplugin" 469
"../../../Engine/Plugins/Runtime/DataRegistry/DataRegistry.uplugin" 470
"../../../Engine/Plugins/Runtime/Firebase/Firebase.uplugin" 471
"../../../Engine/Plugins/Runtime/GameFeatures/GameFeatures.uplugin" 472
"../../../Engine/Plugins/Runtime/AudioMotorSim/AudioMotorSim.uplugin" 473
"../../../Engine/Plugins/VirtualProduction/SceneState/SceneState.uplugin" 474
"../../../Engine/Plugins/Runtime/GeometryProcessing/GeometryProcessing.uplugin" 475
"../../../Engine/Plugins/Runtime/GooglePAD/GooglePAD.uplugin" 476
"../../../Engine/Plugins/Runtime/CommonUI/CommonUI.uplugin" 477
"../../../Engine/Plugins/Runtime/ExampleDeviceProfileSelector/ExampleDeviceProfileSelector.uplugin" 478
"../../../Engine/Plugins/Runtime/GameplayInteractions/GameplayInteractions.uplugin" 479
"../../../Engine/Plugins/Runtime/GameInput/GameInput.uplugin" 480
"../../../Engine/Plugins/Runtime/GoogleCloudMessaging/GoogleCloudMessaging.uplugin" 481
"../../../Engine/Plugins/Runtime/GameplayBehaviorSmartObjects/GameplayBehaviorSmartObjects.uplugin" 482
"../../../Engine/Plugins/Runtime/GameplayStateTree/GameplayStateTree.uplugin" 483
"../../../Engine/Plugins/Runtime/AssetTags/AssetTags.uplugin" 484
"../../../Engine/Plugins/Runtime/HairStrands/HairStrands.uplugin" 485
"../../../Engine/Plugins/NNE/NNERuntimeORT/NNERuntimeORT.uplugin" 486
"../../../Engine/Plugins/Runtime/CableComponent/CableComponent.uplugin" 487
"../../../Engine/Plugins/Runtime/Harmonix/Harmonix.uplugin" 488
"../../../Engine/Plugins/Runtime/GameplayAbilities/GameplayAbilities.uplugin" 489
"../../../Engine/Plugins/Runtime/HDRIBackdrop/HDRIBackdrop.uplugin" 490
"../../../Engine/Plugins/Runtime/CelestialVault/CelestialVault.uplugin" 491
"../../../Engine/Plugins/Runtime/LinuxDeviceProfileSelector/LinuxDeviceProfileSelector.uplugin" 492
"../../../Engine/Plugins/Runtime/LocationServicesIOSImpl/LocationServicesIOSImpl.uplugin" 493
"../../../Engine/Plugins/Runtime/LocationServicesAndroidImpl/LocationServicesAndroidImpl.uplugin" 494
"../../../Engine/Plugins/Runtime/GeoReferencing/GeoReferencing.uplugin" 495
"../../../Engine/Plugins/Runtime/ComputeFramework/ComputeFramework.uplugin" 496
"../../../Engine/Plugins/Runtime/MassGameplay/MassGameplay.uplugin" 497
"../../../Engine/Plugins/Runtime/InputDebugging/InputDebugging.uplugin" 498
"../../../Engine/Plugins/Runtime/HTTPChunkInstaller/HTTPChunkInstaller.uplugin" 499
"../../../Engine/Plugins/Runtime/AndroidDeviceProfileSelector/AndroidDeviceProfileSelector.uplugin" 500
"../../../Engine/Plugins/Runtime/HPMotionController/HPMotionController.uplugin" 501
"../../../Engine/Plugins/Runtime/GeometryCache/GeometryCache.uplugin" 502
"../../../Engine/Plugins/Runtime/IOSReplayKit/IOSReplayKit.uplugin" 503
"../../../Engine/Plugins/Runtime/GeometryScripting/GeometryScripting.uplugin" 504
"../../../Engine/Plugins/Runtime/LevelStreamingPersistence/LevelStreamingPersistence.uplugin" 505
"../../../Engine/Plugins/Runtime/NetworkPrediction/NetworkPrediction.uplugin" 506
"../../../Engine/Plugins/Runtime/MsQuic/MsQuic.uplugin" 507
"../../../Engine/Plugins/Runtime/LiveLinkOvernDisplay/LiveLinkOverNDisplay.uplugin" 508
"../../../Engine/Plugins/Runtime/LocationServicesBPLibrary/LocationServicesBPLibrary.uplugin" 509
"../../../Engine/Plugins/Runtime/InstancedActors/InstancedActors.uplugin" 510
"../../../Engine/Plugins/Runtime/NetworkPredictionInsights/NetworkPredictionInsights.uplugin" 511
"../../../Engine/Plugins/Runtime/MeshModelingToolset/MeshModelingToolset.uplugin" 512
"../../../Engine/Plugins/Runtime/OpenXRHandTracking/OpenXRHandTracking.uplugin" 513
"../../../Engine/Plugins/Runtime/MicrosoftSpatialAudio/MicroSoftSpatialSound.uplugin" 514
"../../../Engine/Plugins/Runtime/OpenXRViveTracker/OpenXRViveTracker.uplugin" 515
"../../../Engine/Plugins/Runtime/MIDIDevice/MIDIDevice.uplugin" 516
"../../../Engine/Plugins/Runtime/Metasound/Metasound.uplugin" 517
"../../../Engine/Plugins/Runtime/OpenCV/OpenCV.uplugin" 518
"../../../Engine/Plugins/Runtime/ModelViewViewModel/ModelViewViewModel.uplugin" 519
"../../../Engine/Plugins/Runtime/PreLoadScreenMoviePlayer/PreLoadScreenMoviePlayer.uplugin" 520
"../../../Engine/Plugins/Runtime/ModularViewports/ModularViewports.uplugin" 521
"../../../Engine/Plugins/Runtime/MixedRealityCaptureFramework/MixedRealityCaptureFramework.uplugin" 522
"../../../Engine/Plugins/Runtime/NavCorridor/NavCorridor.uplugin" 523
"../../../Engine/Plugins/Runtime/OptionalMobileFeaturesBPLibrary/OptionalMobileFeaturesBPLibrary.uplugin" 524
"../../../Engine/Plugins/Runtime/MobilePatchingUtils/MobilePatchingUtils.uplugin" 525
"../../../Engine/Plugins/Runtime/ModularGameplay/ModularGameplay.uplugin" 526
"../../../Engine/Plugins/Runtime/PropertyAccess/PropertyAccessEditor.uplugin" 527
"../../../Engine/Plugins/Runtime/OpenXREyeTracker/OpenXREyeTracker.uplugin" 528
"../../../Engine/Plugins/Runtime/OpenXRMsftHandInteraction/OpenXRMsftHandInteraction.uplugin" 529
"../../../Engine/Plugins/Runtime/OSC/OSC.uplugin" 530
"../../../Engine/Plugins/Runtime/ReplicationSystemTestPlugin/ReplicationSystemTestPlugin.uplugin" 531
"../../../Engine/Plugins/Runtime/ScriptableToolsFramework/ScriptableToolsFramework.uplugin" 532
"../../../Engine/Plugins/Runtime/ReplicationGraph/ReplicationGraph.uplugin" 533
"../../../Engine/Plugins/Runtime/ResonanceAudio/ResonanceAudio.uplugin" 534
"../../../Engine/Plugins/Runtime/OpenXR/OpenXR.uplugin" 535
"../../../Engine/Plugins/Runtime/PICOController/PICOController.uplugin" 536
"../../../Engine/Plugins/Runtime/nDisplay/nDisplay.uplugin" 537
"../../../Engine/Plugins/Runtime/nDisplayModularFeatures/nDisplayModularFeatures.uplugin" 538
"../../../Engine/Plugins/Runtime/PropertyBindingUtils/PropertyBindingUtils.uplugin" 539
"../../../Engine/Plugins/Runtime/SmartObjects/SmartObjects.uplugin" 540
"../../../Engine/Plugins/Runtime/Soundscape/Soundscape.uplugin" 541
"../../../Engine/Plugins/Runtime/MultiServerReplication/MultiServerReplication.uplugin" 542
"../../../Engine/Plugins/Runtime/SunPosition/SunPosition.uplugin" 543
"../../../Engine/Plugins/Runtime/ProceduralMeshComponent/ProceduralMeshComponent.uplugin" 544
"../../../Engine/Plugins/Runtime/RigVM/RigVM.uplugin" 545
"../../../Engine/Plugins/Runtime/SoundCueTemplates/SoundCueTemplates.uplugin" 546
"../../../Engine/Plugins/Runtime/SkeletalMerging/SkeletalMerging.uplugin" 547
"../../../Engine/Plugins/Runtime/StateTree/StateTree.uplugin" 548
"../../../Engine/Plugins/Runtime/WaveTable/WaveTable.uplugin" 549
"../../../Engine/Plugins/Runtime/WorldConditions/WorldConditions.uplugin" 550
"../../../Engine/Plugins/Runtime/Synthesis/Synthesis.uplugin" 551
"../../../Engine/Plugins/Runtime/WebBrowserWidget/WebBrowserWidget.uplugin" 552
"../../../Engine/Plugins/Runtime/NetworkPredictionExtras/NetworkPredictionExtras.uplugin" 553
"../../../Engine/Plugins/Runtime/SoundFields/SoundFields.uplugin" 554
"../../../Engine/Plugins/Runtime/WindowsDeviceProfileSelector/WindowsDeviceProfileSelector.uplugin" 555
"../../../Engine/Plugins/Runtime/WindowsMoviePlayer/WindowsMoviePlayer.uplugin" 556
"../../../Engine/Plugins/Runtime/USDCore/USDCore.uplugin" 557
"../../../Engine/Plugins/Runtime/IOSDeviceProfileSelector/IOSDeviceProfileSelector.uplugin" 558
"../../../Engine/Plugins/AI/AISupport/AISupport.uplugin" 559
"../../../Engine/Plugins/Runtime/XRBase/XRBase.uplugin" 560
"../../../Engine/Plugins/AI/MassAI/MassAI.uplugin" 561
"../../../Engine/Plugins/Runtime/SignificanceManager/SignificanceManager.uplugin" 562
"../../../Engine/Plugins/AI/HTNPlanner/HTNPlanner.uplugin" 563
"../../../Engine/Plugins/Animation/ACLPlugin/ACLPlugin.uplugin" 564
"../../../Engine/Plugins/Runtime/RenderTrace/RenderTrace.uplugin" 565
"../../../Engine/Plugins/Animation/AnimationModifierLibrary/AnimationModifierLibrary.uplugin" 566
"../../../Engine/Plugins/Web/HttpBlueprint/HttpBlueprint.uplugin" 567
"../../../Engine/Plugins/Runtime/MusicEnvironment/MusicEnvironment.uplugin" 568
"../../../Engine/Plugins/Runtime/WebMMoviePlayer/WebMMoviePlayer.uplugin" 569
"../../../Engine/Plugins/Animation/BlendStack/BlendStack.uplugin" 570
"../../../Engine/Plugins/AI/MLAdapter/MLAdapter.uplugin" 571
"../../../Engine/Plugins/Animation/AnimationLocomotionLibrary/AnimationLocomotionLibrary.uplugin" 572
"../../../Engine/Plugins/Runtime/ZoneGraph/ZoneGraph.uplugin" 573
"../../../Engine/Plugins/Animation/AnimatorKit/AnimatorKit.uplugin" 574
"../../../Engine/Plugins/Animation/GeneSplicer/GeneSplicer.uplugin" 575
"../../../Engine/Plugins/Runtime/SoundUtilities/SoundUtilities.uplugin" 576
"../../../Engine/Plugins/Runtime/ZoneGraphAnnotations/ZoneGraphAnnotations.uplugin" 577
"../../../Engine/Plugins/AI/EnvironmentQueryEditor/EnvironmentQueryEditor.uplugin" 578
"../../../Engine/Plugins/Animation/BlendSpaceMotionAnalysis/BlendSpaceMotionAnalysis.uplugin" 579
"../../../Engine/Plugins/Animation/ControlRig/ControlRig.uplugin" 580
"../../../Engine/Plugins/Runtime/SoundMod/SoundMod.uplugin" 581
"../../../Engine/Plugins/Animation/ControlRigModules/ControlRigModules.uplugin" 582
"../../../Engine/Plugins/Animation/DNACalib/DNACalib.uplugin" 583
"../../../Engine/Plugins/Animation/GameplayInsights/GameplayInsights.uplugin" 584
"../../../Engine/Plugins/Animation/EaseCurveTool/EaseCurveTool.uplugin" 585
"../../../Engine/Plugins/Animation/DeformerGraph/DeformerGraph.uplugin" 586
"../../../Engine/Plugins/Runtime/WarpUtils/WarpUtils.uplugin" 587
"../../../Engine/Plugins/Animation/LiveLinkHub/LiveLinkHub.uplugin" 588
"../../../Engine/Plugins/Animation/AnimationWarping/AnimationWarping.uplugin" 589
"../../../Engine/Plugins/Animation/LiveLinkUnrealDevice/LiveLinkUnrealDevice.uplugin" 590
"../../../Engine/Plugins/Animation/ControlRigSpline/ControlRigSpline.uplugin" 591
"../../../Engine/Plugins/Animation/LiveLink/LiveLink.uplugin" 592
"../../../Engine/Plugins/Animation/MotionWarping/MotionWarping.uplugin" 593
"../../../Engine/Plugins/Animation/PoseSearch/PoseSearch.uplugin" 594
"../../../Engine/Plugins/Runtime/Spatialization/Spatialization.uplugin" 595
"../../../Engine/Plugins/Animation/SkeletalMeshModelingTools/SkeletalMeshModelingTools.uplugin" 596
"../../../Engine/Plugins/Developer/DumpGPUServices/DumpGPUServices.uplugin" 597
"../../../Engine/Plugins/Animation/LiveLinkDevice/LiveLinkDevice.uplugin" 598
"../../../Engine/Plugins/Developer/GPUReshape/GPUReshape.uplugin" 599
"../../../Engine/Plugins/AI/MassCrowd/MassCrowd.uplugin" 600
"../../../Engine/Plugins/Developer/DirectoryPlaceholder/DirectoryPlaceholder.uplugin" 601
"../../../Engine/Plugins/Animation/AnimationData/AnimationData.uplugin" 602
"../../../Engine/Plugins/Animation/RigLogic/RigLogic.uplugin" 603
"../../../Engine/Plugins/Animation/TweeningUtils/TweeningUtils.uplugin" 604
"../../../Engine/Plugins/2D/Paper2D/Paper2D.uplugin" 605
"../../../Engine/Plugins/Developer/GitSourceControl/GitSourceControl.uplugin" 606
"../../../Engine/Plugins/Animation/LiveLinkCurveDebugUI/LiveLinkCurveDebugUI.uplugin" 607
"../../../Engine/Plugins/Animation/PhysicsControl/PhysicsControl.uplugin" 608
"../../../Engine/Plugins/Developer/CodeLiteSourceCodeAccess/CodeLiteSourceCodeAccess.uplugin" 609
"../../../Engine/Plugins/Developer/NullSourceCodeAccess/NullSourceCodeAccess.uplugin" 610
"../../../Engine/Plugins/Developer/OneSkyLocalizationService/OneSkyLocalizationService.uplugin" 611
"../../../Engine/Plugins/Developer/FieldNotificationTrace/FieldNotificationTrace.uplugin" 612
"../../../Engine/Plugins/Runtime/WebBrowserNativeProxy/WebBrowserNativeProxy.uplugin" 613
"../../../Engine/Plugins/Developer/BlankPlugin/BlankPlugin.uplugin" 614
"../../../Engine/Plugins/Animation/IKRig/IKRig.uplugin" 615
"../../../Engine/Plugins/Developer/PluginUtils/PluginUtils.uplugin" 616
"../../../Engine/Plugins/Developer/RenderDocPlugin/RenderDocPlugin.uplugin" 617
"../../../Engine/Plugins/Developer/ProjectLauncher/ProjectLauncher.uplugin" 618
"../../../Engine/Plugins/Developer/NamingTokens/NamingTokens.uplugin" 619
"../../../Engine/Plugins/Developer/PixWinPlugin/PixWinPlugin.uplugin" 620
"../../../Engine/Plugins/Developer/N10XSourceCodeAccess/N10XSourceCodeAccess.uplugin" 621
"../../../Engine/Plugins/Developer/PerforceSourceControl/PerforceSourceControl.uplugin" 622
"../../../Engine/Plugins/Developer/KDevelopSourceCodeAccess/KDevelopSourceCodeAccess.uplugin" 623
"../../../Engine/Plugins/Developer/PropertyAccessNode/PropertyAccessNode.uplugin" 624
"../../../Engine/Plugins/Developer/TraceSourceFiltering/TraceSourceFilters.uplugin" 625
"../../../Engine/Plugins/Interchange/Assets/InterchangeAssets.uplugin" 626
"../../../Engine/Plugins/Animation/LiveLinkExampleDevice/LiveLinkExampleDevice.uplugin" 627
"../../../Engine/Plugins/Importers/USDImporter/USDImporter.uplugin" 628
"../../../Engine/Plugins/Importers/USDImporterMDL/USDImporterMDL.uplugin" 629
"../../../Engine/Plugins/Interchange/Editor/InterchangeEditor.uplugin" 630
"../../../Engine/Plugins/Developer/UObjectPlugin/UObjectPlugin.uplugin" 631
"../../../Engine/Plugins/Animation/PerformanceCaptureCore/PerformanceCaptureCore.uplugin" 632
"../../../Engine/Plugins/Importers/AlembicHairImporter/AlembicHairImporter.uplugin" 633
"../../../Engine/Plugins/Media/AjaMedia/AjaMedia.uplugin" 634
"../../../Engine/Plugins/Developer/CLionSourceCodeAccess/CLionSourceCodeAccess.uplugin" 635
"../../../Engine/Plugins/Developer/AnimationSharing/AnimationSharing.uplugin" 636
"../../../Engine/Plugins/Developer/PlasticSourceControl/PlasticSourceControl.uplugin" 637
"../../../Engine/Plugins/Developer/RiderSourceCodeAccess/RiderSourceCodeAccess.uplugin" 638
"../../../Engine/Plugins/Developer/ShaderToolkit/ShaderToolkit.uplugin" 639
"../../../Engine/Plugins/Media/AndroidCamera/AndroidCamera.uplugin" 640
"../../../Engine/Plugins/Media/AndroidMedia/AndroidMedia.uplugin" 641
"../../../Engine/Plugins/Media/AV1DecoderElectra/AV1DecoderElectra.uplugin" 642
"../../../Engine/Plugins/Interchange/Runtime/Interchange.uplugin" 643
"../../../Engine/Plugins/Media/AppleProResMedia/AppleProResMedia.uplugin" 644
"../../../Engine/Plugins/Media/AvidDNxHDDecoderElectra/AvidDNxHDDecoderElectra.uplugin" 645
"../../../Engine/Plugins/Developer/SubversionSourceControl/SubversionSourceControl.uplugin" 646
"../../../Engine/Plugins/Developer/VisualStudioCodeSourceCodeAccess/VisualStudioCodeSourceCodeAccess.uplugin" 647
"../../../Engine/Plugins/Media/AudioCaptureTimecodeProvider/AudioCaptureTimecodeProvider.uplugin" 648
"../../../Engine/Plugins/Developer/XCodeSourceCodeAccess/XCodeSourceCodeAccess.uplugin" 649
"../../../Engine/Plugins/Importers/USDMultiUser/USDMultiUser.uplugin" 650
"../../../Engine/Plugins/Media/D3D12VideoDecodersElectra/D3D12VideoDecodersElectra.uplugin" 651
"../../../Engine/Plugins/Media/ElectraSubtitles/ElectraSubtitles.uplugin" 652
"../../../Engine/Plugins/Developer/XcodeGPUDebuggerPlugin/XcodeGPUDebuggerPlugin.uplugin" 653
"../../../Engine/Plugins/Animation/LiveLinkGenericRecordingDevice/LiveLinkGenericRecordingDevice.uplugin" 654
"../../../Engine/Plugins/Media/APVDecoderElectra/APVDecoderElectra.uplugin" 655
"../../../Engine/Plugins/Media/FlacDecoderElectra/FlacDecoderElectra.uplugin" 656
"../../../Engine/Plugins/Media/ElectraCodecs/ElectraCodecs.uplugin" 657
"../../../Engine/Plugins/Importers/AlembicImporter/AlembicImporter.uplugin" 658
"../../../Engine/Plugins/Media/MediaCompositing/MediaCompositing.uplugin" 659
"../../../Engine/Plugins/Developer/VisualStudioSourceCodeAccess/VisualStudioSourceCodeAccess.uplugin" 660
"../../../Engine/Plugins/Media/MediaPlayerEditor/MediaPlayerEditor.uplugin" 661
"../../../Engine/Plugins/Media/BinkMedia/BinkMedia.uplugin" 662
"../../../Engine/Plugins/Developer/TextureFormatOodle/TextureFormatOodle.uplugin" 663
"../../../Engine/Plugins/Media/MP4Utilities/MP4Utilities.uplugin" 664
"../../../Engine/Plugins/Media/ImgMedia/ImgMedia.uplugin" 665
"../../../Engine/Plugins/Media/MediaIOFramework/MediaIOFramework.uplugin" 666
"../../../Engine/Plugins/Media/AppleProResDecoderElectra/AppleProResDecoderElectra.uplugin" 667
"../../../Engine/Plugins/Media/MJPEGDecoderElectra/MJPEGDecoderElectra.uplugin" 668
"../../../Engine/Plugins/Media/MediaMovieStreamer/MediaMovieStreamer.uplugin" 669
"../../../Engine/Plugins/Media/MediaProfile/MediaProfile.uplugin" 670
"../../../Engine/Plugins/Media/ElectraUtil/ElectraUtil.uplugin" 671
"../../../Engine/Plugins/Media/MediaFrameworkUtilities/MediaFrameworkUtilities.uplugin" 672
"../../../Engine/Plugins/Media/LinearTimecode/LinearTimecode.uplugin" 673
"../../../Engine/Plugins/Media/HAPMedia/HAPMedia.uplugin" 674
"../../../Engine/Plugins/Media/HardwareEncoders/HardwareEncoders.uplugin" 675
"../../../Engine/Plugins/Media/PixelStreaming/PixelStreaming.uplugin" 676
"../../../Engine/Plugins/Media/RTSPMedia/RTSPMedia.uplugin" 677
"../../../Engine/Plugins/Media/MfMedia/MfMedia.uplugin" 678
"../../../Engine/Plugins/Media/NVDECElectra/NVDECElectra.uplugin" 679
"../../../Engine/Plugins/Media/ElectraPlayer/ElectraPlayer.uplugin" 680
"../../../Engine/Plugins/Media/BlackmagicMedia/BlackmagicMedia.uplugin" 681
"../../../Engine/Plugins/Media/PixelStreaming2/PixelStreaming2.uplugin" 682
"../../../Engine/Plugins/Media/AvidDNxMedia/AvidDNxMedia.uplugin" 683
"../../../Engine/Plugins/Media/HAPDecoderElectra/HAPDecoderElectra.uplugin" 684
"../../../Engine/Plugins/Media/VPxDecoderElectra/VPxDecoderElectra.uplugin" 685
"../../../Engine/Plugins/Media/OpusDecoderElectra/OpusDecoderElectra.uplugin" 686
"../../../Engine/Plugins/Media/WmfMedia/WmfMedia.uplugin" 687
"../../../Engine/Plugins/Messaging/MessagingDebugger/MessagingDebugger.uplugin" 688
"../../../Engine/Plugins/Media/MediaPlate/MediaPlate.uplugin" 689
"../../../Engine/Plugins/Media/MediaViewer/MediaViewer.uplugin" 690
"../../../Engine/Plugins/MovieScene/LevelSequenceEditor/LevelSequenceEditor.uplugin" 691
"../../../Engine/Plugins/MovieScene/CustomizableSequencerTracks/CustomizableSequencerTracks.uplugin" 692
"../../../Engine/Plugins/Media/TmvMediaUtils/TmvMediaUtils.uplugin" 693
"../../../Engine/Plugins/Media/AvfMedia/AvfMedia.uplugin" 694
"../../../Engine/Plugins/Media/TimecodeSynchronizer/TimecodeSynchronizer.uplugin" 695
"../../../Engine/Plugins/Messaging/TcpMessaging/TcpMessaging.uplugin" 696
"../../../Engine/Plugins/Messaging/MessagingInsights/MessagingInsights.uplugin" 697
"../../../Engine/Plugins/Media/PixelCapture/PixelCapture.uplugin" 698
"../../../Engine/Plugins/MovieScene/ActorSequence/ActorSequence.uplugin" 699
"../../../Engine/Plugins/Media/WebMMedia/WebMMedia.uplugin" 700
"../../../Engine/Plugins/MovieScene/MovieSceneTextTrack/MovieSceneTextTrack.uplugin" 701
"../../../Engine/Plugins/MovieScene/CinematicPrestreaming/CinematicPrestreaming.uplugin" 702
"../../../Engine/Plugins/Performance/PerformanceMonitor/PerformanceMonitor.uplugin" 703
"../../../Engine/Plugins/Media/ElectraCDM/ElectraCDM.uplugin" 704
"../../../Engine/Plugins/MovieScene/TemplateSequence/TemplateSequence.uplugin" 705
"../../../Engine/Plugins/MovieScene/MoviePipelineMaskRenderPass/MoviePipelineMaskRenderPass.uplugin" 706
"../../../Engine/Plugins/MovieScene/MovieRenderPipeline/MovieRenderPipeline.uplugin" 707
"../../../Engine/Plugins/Performance/AutomatedPerfTestTools/AutomatedPerfTestTools.uplugin" 708
"../../../Engine/Plugins/Messaging/UdpMessaging/UdpMessaging.uplugin" 709
"../../../Engine/Plugins/Portal/LauncherChunkInstaller/LauncherChunkInstaller.uplugin" 710
"../../../Engine/Plugins/Performance/AutomatedPerfTesting/AutomatedPerfTesting.uplugin" 711
"../../../Engine/Plugins/Editor/ObjectMixer/ObjectMixer/ObjectMixer.uplugin" 712
"../../../Engine/Plugins/VirtualProduction/CaptureManager/CaptureManagerCore/CaptureManagerCore.uplugin" 713
"../../../Engine/Plugins/Experimental/NNE/NNEModelTests/NNEModelTests.uplugin" 714
"../../../Engine/Plugins/VirtualProduction/CaptureManager/CaptureManagerEditor/CaptureManagerEditor.uplugin" 715
"../../../Engine/Plugins/MovieScene/SequencerScripting/SequencerScripting.uplugin" 716
"../../../Engine/Plugins/Experimental/AVCodecs/NVCodecs/NVCodecs.uplugin" 717
"../../../Engine/Plugins/MovieScene/SequenceValidator/SequenceValidator.uplugin" 718
"../../../Engine/Plugins/Experimental/AVCodecs/AVCodecsCore/AVCodecsCore.uplugin" 719
"../../../Engine/Plugins/Experimental/UAF/UAF/UAF.uplugin" 720
"../../../Engine/Plugins/Media/NDIMedia/NDIMedia.uplugin" 721
"../../../Engine/Plugins/VirtualProduction/CaptureManager/CaptureManagerApp/CaptureManagerApp.uplugin" 722
"../../../Engine/Plugins/Experimental/AVCodecs/WMFCodecs/WMFCodecs.uplugin" 723
"../../../Engine/Plugins/Experimental/UAF/UAFControlRig/UAFControlRig.uplugin" 724
"../../../Engine/Plugins/Experimental/UAF/UAFAnimGraph/UAFAnimGraph.uplugin" 725
"../../../Engine/Plugins/Experimental/AVCodecs/AMFCodecs/AMFCodecs.uplugin" 726
"../../../Engine/Plugins/Experimental/AVCodecs/VTCodecs/VTCodecs.uplugin" 727
"../../../Engine/Plugins/Experimental/UAF/UAFLayering/UAFLayering.uplugin" 728
"../../../Engine/Plugins/MovieScene/ReplayTracks/ReplayTracks.uplugin" 729
"../../../Engine/Plugins/Experimental/UAF/UAFPoseSearch/UAFPoseSearch.uplugin" 730
"../../../Engine/Plugins/Editor/Localization/PortableObjectFileDataSource/PortableObjectFileDataSource.uplugin" 731
"../../../Engine/Plugins/Experimental/AVCodecs/LibVpxCodecs/LibVpxCodecs.uplugin" 732
"../../../Engine/Plugins/Runtime/Windows/MSGamingRuntime/MSGamingRuntime.uplugin" 733
"../../../Engine/Plugins/Editor/ObjectMixer/LightMixer/LightMixer.uplugin" 734
"../../../Engine/Plugins/Experimental/UAF/UAFWarping/UAFWarping.uplugin" 735
"../../../Engine/Plugins/Developer/Sandbox/SandboxedEditing/SandboxedEditing.uplugin" 736
"../../../Engine/Plugins/Experimental/UAF/UAFAnimNode/UAFAnimNode.uplugin" 737
"../../../Engine/Plugins/Runtime/Windows/WinVirtualKeyboard/WinVirtualKeyboard.uplugin" 738
"../../../Engine/Plugins/VirtualProduction/CaptureManager/CaptureManagerDevices/CaptureManagerDevices.uplugin" 739
"../../../Engine/Plugins/Interchange/Extensions/OpenUSD/InterchangeOpenUSD.uplugin" 740
"../../../Engine/Plugins/Runtime/Windows/MSGameStore/MSGameStore.uplugin" 741
"../../../Engine/Plugins/Runtime/Windows/MSGameOSSSelector/MSGameOSSSelector.uplugin" 742
"../../../Engine/Plugins/Interchange/Extensions/ChaosClothAsset/InterchangeChaosClothAsset.uplugin" 743
"../../../Engine/Plugins/Experimental/Animation/AnimDatabase/AnimDatabase.uplugin" 744
"../../../Engine/Plugins/Interchange/Extensions/OpenUSDChaosClothAsset/InterchangeOpenUSDChaosClothAsset.uplugin" 745
"../../../Engine/Plugins/Experimental/Animation/HierarchyTable/HierarchyTable.uplugin" 746
"../../../Engine/Plugins/Experimental/UAF/UAFMass/UAFMass.uplugin" 747
"../../../Engine/Plugins/Experimental/Animation/Locomotor/Locomotor.uplugin" 748
"../../../Engine/Plugins/Runtime/Windows/WinDualShock/WinDualShock.uplugin" 749
"../../../Engine/Plugins/Experimental/UAF/UAFChooser/UAFChooser.uplugin" 750
"../../../Engine/Plugins/Online/IOS/OnlineSubsystemIOS/OnlineSubsystemIOS.uplugin" 751
"../../../Engine/Plugins/Experimental/Animation/AnimationLayering/AnimationLayering.uplugin" 752
"../../../Engine/Plugins/Runtime/Windows/XInputDevice/XInputDevice.uplugin" 753
"../../../Engine/Plugins/Experimental/Animation/CurveExpression/CurveExpression.uplugin" 754
"../../../Engine/Plugins/Experimental/Animation/ContextualAnimation/ContextualAnimation.uplugin" 755
"../../../Engine/Plugins/Experimental/Animation/RelativeIKOp/RelativeIKOp.uplugin" 756
"../../../Engine/Plugins/Experimental/Animation/RigMapper/RigMapper.uplugin" 757
"../../../Engine/Plugins/Experimental/Animation/Scribble/Scribble.uplugin" 758
"../../../Engine/Plugins/Experimental/UAF/UAFMirroring/UAFMirroring.uplugin" 759
"../../../Engine/Plugins/Experimental/Animation/MotionTrajectory/MotionTrajectory.uplugin" 760
"../../../Engine/Plugins/Interchange/Extensions/OpenVDB/InterchangeOpenVDB.uplugin" 761
"../../../Engine/Plugins/Media/TmvMedia/TmvMedia.uplugin" 762
"../../../Engine/Plugins/Experimental/Animation/AnimGen/AnimGen.uplugin" 763
"../../../Engine/Plugins/Experimental/Animation/TrajectoryTools/TrajectoryTools.uplugin" 764
"../../../Engine/Plugins/Experimental/UAF/UAFTestSuites/UAFTestSuites.uplugin" 765
"../../../Engine/Plugins/Experimental/Animation/HierarchyTableAnimation/HierarchyTableAnimation.uplugin" 766
"../../../Engine/Plugins/Experimental/Toolsets/ConversationToolset/ConversationToolset.uplugin" 767
"../../../Engine/Plugins/Experimental/Toolsets/AnimationAssistantToolset/AnimationAssistantToolset.uplugin" 768
"../../../Engine/Plugins/Experimental/UAF/UAFSharedAssets/UAFSharedAssets.uplugin" 769
"../../../Engine/Plugins/Experimental/Animation/Optimus/Optimus.uplugin" 770
"../../../Engine/Plugins/Developer/Sandbox/FileSandbox/FileSandbox.uplugin" 771
"../../../Engine/Plugins/Experimental/Toolsets/ConfigSettingsToolset/ConfigSettingsToolset.uplugin" 772
"../../../Engine/Plugins/Experimental/Toolsets/AIModuleToolset/AIModuleToolset.uplugin" 773
"../../../Engine/Plugins/Experimental/Toolsets/GameplayTagsToolset/GameplayTagsToolset.uplugin" 774
"../../../Engine/Plugins/Experimental/Toolsets/AllToolsets/AllToolsets.uplugin" 775
"../../../Engine/Plugins/Experimental/Microsoft/GDKPlatformDLC/GDKPlatformDLC.uplugin" 776
"../../../Engine/Plugins/Experimental/Toolsets/LiveCodingToolset/LiveCodingToolset.uplugin" 777
"../../../Engine/Plugins/Experimental/Animation/RigMapperOp/RigMapperOp.uplugin" 778
"../../../Engine/Plugins/Experimental/Toolsets/GASToolsets/GASToolsets.uplugin" 779
"../../../Engine/Plugins/Experimental/Toolsets/NiagaraToolsets/NiagaraToolsets.uplugin" 780
"../../../Engine/Plugins/Experimental/Toolsets/GameFeaturesToolset/GameFeaturesToolset.uplugin" 781
"../../../Engine/Plugins/Experimental/Toolsets/MCPClientToolset/MCPClientToolset.uplugin" 782
"../../../Engine/Plugins/Experimental/Toolsets/SlateInspectorToolset/SlateInspectorToolset.uplugin" 783
"../../../Engine/Plugins/Experimental/Toolsets/DataflowAgent/DataflowAgent.uplugin" 784
"../../../Engine/Plugins/Experimental/Animation/DirectMeshControl/DirectMeshControl.uplugin" 785
"../../../Engine/Plugins/Experimental/Animation/SkeletalMeshMorphTargetEditingTools/SkeletalMeshMorphTargetEditingTools.uplugin" 786
"../../../Engine/Plugins/Experimental/Toolsets/PCGToolset/PCGToolset.uplugin" 787
"../../../Engine/Plugins/Online/Microsoft/OnlineServicesXbl/OnlineServicesXbl.uplugin" 788
"../../../Engine/Plugins/Experimental/UAF/UAFStateTree/UAFStateTree.uplugin" 789
"../../../Engine/Plugins/Runtime/Windows/MSGamingSupport/MSGamingSupport.uplugin" 790
"../../../Engine/Plugins/Experimental/Toolsets/AutomationTestToolset/AutomationTestToolset.uplugin" 791
"../../../Engine/Plugins/Online/Microsoft/OnlineSubsystemGDK/OnlineSubsystemGDK.uplugin" 792
"../../../Engine/Plugins/Experimental/Toolsets/PluginToolset/PluginToolset.uplugin" 793
"../../../Engine/Plugins/Online/Microsoft/PlayFabParty/PlayFabParty.uplugin" 794
"../../../Engine/Plugins/Experimental/Toolsets/SequencerAnimMixerToolset/SequencerAnimMixerToolset.uplugin" 795
"../../../Engine/Plugins/Experimental/Toolsets/ChaosClothAssetToolset/ChaosClothAssetToolset.uplugin" 796
"../../../Engine/Plugins/Online/Microsoft/GDKNetDriver/GDKNetDriver.uplugin" 797
"../../../Engine/Plugins/Experimental/Toolsets/DataRegistryToolset/DataRegistryToolset.uplugin" 798
"../../../Engine/Plugins/Runtime/Database/RemoteDatabaseSupport/RemoteDatabaseSupport.uplugin" 799
"../../../Engine/Plugins/Experimental/Toolsets/PhysicsToolsets/PhysicsToolsets.uplugin" 800
"../../../Engine/Plugins/VirtualProduction/DMX/DMXControlConsole/DMXControlConsole.uplugin" 801
"../../../Engine/Plugins/Experimental/Toolsets/SemanticSearchToolset/SemanticSearchToolset.uplugin" 802
"../../../Engine/Plugins/VirtualProduction/DMX/DMXDisplayCluster/DMXDisplayCluster.uplugin" 803
"../../../Engine/Plugins/Experimental/Toolsets/WorldConditionsToolset/WorldConditionsToolset.uplugin" 804
"../../../Engine/Plugins/VirtualProduction/DMX/DMXPixelMapping/DMXPixelMapping.uplugin" 805
"../../../Engine/Plugins/VirtualProduction/DMX/DatasmithMVR/DatasmithMVR.uplugin" 806
"../../../Engine/Plugins/Experimental/Toolsets/UMGToolSet/UMGToolSet.uplugin" 807
"../../../Engine/Plugins/Experimental/InterchangeAxF/Assets/InterchangeAxfAssets.uplugin" 808
"../../../Engine/Plugins/Runtime/Database/SQLiteCore/SQLiteCore.uplugin" 809
"../../../Engine/Plugins/VirtualProduction/DMX/DMXProtocol/DMXProtocol.uplugin" 810
"../../../Engine/Plugins/VirtualProduction/DMX/DMXGDTF/DMXGDTF.uplugin" 811
"../../../Engine/Plugins/Experimental/Toolsets/EditorToolset/EditorToolset.uplugin" 812
"../../../Engine/Plugins/Experimental/Toolsets/StateTreeToolset/StateTreeToolset.uplugin" 813
"../../../Engine/Plugins/Runtime/PacketHandlers/DTLSHandlerComponent/DTLSHandlerComponent.uplugin" 814
"../../../Engine/Plugins/VirtualProduction/DMX/DMXModularFeatures/DMXModularFeatures.uplugin" 815
"../../../Engine/Plugins/Runtime/Nvidia/GeForceNOWWrapper/GeForceNOWWrapper.uplugin" 816
"../../../Engine/Plugins/Runtime/Analytics/Adjust/Adjust.uplugin" 817
"../../../Engine/Plugins/VirtualProduction/DMX/DMXEngine/DMXEngine.uplugin" 818
"../../../Engine/Plugins/Experimental/Toolsets/MetaHumanGenerator/MetaHumanGenerator.uplugin" 819
"../../../Engine/Plugins/Animation/AudioDrivenAnimation/StreamingADA/StreamingADA.uplugin" 820
"../../../Engine/Plugins/Experimental/Toolsets/MVVMToolset/MVVMToolset.uplugin" 821
"../../../Engine/Plugins/VirtualProduction/DMX/DMXFixtures/DMXFixtures.uplugin" 822
"../../../Engine/Plugins/Online/VoiceChat/VoiceChat/VoiceChat.uplugin" 823
"../../../Engine/Plugins/Runtime/Steam/SteamSockets/SteamSockets.uplugin" 824
"../../../Engine/Plugins/Runtime/Advertising/IOSTapJoy/IOSTapJoy.uplugin" 825
"../../../Engine/Plugins/Animation/MLDeformer/MLDeformerFramework/MLDeformerFramework.uplugin" 826
"../../../Engine/Plugins/Experimental/Web/WebAPI/WebAPI.uplugin" 827
"../../../Engine/Plugins/Runtime/Steam/SteamShared/SteamShared.uplugin" 828
"../../../Engine/Plugins/Runtime/Nvidia/Reflex/Reflex.uplugin" 829
"../../../Engine/Plugins/Runtime/Analytics/AnalyticsMulticast/AnalyticsMulticast.uplugin" 830
"../../../Engine/Plugins/Runtime/Database/DatabaseSupport/DatabaseSupport.uplugin" 831
"../../../Engine/Plugins/VirtualProduction/Rivermax/RivermaxCore/RivermaxCore.uplugin" 832
"../../../Engine/Plugins/Runtime/Analytics/AnalyticsBlueprintLibrary/AnalyticsBlueprintLibrary.uplugin" 833
"../../../Engine/Plugins/Runtime/PacketHandlers/AESHandlerComponent/AESHandlerComponent.uplugin" 834
"../../../Engine/Plugins/Online/VoiceChat/EOSVoiceChat/EOSVoiceChat.uplugin" 835
"../../../Engine/Plugins/Developer/Concert/ConcertMain/ConcertMain.uplugin" 836
"../../../Engine/Plugins/Runtime/PacketHandlers/AESGCMHandlerComponent/AESGCMHandlerComponent.uplugin" 837
"../../../Engine/Plugins/Animation/MLDeformer/VertexDeltaModel/VertexDeltaModel.uplugin" 838
"../../../Engine/Plugins/Runtime/Steam/SteamController/SteamController.uplugin" 839
"../../../Engine/Plugins/Editor/ContentBrowser/ContentBrowserFileDataSource/ContentBrowserFileDataSource.uplugin" 840
"../../../Engine/Plugins/Experimental/Enterprise/DataprepGeometryOperations/DataprepGeometryOperations.uplugin" 841
"../../../Engine/Plugins/Animation/MLDeformer/NearestNeighborModel/NearestNeighborModel.uplugin" 842
"../../../Engine/Plugins/Editor/ContentBrowser/ContentBrowserClassDataSource/ContentBrowserClassDataSource.uplugin" 843
"../../../Engine/Plugins/Runtime/Database/SQLiteSupport/SQLiteSupport.uplugin" 844
"../../../Engine/Plugins/Runtime/Analytics/FileLogging/FileLogging.uplugin" 845
"../../../Engine/Plugins/Experimental/CharacterFXEditor/BaseCharacterFXEditor/BaseCharacterFXEditor.uplugin" 846
"../../../Engine/Plugins/Experimental/InterchangeAxF/Runtime/InterchangeAxF.uplugin" 847
"../../../Engine/Plugins/Editor/ContentBrowser/ContentBrowserAliasDataSource/ContentBrowserAliasDataSource.uplugin" 848
"../../../Engine/Plugins/Animation/MLDeformer/NeuralMorphModel/NeuralMorphModel.uplugin" 849
"../../../Engine/Plugins/Experimental/MetaHuman/MetaHumanCalibrationDiagnostics/MetaHumanCalibrationDiagnostics.uplugin" 850
"../../../Engine/Plugins/VirtualProduction/Rivermax/RivermaxMedia/RivermaxMedia.uplugin" 851
"../../../Engine/Plugins/Experimental/MetaHuman/MetaHumanRuntime/MetaHumanRuntime.uplugin" 852
"../../../Engine/Plugins/Experimental/PCGInterops/PCGWaterInterop/PCGWaterInterop.uplugin" 853
"../../../Engine/Plugins/Runtime/Microsoft/GDKVirtualKeyboard/GDKVirtualKeyboard.uplugin" 854
"../../../Engine/Plugins/Experimental/PCGInterops/PCGNaniteAssembliesInterop/PCGNaniteAssembliesInterop.uplugin" 855
"../../../Engine/Plugins/Editor/ContentBrowser/ContentBrowserAssetDataSource/ContentBrowserAssetDataSource.uplugin" 856
"../../../Engine/Plugins/Runtime/Steam/SteamAudio/SteamAudio.uplugin" 857
"../../../Engine/Plugins/Experimental/VirtualProduction/VPRoles/VPRoles.uplugin" 858
"../../../Engine/Plugins/Experimental/MetaHuman/MetaHumanCharacterUAF/MetaHumanCharacterUAF.uplugin" 859
"../../../Engine/Plugins/Experimental/PCGInterops/PCGInstancedActorsInterop/PCGInstancedActorsInterop.uplugin" 860
"../../../Engine/Plugins/Online/Android/OnlineSubsystemGooglePlay/OnlineSubsystemGooglePlay.uplugin" 861
"../../../Engine/Plugins/Runtime/XR/XRScribe/XRScribe.uplugin" 862
"../../../Engine/Plugins/Experimental/Enterprise/DatasmithInterchange/DatasmithInterchange.uplugin" 863
"../../../Engine/Plugins/Experimental/VirtualProduction/VPSettings/VPSettings.uplugin" 864
"../../../Engine/Plugins/Developer/Concert/ConcertInsights/ConcertInsightsClient/ConcertInsightsClient.uplugin" 865
"../../../Engine/Plugins/Runtime/Microsoft/GDKPackageChunkInstall/GDKPackageChunkInstall.uplugin" 866
"../../../Engine/Plugins/Animation/MLDeformer/ChaosClothGenerator/ChaosClothGenerator.uplugin" 867
"../../../Engine/Plugins/Runtime/XR/XRVisualization/XRVisualization.uplugin" 868
"../../../Engine/Plugins/Developer/Concert/ConcertInsights/ConcertInsightsServer/ConcertInsightsServer.uplugin" 869
"../../../Engine/Plugins/Experimental/PCGInterops/PCGNiagaraInterop/PCGNiagaraInterop.uplugin" 870
"../../../Engine/Plugins/Runtime/AR/AppleAR/AppleARKitFaceSupport/AppleARKitFaceSupport.uplugin" 871
"../../../Engine/Plugins/Runtime/AR/ARUtilities/ARUtilities.uplugin" 872
"../../../Engine/Plugins/Developer/Concert/ConcertScripting/ConcertReplicationScripting/ConcertReplicationScripting.uplugin" 873
"../../../Engine/Plugins/Runtime/AR/Google/GoogleARCore/GoogleARCore.uplugin" 874
"../../../Engine/Plugins/Online/Android/AndroidFetchBackgroundDownload/AndroidFetchBackgroundDownload.uplugin" 875
"../../../Engine/Plugins/Experimental/VirtualProduction/LedWallCalibration/LedWallCalibration.uplugin" 876
"../../../Engine/Plugins/Developer/Concert/ConcertInsights/ConcertInsightsVisualizer/ConcertInsightsVisualizer.uplugin" 877
"../../../Engine/Plugins/Experimental/PCGInterops/PCGFastGeoInterop/PCGFastGeoInterop.uplugin" 878
"../../../Engine/Plugins/VirtualProduction/Rivermax/RivermaxSync/RivermaxSync.uplugin" 879
"../../../Engine/Plugins/Developer/Concert/ConcertSync/ConcertSyncClient/ConcertSyncClient.uplugin" 880
"../../../Engine/Plugins/Runtime/AR/Google/GoogleARCoreServices/GoogleARCoreServices.uplugin" 881
"../../../Engine/Plugins/Runtime/AR/AppleAR/AppleARKit/AppleARKit.uplugin" 882
"../../../Engine/Plugins/Developer/Concert/ConcertSync/ConcertSyncServer/ConcertSyncServer.uplugin" 883
"../../../Engine/Plugins/Developer/Concert/ConcertSync/ConcertSyncTest/ConcertSyncTest.uplugin" 884
"../../../Engine/Plugins/Experimental/CharacterFXEditor/ExampleCharacterFXEditor/ExampleCharacterFXEditor.uplugin" 885
"../../../Engine/Plugins/Developer/Concert/ConcertApp/MultiUserServer/MultiUserServer.uplugin" 886
"../../../Engine/Plugins/Experimental/Enterprise/DatasmithRuntime/DatasmithRuntime.uplugin" 887
"../../../Engine/Plugins/Experimental/Animation/MLDeformer/DetailPoseModel/DetailPoseModel.uplugin" 888
"../../../Engine/Plugins/Developer/Concert/ConcertUI/ConcertClientSharedSlate/ConcertClientSharedSlate.uplugin" 889
"../../../Engine/Plugins/Developer/Concert/ConcertUI/ConcertSharedSlate/ConcertSharedSlate.uplugin" 890
"../../../Engine/Plugins/Developer/Concert/ConcertInsights/ConcertInsightsCore/ConcertInsightsCore.uplugin" 891
"../../../Engine/Plugins/Developer/Concert/ConcertApp/DisasterRecoveryClient/DisasterRecoveryClient.uplugin" 892
"../../../Engine/Plugins/Developer/Concert/ConcertApp/MultiUserClient/MultiUserClient.uplugin" 893
"../../../Engine/Plugins/Animation/MLDeformer/ChaosFleshGenerator/ChaosFleshGenerator.uplugin" 894
"../../../Engine/Plugins/Developer/Concert/ConcertSync/ConcertSyncCore/ConcertSyncCore.uplugin" 895
"../../../Engine/Plugins/Runtime/MeshReconstruction/DummyMeshReconstructor/DummyMeshReconstructor.uplugin" 896
"../../../Engine/Platforms/Android/Plugins/Animation/ACLPlugin/ACLPlugin_Android.uplugin" 897
"../../../Engine/Platforms/Android/Plugins/Animation/RigLogic/RigLogic_Android.uplugin" 898
"../../../Engine/Platforms/IOS/Plugins/Animation/RigLogic/RigLogic_IOS.uplugin" 899
"C:/Workspace/khj/Wanted5th/Part4/UnrealBuildSystem/Plugins/GameUtility/GameUtility.uplugin" 900
"../../../Engine/Content/Internationalization/icudt64l/cnvalias.icu" 901
"../../../Engine/Content/Internationalization/icudt64l/res_index.res" 902
"../../../Engine/Content/Internationalization/icudt64l/plurals.res" 903
"../../../Engine/Content/Internationalization/icudt64l/lang/ko.res" 904
"../../../Engine/Content/Internationalization/icudt64l/lang/pool.res" 905
"../../../Engine/Content/Internationalization/icudt64l/lang/root.res" 906
"../../../Engine/Content/Internationalization/icudt64l/region/ko.res" 907
"../../../Engine/Content/Internationalization/icudt64l/region/pool.res" 908
"../../../Engine/Content/Internationalization/icudt64l/region/root.res" 909
"../../../Engine/Content/Internationalization/icudt64l/lang/en.res" 910
"../../../Engine/Content/Internationalization/icudt64l/region/en.res" 911
"../../../Engine/Content/Internationalization/icudt64l/windowsZones.res" 912
"../../../Engine/Content/Internationalization/icudt64l/zoneinfo64.res" 913
"../../../Engine/Content/Internationalization/icudt64l/keyTypeData.res" 914
"../../../Engine/Content/Internationalization/icudt64l/timezoneTypes.res" 915
"../../../Engine/Content/Internationalization/icudt64l/likelySubtags.res" 916
"../../../Engine/Content/Internationalization/icudt64l/ko_KR.res" 917
"../../../Engine/Content/Internationalization/icudt64l/pool.res" 918
"../../../Engine/Content/Internationalization/icudt64l/ko.res" 919
"../../../Engine/Content/Internationalization/icudt64l/root.res" 920
"../../../Engine/Content/Internationalization/icudt64l/supplementalData.res" 921
"../../../Engine/Config/ConfigRedirects.ini" 922
"C:/Users/user/AppData/Local/UnrealEngine/5.8/Saved/Config/WindowsEditor/Manifest.ini" 923
"../../../Engine/Config/BaseEngine.ini" 924
"../../../Engine/Config/Windows/BaseWindowsEngine.ini" 925
"../../../../../../Workspace/khj/Wanted5th/Part4/UnrealBuildSystem/Config/DefaultEngine.ini" 926
"../../../Engine/Config/BaseGame.ini" 927
"../../../Engine/Config/Windows/BaseWindowsGame.ini" 928
"../../../Engine/Config/Windows/WindowsGame.ini" 929
"C:/Workspace/khj/Wanted5th/Part4/UnrealBuildSystem/Saved/Config/WindowsEditor/Game.ini" 930
"../../../Engine/Config/BaseInput.ini" 931
"../../../Engine/Config/Windows/BaseWindowsInput.ini" 932
"../../../../../../Workspace/khj/Wanted5th/Part4/UnrealBuildSystem/Config/DefaultInput.ini" 933
"../../../Engine/Config/Windows/WindowsInput.ini" 934
"../../../Engine/Config/BaseDeviceProfiles.ini" 935
"../../../Engine/Config/BaseGameUserSettings.ini" 936
"C:/Workspace/khj/Wanted5th/Part4/UnrealBuildSystem/Saved/Config/WindowsEditor/GameUserSettings.ini" 937
"../../../Engine/Config/BaseScalability.ini" 938
"../../../Engine/Config/BaseRuntimeOptions.ini" 939
"../../../Engine/Config/BaseInstallBundle.ini" 940
"../../../Engine/Config/BaseHardware.ini" 941
"../../../Engine/Config/BaseCompat.ini" 942
"../../../Engine/Config/BaseLightmass.ini" 943
"../../../Engine/Config/BaseEditor.ini" 944
"C:/Workspace/khj/Wanted5th/Part4/UnrealBuildSystem/Saved/Config/WindowsEditor/Editor.ini" 945
"../../../Engine/Config/BaseMaterialExpressions.ini" 946
"../../../Engine/Config/BaseEditorPerProjectUserSettings.ini" 947
"../../../Engine/Config/Windows/WindowsEditorPerProjectUserSettings.ini" 948
"C:/Workspace/khj/Wanted5th/Part4/UnrealBuildSystem/Saved/Config/WindowsEditor/EditorPerProjectUserSettings.ini" 949
"../../../Engine/Config/BaseEditorSettings.ini" 950
"../../../Engine/Config/Windows/WindowsEditorSettings.ini" 951
"C:/Users/user/AppData/Local/UnrealEngine/5.8/Saved/Config/WindowsEditor/EditorSettings.ini" 952
"../../../Engine/Config/BaseEditorKeyBindings.ini" 953
"C:/Users/user/AppData/Local/UnrealEngine/5.8/Saved/Config/WindowsEditor/EditorLayout.ini" 954
"C:/Program Files/Epic Games/UE_5.8/Engine/Config/BaseEngine.ini" 955
"../../../Engine/Config/Android/BaseAndroidEngine.ini" 956
"../../../Engine/Config/Mac/BaseMacEngine.ini" 957
"../../../Engine/Config/IOS/BaseIOSEngine.ini" 958
"../../../Engine/Config/Android/AndroidEngine.ini" 959
"../../../Engine/Platforms/VisionOS/Config/BaseVisionOSEngine.ini" 960
"../../../Engine/Config/Linux/BaseLinuxEngine.ini" 961
"../../../Engine/Config/Unix/UnixEngine.ini" 962
"../../../Engine/Config/TVOS/TVOSEngine.ini" 963
"../../../Engine/Platforms/VisionOS/Config/VisionOSEngine.ini" 964
"../../../Engine/Config/Linux/LinuxEngine.ini" 965
"../../../Engine/Config/IOS/BaseIOSGame.ini" 966
"../../../Engine/Config/Android/BaseAndroidGame.ini" 967
"C:/Program Files/Epic Games/UE_5.8/Engine/Config/Windows/BaseWindowsEngine.ini" 968
"../../../Engine/Config/Mac/MacGame.ini" 969
"../../../Engine/Config/IOS/IOSGame.ini" 970
"../../../Engine/Config/Linux/LinuxGame.ini" 971
"../../../Engine/Config/IOS/BaseIOSInput.ini" 972
"../../../Engine/Config/Mac/BaseMacInput.ini" 973
"../../../Engine/Config/Android/BaseAndroidInput.ini" 974
"../../../../../../Workspace/khj/Wanted5th/Part4/UnrealBuildSystem/Intermediate/CachedAssetRegistry/CachedAssetRegistry_0.ref" 975
"../../../../../../Workspace/khj/Wanted5th/Part4/UnrealBuildSystem/Intermediate/CachedAssetRegistryDiscovery.bin" 976
"../../../Engine/Config/Android/AndroidScalability.ini" 977
"../../../../../../Workspace/khj/Wanted5th/Part4/UnrealBuildSystem/Binaries/Win64/UnrealBuildSystem.target" 978
"../../../../../../Workspace/khj/Wanted5th/Part4/UnrealBuildSystem/Intermediate/CachedAssetRegistry/CachedAssetRegistry_0_506740A94274FED1C88C9C813AEB92C8.bin" 979
"../../../Engine/Config/IOS/IOSScalability.ini" 980
"../../../../../../Workspace/khj/Wanted5th/Part4/UnrealBuildSystem/Binaries/Win64/UnrealBuildSystemEditor.target" 981
"../../../Engine/Config/IOS/BaseIOSInstallBundle.ini" 982
"../../../Engine/Config/Android/BaseAndroidInstallBundle.ini" 983
"../../../Engine/Config/PluginBase.ini" 984
"../../../Engine/Plugins/ChaosVD/Config/DefaultChaosVD.ini" 985
"../../../Engine/Plugins/EnhancedInput/Config/DefaultEnhancedInput.ini" 986
"../../../Engine/Plugins/Fab/Config/DefaultFab.ini" 987
"../../../Engine/Plugins/Mutable/Config/DefaultMutable.ini" 988
"../../../Engine/Plugins/PCG/Config/DefaultPCG.ini" 989
"../../../Engine/Plugins/TraceUtilities/Config/DefaultTraceUtilities.ini" 990
"../../../Engine/Plugins/Cameras/GameplayCameras/Config/DefaultGameplayCameras.ini" 991
"../../../Engine/Plugins/Compositing/CompositeCore/Config/DefaultCompositeCore.ini" 992
"../../../Engine/Plugins/Editor/ConsoleVariablesEditor/Config/DefaultConsoleVariables.ini" 993
"../../../Engine/Plugins/Editor/EditorScriptingUtilities/Config/DefaultEditorScriptingUtilities.ini" 994
"../../../Engine/Plugins/Enterprise/GLTFExporter/Config/DefaultGLTFExporter.ini" 995
"../../../Engine/Plugins/Enterprise/DatasmithContent/Config/DefaultDatasmithContent.ini" 996
"../../../Engine/Plugins/Enterprise/VariantManagerContent/Config/DefaultVariantManagerContent.ini" 997
"../../../Engine/Plugins/FX/Niagara/Config/DefaultNiagara.ini" 998
"../../../Engine/Plugins/Experimental/ControlRigPhysics/Config/DefaultControlRigPhysics.ini" 999
"../../../Engine/Plugins/Experimental/FullBodyIK/Config/DefaultFullBodyIK.ini" 1000
"../../../Engine/Plugins/Experimental/ToolPresets/Config/DefaultToolPresets.ini" 1001
"../../../Engine/Plugins/MetaHuman/MetaHumanSDK/Config/DefaultMetaHumanSDK.ini" 1002
"../../../Engine/Plugins/VirtualProduction/Takes/Config/DefaultTakes.ini" 1003
"../../../Engine/Plugins/Runtime/HairStrands/Config/DefaultHairStrands.ini" 1004
"../../../Engine/Plugins/Runtime/Metasound/Config/DefaultMetasound.ini" 1005
"../../../Engine/Plugins/Runtime/ModelViewViewModel/Config/DefaultModelViewViewModel.ini" 1006
"../../../Engine/Plugins/Runtime/RigVM/Config/DefaultRigVM.ini" 1007
"../../../Engine/Plugins/Runtime/PropertyBindingUtils/Config/DefaultPropertyBindingUtils.ini" 1008
"../../../Engine/Plugins/Runtime/Synthesis/Config/DefaultSynthesis.ini" 1009
"../../../Engine/Plugins/Runtime/StateTree/Config/DefaultStateTree.ini" 1010
"../../../Engine/Plugins/2D/Paper2D/Config/DefaultPaper2D.ini" 1011
"../../../Engine/Plugins/Animation/ControlRig/Config/DefaultControlRig.ini" 1012
"../../../Engine/Plugins/Animation/IKRig/Config/DefaultIKRig.ini" 1013
"../../../Engine/Plugins/Animation/DeformerGraph/Config/DefaultDeformerGraph.ini" 1014
"../../../Engine/Plugins/Animation/PhysicsControl/Config/DefaultPhysicsControl.ini" 1015
"../../../Engine/Plugins/Animation/RigLogic/Config/DefaultRigLogic.ini" 1016
"../../../Engine/Plugins/Interchange/Assets/Config/DefaultInterchangeAssets.ini" 1017
"../../../Engine/Plugins/Interchange/Runtime/Config/DefaultInterchange.ini" 1018
"../../../Engine/Plugins/Experimental/Animation/Scribble/Config/DefaultScribble.ini" 1019
"../../../Engine/Plugins/Experimental/InterchangeAxF/Assets/Config/DefaultInterchangeAxfAssets.ini" 1020
"../../../Engine/Plugins/Developer/Concert/ConcertSync/ConcertSyncCore/Config/DefaultConcertSyncCore.ini" 1021
"../../../Engine/Plugins/ChaosVD/Config/Engine.ini" 1022
"../../../Engine/Plugins/EnhancedInput/Config/Input.ini" 1023
"../../../Engine/Plugins/Runtime/InputDebugging/Config/Input.ini" 1024
"../../../Engine/Plugins/Runtime/Windows/XInputDevice/Config/Input.ini" 1025
"../../../Engine/Plugins/PCG/Config/EditorPerProjectUserSettings.ini" 1026
"../../../Engine/Plugins/Online/OnlineSubsystemUtils/Config/Editor.ini" 1027
"../../../Engine/Plugins/Runtime/RigVM/Config/Editor.ini" 1028
"../../../Engine/Plugins/Animation/AnimatorKit/Config/Editor.ini" 1029
"../../../Engine/Plugins/Animation/DeformerGraph/Config/Editor.ini" 1030
"../../../Engine/Plugins/NNE/NNEDenoiser/Config/Game.ini" 1031
"../../../Engine/Plugins/AudioInsights/Binaries/Win64/UnrealEditor.modules" 1032
"../../../Engine/Plugins/Runtime/AudioWidgets/Binaries/Win64/UnrealEditor.modules" 1033
"../../../Engine/Plugins/Runtime/AudioSynesthesia/Binaries/Win64/UnrealEditor.modules" 1034
"../../../Engine/Plugins/AudioInsightsRuntime/Binaries/Win64/UnrealEditor.modules" 1035
"../../../Engine/Plugins/AudioModulationInsights/Binaries/Win64/UnrealEditor.modules" 1036
"../../../Engine/Plugins/Bridge/Binaries/Win64/UnrealEditor.modules" 1037
"../../../Engine/Plugins/Editor/EditorScriptingUtilities/Binaries/Win64/UnrealEditor.modules" 1038
"../../../Engine/Plugins/MetaHuman/MetaHumanSDK/Binaries/Win64/UnrealEditor.modules" 1039
"../../../Engine/Plugins/Animation/ControlRig/Binaries/Win64/UnrealEditor.modules" 1040
"../../../Engine/Plugins/Runtime/HairStrands/Binaries/Win64/UnrealEditor.modules" 1041
"../../../Engine/Plugins/Animation/RigLogic/Binaries/Win64/UnrealEditor.modules" 1042
"../../../Engine/Plugins/Interchange/Runtime/Binaries/Win64/UnrealEditor.modules" 1043
"../../../Engine/Plugins/Online/EOSShared/Binaries/Win64/UnrealEditor.modules" 1044
"../../../Engine/Plugins/Runtime/RigVM/Binaries/Win64/UnrealEditor.modules" 1045
"../../../Engine/Plugins/MovieScene/LevelSequenceEditor/Binaries/Win64/UnrealEditor.modules" 1046
"../../../Engine/Plugins/Runtime/PropertyAccess/Binaries/Win64/UnrealEditor.modules" 1047
"../../../Engine/Plugins/MovieScene/SequencerScripting/Binaries/Win64/UnrealEditor.modules" 1048
"../../../Engine/Plugins/Animation/TweeningUtils/Binaries/Win64/UnrealEditor.modules" 1049
"../../../Engine/Plugins/FX/Niagara/Binaries/Win64/UnrealEditor.modules" 1050
"../../../Engine/Plugins/Runtime/GeometryCache/Binaries/Win64/UnrealEditor.modules" 1051
"../../../Engine/Plugins/Animation/DeformerGraph/Binaries/Win64/UnrealEditor.modules" 1052
"../../../Engine/Plugins/Dataflow/Binaries/Win64/UnrealEditor.modules" 1053
"../../../Engine/Plugins/Runtime/ComputeFramework/Binaries/Win64/UnrealEditor.modules" 1054
"../../../Engine/Plugins/Runtime/GeometryProcessing/Binaries/Win64/UnrealEditor.modules" 1055
"../../../Engine/Plugins/Enterprise/VariantManagerContent/Binaries/Win64/UnrealEditor.modules" 1056
"../../../Engine/Plugins/Enterprise/VariantManager/Binaries/Win64/UnrealEditor.modules" 1057
"../../../Engine/Plugins/Interchange/Assets/Binaries/Win64/UnrealEditor.modules" 1058
"../../../Engine/Plugins/Animation/GameplayInsights/Binaries/Win64/UnrealEditor.modules" 1059
"../../../Engine/Plugins/Experimental/Animation/Scribble/Binaries/Win64/UnrealEditor.modules" 1060
"../../../Engine/Plugins/Experimental/PythonScriptPlugin/Binaries/Win64/UnrealEditor.modules" 1061
"../../../Engine/Plugins/Experimental/CharacterFXEditor/BaseCharacterFXEditor/Binaries/Win64/UnrealEditor.modules" 1062
"../../../Engine/Plugins/Runtime/ProceduralMeshComponent/Binaries/Win64/UnrealEditor.modules" 1063
"../../../Engine/Plugins/Experimental/MeshModelingToolsetExp/Binaries/Win64/UnrealEditor.modules" 1064
"../../../Engine/Plugins/Editor/ModelingToolsEditorMode/Binaries/Win64/UnrealEditor.modules" 1065
"../../../Engine/Plugins/Experimental/ChaosCaching/Binaries/Win64/UnrealEditor.modules" 1066
"../../../Engine/Plugins/Experimental/EditorDataStorage/Binaries/Win64/UnrealEditor.modules" 1067
"../../../Engine/Plugins/Experimental/EditorDataStorageFeatures/Binaries/Win64/UnrealEditor.modules" 1068
"../../../Engine/Plugins/Runtime/MeshModelingToolset/Binaries/Win64/UnrealEditor.modules" 1069
"../../../Engine/Plugins/Animation/SkeletalMeshModelingTools/Binaries/Win64/UnrealEditor.modules" 1070
"../../../Engine/Plugins/Editor/ContentBrowser/ContentBrowserFileDataSource/Binaries/Win64/UnrealEditor.modules" 1071
"../../../Engine/Plugins/Editor/ProxyLODPlugin/Binaries/Win64/UnrealEditor.modules" 1072
"../../../Engine/Plugins/Editor/MeshLODToolset/Binaries/Win64/UnrealEditor.modules" 1073
"../../../Engine/Plugins/Experimental/ToolPresets/Binaries/Win64/UnrealEditor.modules" 1074
"../../../Engine/Plugins/Editor/StylusInput/Binaries/Win64/UnrealEditor.modules" 1075
"../../../Engine/Plugins/VirtualProduction/Takes/Binaries/Win64/UnrealEditor.modules" 1076
"../../../Engine/Plugins/Experimental/PlanarCutPlugin/Binaries/Win64/UnrealEditor.modules" 1077
"../../../Engine/Plugins/Runtime/GeometryScripting/Binaries/Win64/UnrealEditor.modules" 1078
"../../../Engine/Plugins/Experimental/GeometryFlow/Binaries/Win64/UnrealEditor.modules" 1079
"../../../Engine/Plugins/Runtime/AudioCapture/Binaries/Win64/UnrealEditor.modules" 1080
"../../../Engine/Plugins/Developer/NamingTokens/Binaries/Win64/UnrealEditor.modules" 1081
"../../../Engine/Plugins/Editor/EngineAssetDefinitions/Binaries/Win64/UnrealEditor.modules" 1082
"../../../Engine/Plugins/ChaosCloth/Binaries/Win64/UnrealEditor.modules" 1083
"../../../Engine/Plugins/Experimental/Buoyancy/Binaries/Win64/UnrealEditor.modules" 1084
"../../../Engine/Plugins/Experimental/Water/Binaries/Win64/UnrealEditor.modules" 1085
"../../../Engine/Plugins/Experimental/ChaosUserDataPT/Binaries/Win64/UnrealEditor.modules" 1086
"../../../Engine/Plugins/Experimental/Landmass/Binaries/Win64/UnrealEditor.modules" 1087
"../../../Engine/Plugins/Editor/BlueprintMaterialTextureNodes/Binaries/Win64/UnrealEditor.modules" 1088
"../../../Engine/Plugins/ChaosInsights/Binaries/Win64/UnrealEditor.modules" 1089
"../../../Engine/Plugins/ChaosVD/Binaries/Win64/UnrealEditor.modules" 1090
"../../../Engine/Plugins/CmdLinkServer/Binaries/Win64/UnrealEditor.modules" 1091
"../../../Engine/Plugins/DerivedDataBuildController/Binaries/Win64/UnrealEditor.modules" 1092
"../../../Engine/Plugins/EnhancedInput/Binaries/Win64/UnrealEditor.modules" 1093
"../../../Engine/Plugins/Editor/DataValidation/Binaries/Win64/UnrealEditor.modules" 1094
"../../../Engine/Plugins/Fab/Binaries/Win64/UnrealEditor.modules" 1095
"../../../Engine/Plugins/IoStoreInsights/Binaries/Win64/UnrealEditor.modules" 1096
"../../../Engine/Plugins/MassInsights/Binaries/Win64/UnrealEditor.modules" 1097
"../../../Engine/Plugins/MeshPainting/Binaries/Win64/UnrealEditor.modules" 1098
"../../../Engine/Plugins/Interchange/Editor/Binaries/Win64/UnrealEditor.modules" 1099
"../../../Engine/Plugins/PCG/Binaries/Win64/UnrealEditor.modules" 1100
"../../../Engine/Plugins/RenderTraceInsights/Binaries/Win64/UnrealEditor.modules" 1101
"../../../Engine/Plugins/RenderGraphInsights/Binaries/Win64/UnrealEditor.modules" 1102
"../../../Engine/Plugins/TraceUtilities/Binaries/Win64/UnrealEditor.modules" 1103
"../../../Engine/Plugins/UbaController/Binaries/Win64/UnrealEditor.modules" 1104
"../../../Engine/Plugins/XGEController/Binaries/Win64/UnrealEditor.modules" 1105
"../../../Engine/Plugins/WorldMetrics/Binaries/Win64/UnrealEditor.modules" 1106
"../../../Engine/Plugins/Cameras/CameraShakePreviewer/Binaries/Win64/UnrealEditor.modules" 1107
"../../../Engine/Plugins/Cameras/GameplayCameras/Binaries/Win64/UnrealEditor.modules" 1108
"../../../Engine/Plugins/Runtime/StateTree/Binaries/Win64/UnrealEditor.modules" 1109
"../../../Engine/Plugins/MovieScene/TemplateSequence/Binaries/Win64/UnrealEditor.modules" 1110
"../../../Engine/Plugins/Runtime/PropertyBindingUtils/Binaries/Win64/UnrealEditor.modules" 1111
"../../../Engine/Plugins/Cameras/EngineCameras/Binaries/Win64/UnrealEditor.modules" 1112
"../../../Engine/Plugins/Editor/AssetManagerEditor/Binaries/Win64/UnrealEditor.modules" 1113
"../../../Engine/Plugins/Editor/ContentBrowser/ContentBrowserAssetDataSource/Binaries/Win64/UnrealEditor.modules" 1114
"../../../Engine/Plugins/Compression/OodleNetwork/Binaries/Win64/UnrealEditor.modules" 1115
"../../../Engine/Plugins/Editor/BlueprintHeaderView/Binaries/Win64/UnrealEditor.modules" 1116
"../../../Engine/Plugins/Editor/ChangelistReview/Binaries/Win64/UnrealEditor.modules" 1117
"../../../Engine/Plugins/Editor/ColorGrading/Binaries/Win64/UnrealEditor.modules" 1118
"../../../Engine/Plugins/Editor/ObjectMixer/ObjectMixer/Binaries/Win64/UnrealEditor.modules" 1119
"../../../Engine/Plugins/Editor/ConsoleVariablesEditor/Binaries/Win64/UnrealEditor.modules" 1120
"../../../Engine/Plugins/Developer/Concert/ConcertSync/ConcertSyncClient/Binaries/Win64/UnrealEditor.modules" 1121
"../../../Engine/Plugins/Developer/Concert/ConcertSync/ConcertSyncCore/Binaries/Win64/UnrealEditor.modules" 1122
"../../../Engine/Plugins/Developer/Concert/ConcertMain/Binaries/Win64/UnrealEditor.modules" 1123
"../../../Engine/Plugins/Developer/Concert/ConcertUI/ConcertSharedSlate/Binaries/Win64/UnrealEditor.modules" 1124
"../../../Engine/Plugins/Developer/Sandbox/FileSandbox/Binaries/Win64/UnrealEditor.modules" 1125
"../../../Engine/Plugins/Runtime/Database/SQLiteCore/Binaries/Win64/UnrealEditor.modules" 1126
"../../../Engine/Plugins/Editor/CurveEditorTools/Binaries/Win64/UnrealEditor.modules" 1127
"../../../Engine/Plugins/Editor/EditorDebugTools/Binaries/Win64/UnrealEditor.modules" 1128
"../../../Engine/Plugins/Editor/CryptoKeys/Binaries/Win64/UnrealEditor.modules" 1129
"../../../Engine/Plugins/Editor/FacialAnimation/Binaries/Win64/UnrealEditor.modules" 1130
"../../../Engine/Plugins/Editor/GameplayTagsEditor/Binaries/Win64/UnrealEditor.modules" 1131
"../../../Engine/Plugins/Editor/GeometryMode/Binaries/Win64/UnrealEditor.modules" 1132
"../../../Engine/Plugins/Editor/MaterialAnalyzer/Binaries/Win64/UnrealEditor.modules" 1133
"../../../Engine/Plugins/Editor/MaterialAssetWizard/Binaries/Win64/UnrealEditor.modules" 1134
"../../../Engine/Plugins/Editor/MobileLauncherProfileWizard/Binaries/Win64/UnrealEditor.modules" 1135
"../../../Engine/Plugins/Editor/PluginBrowser/Binaries/Win64/UnrealEditor.modules" 1136
"../../../Engine/Plugins/Developer/PluginUtils/Binaries/Win64/UnrealEditor.modules" 1137
"../../../Engine/Plugins/Editor/SequencerAnimTools/Binaries/Win64/UnrealEditor.modules" 1138
"../../../Engine/Plugins/Editor/UMGWidgetPreview/Binaries/Win64/UnrealEditor.modules" 1139
"../../../Engine/Plugins/Editor/SpeedTreeImporter/Binaries/Win64/UnrealEditor.modules" 1140
"../../../Engine/Plugins/Editor/WorldPartitionHLODUtilities/Binaries/Win64/UnrealEditor.modules" 1141
"../../../Engine/Plugins/Editor/UVEditor/Binaries/Win64/UnrealEditor.modules" 1142
"../../../Engine/Plugins/Enterprise/GLTFExporter/Binaries/Win64/UnrealEditor.modules" 1143
"../../../Engine/Plugins/Enterprise/DatasmithContent/Binaries/Win64/UnrealEditor.modules" 1144
"../../../Engine/Plugins/FX/Cascade/Binaries/Win64/UnrealEditor.modules" 1145
"../../../Engine/Plugins/FX/NiagaraPreviewContent/Binaries/Win64/UnrealEditor.modules" 1146
"../../../Engine/Plugins/FX/NiagaraInsights/Binaries/Win64/UnrealEditor.modules" 1147
"../../../Engine/Plugins/FX/NiagaraSimCaching/Binaries/Win64/UnrealEditor.modules" 1148
"../../../Engine/Plugins/Experimental/AdvancedRenamer/Binaries/Win64/UnrealEditor.modules" 1149
"../../../Engine/Plugins/Experimental/AutomationUtils/Binaries/Win64/UnrealEditor.modules" 1150
"../../../Engine/Plugins/Experimental/BackChannel/Binaries/Win64/UnrealEditor.modules" 1151
"../../../Engine/Plugins/Experimental/ChaosEditor/Binaries/Win64/UnrealEditor.modules" 1152
"../../../Engine/Plugins/Experimental/GeometryCollectionPlugin/Binaries/Win64/UnrealEditor.modules" 1153
"../../../Engine/Plugins/Experimental/Fracture/Binaries/Win64/UnrealEditor.modules" 1154
"../../../Engine/Plugins/Experimental/ChaosSolverPlugin/Binaries/Win64/UnrealEditor.modules" 1155
"../../../Engine/Plugins/Experimental/GeometryDataflow/Binaries/Win64/UnrealEditor.modules" 1156
"../../../Engine/Plugins/Experimental/ChaosNiagara/Binaries/Win64/UnrealEditor.modules" 1157
"../../../Engine/Plugins/Experimental/CharacterAI/Binaries/Win64/UnrealEditor.modules" 1158
"../../../Engine/Plugins/Experimental/ControlRigPhysics/Binaries/Win64/UnrealEditor.modules" 1159
"../../../Engine/Plugins/Animation/PhysicsControl/Binaries/Win64/UnrealEditor.modules" 1160
"../../../Engine/Plugins/Experimental/EditorPerformance/Binaries/Win64/UnrealEditor.modules" 1161
"../../../Engine/Plugins/Experimental/EditorTRSGizmo/Binaries/Win64/UnrealEditor.modules" 1162
"../../../Engine/Plugins/Experimental/EditorTelemetry/Binaries/Win64/UnrealEditor.modules" 1163
"../../../Engine/Plugins/Experimental/GlobalConfigurationData/Binaries/Win64/UnrealEditor.modules" 1164
"../../../Engine/Plugins/Experimental/HttpInsights/Binaries/Win64/UnrealEditor.modules" 1165
"../../../Engine/Plugins/Experimental/LocalizableMessage/Binaries/Win64/UnrealEditor.modules" 1166
"../../../Engine/Plugins/Experimental/LevelSequenceNavigatorBridge/Binaries/Win64/UnrealEditor.modules" 1167
"../../../Engine/Plugins/Experimental/SequenceNavigator/Binaries/Win64/UnrealEditor.modules" 1168
"../../../Engine/Plugins/Experimental/MutableAssetUserData/Binaries/Win64/UnrealEditor.modules" 1169
"../../../Engine/Plugins/Mutable/Binaries/Win64/UnrealEditor.modules" 1170
"../../../Engine/Plugins/Runtime/SkeletalMerging/Binaries/Win64/UnrealEditor.modules" 1171
"../../../Engine/Plugins/Experimental/NFORDenoise/Binaries/Win64/UnrealEditor.modules" 1172
"../../../Engine/Plugins/Experimental/PlatformCrypto/Binaries/Win64/UnrealEditor.modules" 1173
"../../../Engine/Plugins/Experimental/RuntimeTelemetry/Binaries/Win64/UnrealEditor.modules" 1174
"../../../Engine/Plugins/Experimental/SkeletalReduction/Binaries/Win64/UnrealEditor.modules" 1175
"../../../Engine/Plugins/Online/OnlineBase/Binaries/Win64/UnrealEditor.modules" 1176
"../../../Engine/Plugins/Online/OnlineSubsystemUtils/Binaries/Win64/UnrealEditor.modules" 1177
"../../../Engine/Plugins/Online/OnlineSubsystem/Binaries/Win64/UnrealEditor.modules" 1178
"../../../Engine/Plugins/Online/OnlineServices/Binaries/Win64/UnrealEditor.modules" 1179
"../../../Engine/Plugins/Online/OnlineSubsystemNull/Binaries/Win64/UnrealEditor.modules" 1180
"../../../Engine/Plugins/Tests/InterchangeTests/Binaries/Win64/UnrealEditor.modules" 1181
"../../../Engine/Plugins/NNE/NNEDenoiser/Binaries/Win64/UnrealEditor.modules" 1182
"../../../Engine/Plugins/NNE/NNERuntimeORT/Binaries/Win64/UnrealEditor.modules" 1183
"../../../Engine/Plugins/Runtime/ActorLayerUtilities/Binaries/Win64/UnrealEditor.modules" 1184
"../../../Engine/Plugins/Runtime/AndroidDeviceProfileSelector/Binaries/Win64/UnrealEditor.modules" 1185
"../../../Engine/Plugins/Runtime/AndroidFileServer/Binaries/Win64/UnrealEditor.modules" 1186
"../../../Engine/Plugins/Runtime/AndroidPermission/Binaries/Win64/UnrealEditor.modules" 1187
"../../../Engine/Plugins/Runtime/AppleImageUtils/Binaries/Win64/UnrealEditor.modules" 1188
"../../../Engine/Plugins/Runtime/AssetTags/Binaries/Win64/UnrealEditor.modules" 1189
"../../../Engine/Plugins/Runtime/ArchVisCharacter/Binaries/Win64/UnrealEditor.modules" 1190
"../../../Engine/Plugins/Runtime/ChunkDownloader/Binaries/Win64/UnrealEditor.modules" 1191
"../../../Engine/Plugins/Runtime/CableComponent/Binaries/Win64/UnrealEditor.modules" 1192
"../../../Engine/Plugins/Runtime/ExampleDeviceProfileSelector/Binaries/Win64/UnrealEditor.modules" 1193
"../../../Engine/Plugins/Runtime/CustomMeshComponent/Binaries/Win64/UnrealEditor.modules" 1194
"../../../Engine/Plugins/Runtime/GooglePAD/Binaries/Win64/UnrealEditor.modules" 1195
"../../../Engine/Plugins/Runtime/InputDebugging/Binaries/Win64/UnrealEditor.modules" 1196
"../../../Engine/Plugins/Runtime/IOSDeviceProfileSelector/Binaries/Win64/UnrealEditor.modules" 1197
"../../../Engine/Plugins/Runtime/LocationServicesBPLibrary/Binaries/Win64/UnrealEditor.modules" 1198
"../../../Engine/Plugins/Runtime/Metasound/Binaries/Win64/UnrealEditor.modules" 1199
"../../../Engine/Plugins/Runtime/WaveTable/Binaries/Win64/UnrealEditor.modules" 1200
"../../../Engine/Plugins/Runtime/ModelViewViewModel/Binaries/Win64/UnrealEditor.modules" 1201
"../../../Engine/Plugins/Runtime/MobilePatchingUtils/Binaries/Win64/UnrealEditor.modules" 1202
"../../../Engine/Plugins/Runtime/MsQuic/Binaries/Win64/UnrealEditor.modules" 1203
"../../../Engine/Plugins/Runtime/ResonanceAudio/Binaries/Win64/UnrealEditor.modules" 1204
"../../../Engine/Plugins/Runtime/SoundFields/Binaries/Win64/UnrealEditor.modules" 1205
"../../../Engine/Plugins/Runtime/Synthesis/Binaries/Win64/UnrealEditor.modules" 1206
"../../../Engine/Plugins/Runtime/WindowsDeviceProfileSelector/Binaries/Win64/UnrealEditor.modules" 1207
"../../../Engine/Plugins/Runtime/WindowsMoviePlayer/Binaries/Win64/UnrealEditor.modules" 1208
"../../../Engine/Plugins/AI/AISupport/Binaries/Win64/UnrealEditor.modules" 1209
"../../../Engine/Plugins/2D/Paper2D/Binaries/Win64/UnrealEditor.modules" 1210
"../../../Engine/Plugins/Runtime/WebMMoviePlayer/Binaries/Win64/UnrealEditor.modules" 1211
"../../../Engine/Plugins/Media/WebMMedia/Binaries/Win64/UnrealEditor.modules" 1212
"../../../Engine/Plugins/AI/EnvironmentQueryEditor/Binaries/Win64/UnrealEditor.modules" 1213
"../../../Engine/Plugins/Animation/ACLPlugin/Binaries/Win64/UnrealEditor.modules" 1214
"../../../Engine/Plugins/Animation/AnimationModifierLibrary/Binaries/Win64/UnrealEditor.modules" 1215
"../../../Engine/Plugins/Animation/AnimationData/Binaries/Win64/UnrealEditor.modules" 1216
"../../../Engine/Plugins/Animation/AnimatorKit/Binaries/Win64/UnrealEditor.modules" 1217
"../../../Engine/Plugins/Animation/ControlRigSpline/Binaries/Win64/UnrealEditor.modules" 1218
"../../../Engine/Plugins/Experimental/GizmoFramework/Binaries/Win64/UnrealEditor.modules" 1219
"../../../Engine/Plugins/Animation/BlendSpaceMotionAnalysis/Binaries/Win64/UnrealEditor.modules" 1220
"../../../Engine/Plugins/Experimental/FullBodyIK/Binaries/Win64/UnrealEditor.modules" 1221
"../../../Engine/Plugins/Animation/EaseCurveTool/Binaries/Win64/UnrealEditor.modules" 1222
"../../../Engine/Plugins/Animation/IKRig/Binaries/Win64/UnrealEditor.modules" 1223
"../../../Engine/Plugins/Developer/DumpGPUServices/Binaries/Win64/UnrealEditor.modules" 1224
"../../../Engine/Plugins/Developer/GPUReshape/Binaries/Win64/UnrealEditor.modules" 1225
"../../../Engine/Plugins/Developer/GitSourceControl/Binaries/Win64/UnrealEditor.modules" 1226
"../../../Engine/Plugins/Developer/CLionSourceCodeAccess/Binaries/Win64/UnrealEditor.modules" 1227
"../../../Engine/Plugins/Developer/AnimationSharing/Binaries/Win64/UnrealEditor.modules" 1228
"../../../Engine/Plugins/Runtime/SignificanceManager/Binaries/Win64/UnrealEditor.modules" 1229
"../../../Engine/Plugins/Developer/N10XSourceCodeAccess/Binaries/Win64/UnrealEditor.modules" 1230
"../../../Engine/Plugins/Developer/RenderDocPlugin/Binaries/Win64/UnrealEditor.modules" 1231
"../../../Engine/Plugins/Developer/PixWinPlugin/Binaries/Win64/UnrealEditor.modules" 1232
"../../../Engine/Plugins/Developer/PropertyAccessNode/Binaries/Win64/UnrealEditor.modules" 1233
"../../../Engine/Plugins/Developer/PerforceSourceControl/Binaries/Win64/UnrealEditor.modules" 1234
"../../../Engine/Plugins/Developer/ProjectLauncher/Binaries/Win64/UnrealEditor.modules" 1235
"../../../Engine/Plugins/Developer/SubversionSourceControl/Binaries/Win64/UnrealEditor.modules" 1236
"../../../Engine/Plugins/Developer/RiderSourceCodeAccess/Binaries/Win64/UnrealEditor.modules" 1237
"../../../Engine/Plugins/Developer/UObjectPlugin/Binaries/Win64/UnrealEditor.modules" 1238
"../../../Engine/Plugins/Developer/VisualStudioCodeSourceCodeAccess/Binaries/Win64/UnrealEditor.modules" 1239
"../../../Engine/Plugins/Developer/PlasticSourceControl/Binaries/Win64/UnrealEditor.modules" 1240
"../../../Engine/Plugins/Media/AndroidMedia/Binaries/Win64/UnrealEditor.modules" 1241
"../../../Engine/Plugins/Media/AvfMedia/Binaries/Win64/UnrealEditor.modules" 1242
"../../../Engine/Plugins/Developer/VisualStudioSourceCodeAccess/Binaries/Win64/UnrealEditor.modules" 1243
"../../../Engine/Plugins/Importers/AlembicImporter/Binaries/Win64/UnrealEditor.modules" 1244
"../../../Engine/Plugins/Media/ImgMedia/Binaries/Win64/UnrealEditor.modules" 1245
"../../../Engine/Plugins/Media/TmvMedia/Binaries/Win64/UnrealEditor.modules" 1246
"../../../Engine/Plugins/Media/MediaPlayerEditor/Binaries/Win64/UnrealEditor.modules" 1247
"../../../Engine/Plugins/Media/MP4Utilities/Binaries/Win64/UnrealEditor.modules" 1248
"../../../Engine/Plugins/Media/MediaCompositing/Binaries/Win64/UnrealEditor.modules" 1249
"../../../Engine/Plugins/Media/MediaPlate/Binaries/Win64/UnrealEditor.modules" 1250
"../../../Engine/Plugins/Compositing/CompositeCore/Binaries/Win64/UnrealEditor.modules" 1251
"../../../Engine/Plugins/Messaging/UdpMessaging/Binaries/Win64/UnrealEditor.modules" 1252
"../../../Engine/Plugins/Media/WmfMedia/Binaries/Win64/UnrealEditor.modules" 1253
"../../../Engine/Plugins/MovieScene/ActorSequence/Binaries/Win64/UnrealEditor.modules" 1254
"../../../Engine/Plugins/Messaging/TcpMessaging/Binaries/Win64/UnrealEditor.modules" 1255
"../../../Engine/Plugins/Portal/LauncherChunkInstaller/Binaries/Win64/UnrealEditor.modules" 1256
"../../../Engine/Plugins/Performance/AutomatedPerfTestTools/Binaries/Win64/UnrealEditor.modules" 1257
"../../../Engine/Plugins/MovieScene/SequenceValidator/Binaries/Win64/UnrealEditor.modules" 1258
"../../../Engine/Plugins/Editor/ObjectMixer/LightMixer/Binaries/Win64/UnrealEditor.modules" 1259
"../../../Engine/Plugins/Editor/Localization/PortableObjectFileDataSource/Binaries/Win64/UnrealEditor.modules" 1260
"../../../Engine/Plugins/Runtime/Windows/XInputDevice/Binaries/Win64/UnrealEditor.modules" 1261
"../../../Engine/Plugins/Experimental/InterchangeAxF/Assets/Binaries/Win64/UnrealEditor.modules" 1262
"../../../Engine/Plugins/Editor/ContentBrowser/ContentBrowserClassDataSource/Binaries/Win64/UnrealEditor.modules" 1263
"C:/Workspace/khj/Wanted5th/Part4/UnrealBuildSystem/Plugins/GameUtility/Binaries/Win64/UnrealEditor.modules" 1264
"../../../Engine/Config/BaseSourceControlSettings.ini" 1265
"../../../Engine/Content/Internationalization/icudt64l/coll/ucadata.icu" 1266
"../../../Engine/Content/Internationalization/icudt64l/coll/ko.res" 1267
"../../../Engine/Content/Internationalization/icudt64l/coll/root.res" 1268
"../../../Engine/Content/Internationalization/icudt64l/numberingSystems.res" 1269
"../../../Engine/Content/Internationalization/icudt64l/curr/supplementalData.res" 1270
"../../../Engine/Content/Internationalization/icudt64l/curr/ko.res" 1271
"../../../Engine/Content/Internationalization/icudt64l/curr/pool.res" 1272
"../../../Engine/Content/Internationalization/icudt64l/curr/root.res" 1273
"../../../Engine/Content/Certificates/ThirdParty/cacert.pem" 1274
"../../../Engine/Config/ConsoleVariables.ini" 1275
"C:/Workspace/khj/Wanted5th/Part4/UnrealBuildSystem/Saved/Logs/AutoSDKInfo.txt" 1276
"../../../Engine/Binaries/Win64/Android/UnrealEditor.modules" 1277
"../../../Engine/Binaries/Win64/IOS/UnrealEditor.modules" 1278
"../../../Engine/Binaries/Win64/Linux/UnrealEditor.modules" 1279
"../../../Engine/Content/Localization/Editor/en/Editor.locres" 1280
"../../../Engine/Content/Localization/Keywords/en/Keywords.locres" 1281
"../../../Engine/Content/Localization/Category/en/Category.locres" 1282
"../../../Engine/Content/Localization/ToolTips/en/ToolTips.locres" 1283
"../../../Engine/Content/Localization/PropertyNames/en/PropertyNames.locres" 1284
"../../../Engine/Content/Localization/Engine/en/Engine.locres" 1285
"../../../Engine/Plugins/Online/OnlineSubsystemUtils/Content/Localization/OnlineSubsystemUtils/en/OnlineSubsystemUtils.locres" 1286
"../../../Engine/Plugins/Online/OnlineSubsystem/Content/Localization/OnlineSubsystem/en/OnlineSubsystem.locres" 1287
"../../../Engine/Plugins/Online/IOS/OnlineSubsystemIOS/Content/Localization/OnlineSubsystemIOS/en/OnlineSubsystemIOS.locres" 1288
"../../../Engine/Plugins/Online/Android/OnlineSubsystemGooglePlay/Content/Localization/OnlineSubsystemGooglePlay/en/OnlineSubsystemGooglePlay.locres" 1289
"../../../Engine/Content/Internationalization/icudt64l/lang/af.res" 1290
"../../../Engine/Content/Internationalization/icudt64l/region/af.res" 1291
"../../../Engine/Content/Internationalization/icudt64l/lang/agq.res" 1292
"../../../Engine/Content/Internationalization/icudt64l/region/agq.res" 1293
"../../../Engine/Content/Internationalization/icudt64l/lang/ak.res" 1294
"../../../Engine/Content/Internationalization/icudt64l/region/ak.res" 1295
"../../../Engine/Content/Internationalization/icudt64l/lang/am.res" 1296
"../../../Engine/Content/Internationalization/icudt64l/region/am.res" 1297
"../../../Engine/Content/Internationalization/icudt64l/lang/ar.res" 1298
"../../../Engine/Content/Internationalization/icudt64l/region/ar.res" 1299
"../../../Engine/Content/Internationalization/icudt64l/region/ar_AE.res" 1300
"../../../Engine/Content/Internationalization/icudt64l/lang/ar_EG.res" 1301
"../../../Engine/Content/Internationalization/icudt64l/lang/ar_LY.res" 1302
"../../../Engine/Content/Internationalization/icudt64l/region/ar_LY.res" 1303
"../../../Engine/Content/Internationalization/icudt64l/lang/ar_SA.res" 1304
"../../../Engine/Content/Internationalization/icudt64l/region/ar_SA.res" 1305
"../../../Engine/Content/Internationalization/icudt64l/lang/as.res" 1306
"../../../Engine/Content/Internationalization/icudt64l/region/as.res" 1307
"../../../Engine/Content/Internationalization/icudt64l/lang/asa.res" 1308
"../../../Engine/Content/Internationalization/icudt64l/region/asa.res" 1309
"../../../Engine/Content/Internationalization/icudt64l/lang/ast.res" 1310
"../../../Engine/Content/Internationalization/icudt64l/region/ast.res" 1311
"../../../Engine/Content/Internationalization/icudt64l/lang/az.res" 1312
"../../../Engine/Content/Internationalization/icudt64l/lang/az_Cyrl.res" 1313
"../../../Engine/Content/Internationalization/icudt64l/lang/az_AZ.res" 1314
"../../../Engine/Content/Internationalization/icudt64l/lang/az_Latn_AZ.res" 1315
"../../../Engine/Content/Internationalization/icudt64l/lang/az_Latn.res" 1316
"../../../Engine/Content/Internationalization/icudt64l/region/az_AZ.res" 1317
"../../../Engine/Content/Internationalization/icudt64l/region/az_Latn_AZ.res" 1318
"../../../Engine/Content/Internationalization/icudt64l/region/az_Latn.res" 1319
"../../../Engine/Content/Internationalization/icudt64l/region/az.res" 1320
"../../../Engine/Content/Internationalization/icudt64l/region/az_Cyrl.res" 1321
"../../../Engine/Content/Internationalization/icudt64l/lang/bas.res" 1322
"../../../Engine/Content/Internationalization/icudt64l/region/bas.res" 1323
"../../../Engine/Content/Internationalization/icudt64l/lang/be.res" 1324
"../../../Engine/Content/Internationalization/icudt64l/region/be.res" 1325
"../../../Engine/Content/Internationalization/icudt64l/lang/bem.res" 1326
"../../../Engine/Content/Internationalization/icudt64l/region/bem.res" 1327
"../../../Engine/Content/Internationalization/icudt64l/lang/bez.res" 1328
"../../../Engine/Content/Internationalization/icudt64l/region/bez.res" 1329
"../../../Engine/Content/Internationalization/icudt64l/lang/bg.res" 1330
"../../../Engine/Content/Internationalization/icudt64l/region/bg.res" 1331
"../../../Engine/Content/Internationalization/icudt64l/lang/bm.res" 1332
"../../../Engine/Content/Internationalization/icudt64l/region/bm.res" 1333
"../../../Engine/Content/Internationalization/icudt64l/lang/bn.res" 1334
"../../../Engine/Content/Internationalization/icudt64l/region/bn.res" 1335
"../../../Engine/Content/Internationalization/icudt64l/lang/bn_IN.res" 1336
"../../../Engine/Content/Internationalization/icudt64l/region/bn_IN.res" 1337
"../../../Engine/Content/Internationalization/icudt64l/lang/bo.res" 1338
"../../../Engine/Content/Internationalization/icudt64l/region/bo.res" 1339
"../../../Engine/Content/Internationalization/icudt64l/region/bo_IN.res" 1340
"../../../Engine/Content/Internationalization/icudt64l/lang/br.res" 1341
"../../../Engine/Content/Internationalization/icudt64l/region/br.res" 1342
"../../../Engine/Content/Internationalization/icudt64l/lang/brx.res" 1343
"../../../Engine/Content/Internationalization/icudt64l/region/brx.res" 1344
"../../../Engine/Content/Internationalization/icudt64l/lang/bs.res" 1345
"../../../Engine/Content/Internationalization/icudt64l/lang/bs_Cyrl.res" 1346
"../../../Engine/Content/Internationalization/icudt64l/lang/bs_BA.res" 1347
"../../../Engine/Content/Internationalization/icudt64l/lang/bs_Latn_BA.res" 1348
"../../../Engine/Content/Internationalization/icudt64l/lang/bs_Latn.res" 1349
"../../../Engine/Content/Internationalization/icudt64l/region/bs_BA.res" 1350
"../../../Engine/Content/Internationalization/icudt64l/region/bs_Latn_BA.res" 1351
"../../../Engine/Content/Internationalization/icudt64l/region/bs_Latn.res" 1352
"../../../Engine/Content/Internationalization/icudt64l/region/bs.res" 1353
"../../../Engine/Content/Internationalization/icudt64l/region/bs_Cyrl.res" 1354
"../../../Engine/Content/Internationalization/icudt64l/lang/ca.res" 1355
"../../../Engine/Content/Internationalization/icudt64l/region/ca.res" 1356
"../../../Engine/Content/Internationalization/icudt64l/lang/ccp.res" 1357
"../../../Engine/Content/Internationalization/icudt64l/region/ccp.res" 1358
"../../../Engine/Content/Internationalization/icudt64l/lang/ce.res" 1359
"../../../Engine/Content/Internationalization/icudt64l/region/ce.res" 1360
"../../../Engine/Content/Internationalization/icudt64l/lang/ceb.res" 1361
"../../../Engine/Content/Internationalization/icudt64l/region/ceb.res" 1362
"../../../Engine/Content/Internationalization/icudt64l/lang/cgg.res" 1363
"../../../Engine/Content/Internationalization/icudt64l/region/cgg.res" 1364
"../../../Engine/Content/Internationalization/icudt64l/lang/chr.res" 1365
"../../../Engine/Content/Internationalization/icudt64l/region/chr.res" 1366
"../../../Engine/Content/Internationalization/icudt64l/lang/ckb.res" 1367
"../../../Engine/Content/Internationalization/icudt64l/region/ckb.res" 1368
"../../../Engine/Content/Internationalization/icudt64l/lang/cs.res" 1369
"../../../Engine/Content/Internationalization/icudt64l/region/cs.res" 1370
"../../../Engine/Content/Internationalization/icudt64l/lang/cy.res" 1371
"../../../Engine/Content/Internationalization/icudt64l/region/cy.res" 1372
"../../../Engine/Content/Internationalization/icudt64l/lang/da.res" 1373
"../../../Engine/Content/Internationalization/icudt64l/region/da.res" 1374
"../../../Engine/Content/Internationalization/icudt64l/lang/dav.res" 1375
"../../../Engine/Content/Internationalization/icudt64l/region/dav.res" 1376
"../../../Engine/Content/Internationalization/icudt64l/lang/de.res" 1377
"../../../Engine/Content/Internationalization/icudt64l/lang/de_AT.res" 1378
"../../../Engine/Content/Internationalization/icudt64l/region/de_AT.res" 1379
"../../../Engine/Content/Internationalization/icudt64l/region/de.res" 1380
"../../../Engine/Content/Internationalization/icudt64l/lang/de_CH.res" 1381
"../../../Engine/Content/Internationalization/icudt64l/region/de_CH.res" 1382
"../../../Engine/Content/Internationalization/icudt64l/lang/de_LU.res" 1383
"../../../Engine/Content/Internationalization/icudt64l/lang/dje.res" 1384
"../../../Engine/Content/Internationalization/icudt64l/region/dje.res" 1385
"../../../Engine/Content/Internationalization/icudt64l/lang/dsb.res" 1386
"../../../Engine/Content/Internationalization/icudt64l/region/dsb.res" 1387
"../../../Engine/Content/Internationalization/icudt64l/lang/dua.res" 1388
"../../../Engine/Content/Internationalization/icudt64l/region/dua.res" 1389
"../../../Engine/Content/Internationalization/icudt64l/lang/dyo.res" 1390
"../../../Engine/Content/Internationalization/icudt64l/region/dyo.res" 1391
"../../../Engine/Content/Internationalization/icudt64l/lang/dz.res" 1392
"../../../Engine/Content/Internationalization/icudt64l/region/dz.res" 1393
"../../../Engine/Content/Internationalization/icudt64l/lang/ebu.res" 1394
"../../../Engine/Content/Internationalization/icudt64l/region/ebu.res" 1395
"../../../Engine/Content/Internationalization/icudt64l/lang/ee.res" 1396
"../../../Engine/Content/Internationalization/icudt64l/region/ee.res" 1397
"../../../Engine/Content/Internationalization/icudt64l/lang/el.res" 1398
"../../../Engine/Content/Internationalization/icudt64l/region/el.res" 1399
"../../../Engine/Content/Internationalization/icudt64l/lang/en_001.res" 1400
"../../../Engine/Content/Internationalization/icudt64l/lang/en_150.res" 1401
"../../../Engine/Content/Internationalization/icudt64l/region/en_150.res" 1402
"../../../Engine/Content/Internationalization/icudt64l/lang/en_AG.res" 1403
"../../../Engine/Content/Internationalization/icudt64l/region/en_AG.res" 1404
"../../../Engine/Content/Internationalization/icudt64l/lang/en_AI.res" 1405
"../../../Engine/Content/Internationalization/icudt64l/region/en_AI.res" 1406
"../../../Engine/Content/Internationalization/icudt64l/lang/en_AT.res" 1407
"../../../Engine/Content/Internationalization/icudt64l/region/en_AT.res" 1408
"../../../Engine/Content/Internationalization/icudt64l/lang/en_AU.res" 1409
"../../../Engine/Content/Internationalization/icudt64l/region/en_AU.res" 1410
"../../../Engine/Content/Internationalization/icudt64l/lang/en_BB.res" 1411
"../../../Engine/Content/Internationalization/icudt64l/region/en_BB.res" 1412
"../../../Engine/Content/Internationalization/icudt64l/lang/en_BE.res" 1413
"../../../Engine/Content/Internationalization/icudt64l/region/en_BE.res" 1414
"../../../Engine/Content/Internationalization/icudt64l/lang/en_BM.res" 1415
"../../../Engine/Content/Internationalization/icudt64l/region/en_BM.res" 1416
"../../../Engine/Content/Internationalization/icudt64l/lang/en_BS.res" 1417
"../../../Engine/Content/Internationalization/icudt64l/region/en_BS.res" 1418
"../../../Engine/Content/Internationalization/icudt64l/lang/en_BW.res" 1419
"../../../Engine/Content/Internationalization/icudt64l/region/en_BW.res" 1420
"../../../Engine/Content/Internationalization/icudt64l/lang/en_BZ.res" 1421
"../../../Engine/Content/Internationalization/icudt64l/region/en_BZ.res" 1422
"../../../Engine/Content/Internationalization/icudt64l/lang/en_CA.res" 1423
"../../../Engine/Content/Internationalization/icudt64l/region/en_CA.res" 1424
"../../../Engine/Content/Internationalization/icudt64l/lang/en_CC.res" 1425
"../../../Engine/Content/Internationalization/icudt64l/region/en_CC.res" 1426
"../../../Engine/Content/Internationalization/icudt64l/lang/en_CH.res" 1427
"../../../Engine/Content/Internationalization/icudt64l/region/en_CH.res" 1428
"../../../Engine/Content/Internationalization/icudt64l/lang/en_CK.res" 1429
"../../../Engine/Content/Internationalization/icudt64l/region/en_CK.res" 1430
"../../../Engine/Content/Internationalization/icudt64l/lang/en_CM.res" 1431
"../../../Engine/Content/Internationalization/icudt64l/region/en_CM.res" 1432
"../../../Engine/Content/Internationalization/icudt64l/lang/en_CX.res" 1433
"../../../Engine/Content/Internationalization/icudt64l/region/en_CX.res" 1434
"../../../Engine/Content/Internationalization/icudt64l/lang/en_CY.res" 1435
"../../../Engine/Content/Internationalization/icudt64l/region/en_CY.res" 1436
"../../../Engine/Content/Internationalization/icudt64l/lang/en_DE.res" 1437
"../../../Engine/Content/Internationalization/icudt64l/region/en_DE.res" 1438
"../../../Engine/Content/Internationalization/icudt64l/lang/en_DG.res" 1439
"../../../Engine/Content/Internationalization/icudt64l/region/en_DG.res" 1440
"../../../Engine/Content/Internationalization/icudt64l/lang/en_DK.res" 1441
"../../../Engine/Content/Internationalization/icudt64l/region/en_DK.res" 1442
"../../../Engine/Content/Internationalization/icudt64l/lang/en_DM.res" 1443
"../../../Engine/Content/Internationalization/icudt64l/region/en_DM.res" 1444
"../../../Engine/Content/Internationalization/icudt64l/lang/en_ER.res" 1445
"../../../Engine/Content/Internationalization/icudt64l/region/en_ER.res" 1446
"../../../Engine/Content/Internationalization/icudt64l/lang/en_FI.res" 1447
"../../../Engine/Content/Internationalization/icudt64l/region/en_FI.res" 1448
"../../../Engine/Content/Internationalization/icudt64l/lang/en_FJ.res" 1449
"../../../Engine/Content/Internationalization/icudt64l/region/en_FJ.res" 1450
"../../../Engine/Content/Internationalization/icudt64l/lang/en_FK.res" 1451
"../../../Engine/Content/Internationalization/icudt64l/region/en_FK.res" 1452
"../../../Engine/Content/Internationalization/icudt64l/lang/en_FM.res" 1453
"../../../Engine/Content/Internationalization/icudt64l/region/en_FM.res" 1454
"../../../Engine/Content/Internationalization/icudt64l/lang/en_GB.res" 1455
"../../../Engine/Content/Internationalization/icudt64l/region/en_GB.res" 1456
"../../../Engine/Content/Internationalization/icudt64l/lang/en_GD.res" 1457
"../../../Engine/Content/Internationalization/icudt64l/region/en_GD.res" 1458
"../../../Engine/Content/Internationalization/icudt64l/lang/en_GG.res" 1459
"../../../Engine/Content/Internationalization/icudt64l/region/en_GG.res" 1460
"../../../Engine/Content/Internationalization/icudt64l/lang/en_GH.res" 1461
"../../../Engine/Content/Internationalization/icudt64l/region/en_GH.res" 1462
"../../../Engine/Content/Internationalization/icudt64l/lang/en_GI.res" 1463
"../../../Engine/Content/Internationalization/icudt64l/region/en_GI.res" 1464
"../../../Engine/Content/Internationalization/icudt64l/lang/en_GM.res" 1465
"../../../Engine/Content/Internationalization/icudt64l/region/en_GM.res" 1466
"../../../Engine/Content/Internationalization/icudt64l/lang/en_GY.res" 1467
"../../../Engine/Content/Internationalization/icudt64l/region/en_GY.res" 1468
"../../../Engine/Content/Internationalization/icudt64l/lang/en_HK.res" 1469
"../../../Engine/Content/Internationalization/icudt64l/region/en_HK.res" 1470
"../../../Engine/Content/Internationalization/icudt64l/lang/en_IE.res" 1471
"../../../Engine/Content/Internationalization/icudt64l/region/en_IE.res" 1472
"../../../Engine/Content/Internationalization/icudt64l/lang/en_IL.res" 1473
"../../../Engine/Content/Internationalization/icudt64l/region/en_IL.res" 1474
"../../../Engine/Content/Internationalization/icudt64l/lang/en_IM.res" 1475
"../../../Engine/Content/Internationalization/icudt64l/region/en_IM.res" 1476
"../../../Engine/Content/Internationalization/icudt64l/lang/en_IN.res" 1477
"../../../Engine/Content/Internationalization/icudt64l/region/en_IN.res" 1478
"../../../Engine/Content/Internationalization/icudt64l/lang/en_IO.res" 1479
"../../../Engine/Content/Internationalization/icudt64l/region/en_IO.res" 1480
"../../../Engine/Content/Internationalization/icudt64l/lang/en_JE.res" 1481
"../../../Engine/Content/Internationalization/icudt64l/region/en_JE.res" 1482
"../../../Engine/Content/Internationalization/icudt64l/lang/en_JM.res" 1483
"../../../Engine/Content/Internationalization/icudt64l/region/en_JM.res" 1484
"../../../Engine/Content/Internationalization/icudt64l/lang/en_KE.res" 1485
"../../../Engine/Content/Internationalization/icudt64l/region/en_KE.res" 1486
"../../../Engine/Content/Internationalization/icudt64l/lang/en_KI.res" 1487
"../../../Engine/Content/Internationalization/icudt64l/region/en_KI.res" 1488
"../../../Engine/Content/Internationalization/icudt64l/lang/en_KN.res" 1489
"../../../Engine/Content/Internationalization/icudt64l/region/en_KN.res" 1490
"../../../Engine/Content/Internationalization/icudt64l/lang/en_KY.res" 1491
"../../../Engine/Content/Internationalization/icudt64l/region/en_KY.res" 1492
"../../../Engine/Content/Internationalization/icudt64l/lang/en_LC.res" 1493
"../../../Engine/Content/Internationalization/icudt64l/region/en_LC.res" 1494
"../../../Engine/Content/Internationalization/icudt64l/lang/en_LR.res" 1495
"../../../Engine/Content/Internationalization/icudt64l/region/en_LR.res" 1496
"../../../Engine/Content/Internationalization/icudt64l/lang/en_LS.res" 1497
"../../../Engine/Content/Internationalization/icudt64l/region/en_LS.res" 1498
"../../../Engine/Content/Internationalization/icudt64l/lang/en_MG.res" 1499
"../../../Engine/Content/Internationalization/icudt64l/region/en_MG.res" 1500
"../../../Engine/Content/Internationalization/icudt64l/lang/en_MO.res" 1501
"../../../Engine/Content/Internationalization/icudt64l/region/en_MO.res" 1502
"../../../Engine/Content/Internationalization/icudt64l/lang/en_MS.res" 1503
"../../../Engine/Content/Internationalization/icudt64l/region/en_MS.res" 1504
"../../../Engine/Content/Internationalization/icudt64l/lang/en_MT.res" 1505
"../../../Engine/Content/Internationalization/icudt64l/region/en_MT.res" 1506
"../../../Engine/Content/Internationalization/icudt64l/lang/en_MU.res" 1507
"../../../Engine/Content/Internationalization/icudt64l/region/en_MU.res" 1508
"../../../Engine/Content/Internationalization/icudt64l/lang/en_MW.res" 1509
"../../../Engine/Content/Internationalization/icudt64l/region/en_MW.res" 1510
"../../../Engine/Content/Internationalization/icudt64l/lang/en_MY.res" 1511
"../../../Engine/Content/Internationalization/icudt64l/region/en_MY.res" 1512
"../../../Engine/Content/Internationalization/icudt64l/lang/en_NA.res" 1513
"../../../Engine/Content/Internationalization/icudt64l/region/en_NA.res" 1514
"../../../Engine/Content/Internationalization/icudt64l/lang/en_NF.res" 1515
"../../../Engine/Content/Internationalization/icudt64l/region/en_NF.res" 1516
"../../../Engine/Content/Internationalization/icudt64l/lang/en_NG.res" 1517
"../../../Engine/Content/Internationalization/icudt64l/region/en_NG.res" 1518
"../../../Engine/Content/Internationalization/icudt64l/lang/en_NL.res" 1519
"../../../Engine/Content/Internationalization/icudt64l/region/en_NL.res" 1520
"../../../Engine/Content/Internationalization/icudt64l/lang/en_NR.res" 1521
"../../../Engine/Content/Internationalization/icudt64l/region/en_NR.res" 1522
"../../../Engine/Content/Internationalization/icudt64l/lang/en_NU.res" 1523
"../../../Engine/Content/Internationalization/icudt64l/region/en_NU.res" 1524
"../../../Engine/Content/Internationalization/icudt64l/lang/en_NZ.res" 1525
"../../../Engine/Content/Internationalization/icudt64l/region/en_NZ.res" 1526
"../../../Engine/Content/Internationalization/icudt64l/lang/en_PG.res" 1527
"../../../Engine/Content/Internationalization/icudt64l/region/en_PG.res" 1528
"../../../Engine/Content/Internationalization/icudt64l/lang/en_PH.res" 1529
"../../../Engine/Content/Internationalization/icudt64l/region/en_PH.res" 1530
"../../../Engine/Content/Internationalization/icudt64l/lang/en_PK.res" 1531
"../../../Engine/Content/Internationalization/icudt64l/region/en_PK.res" 1532
"../../../Engine/Content/Internationalization/icudt64l/lang/en_PN.res" 1533
"../../../Engine/Content/Internationalization/icudt64l/region/en_PN.res" 1534
"../../../Engine/Content/Internationalization/icudt64l/lang/en_PW.res" 1535
"../../../Engine/Content/Internationalization/icudt64l/region/en_PW.res" 1536
"../../../Engine/Content/Internationalization/icudt64l/lang/en_RW.res" 1537
"../../../Engine/Content/Internationalization/icudt64l/region/en_RW.res" 1538
"../../../Engine/Content/Internationalization/icudt64l/lang/en_SB.res" 1539
"../../../Engine/Content/Internationalization/icudt64l/region/en_SB.res" 1540
"../../../Engine/Content/Internationalization/icudt64l/lang/en_SC.res" 1541
"../../../Engine/Content/Internationalization/icudt64l/region/en_SC.res" 1542
"../../../Engine/Content/Internationalization/icudt64l/lang/en_SD.res" 1543
"../../../Engine/Content/Internationalization/icudt64l/region/en_SD.res" 1544
"../../../Engine/Content/Internationalization/icudt64l/lang/en_SE.res" 1545
"../../../Engine/Content/Internationalization/icudt64l/region/en_SE.res" 1546
"../../../Engine/Content/Internationalization/icudt64l/lang/en_SG.res" 1547
"../../../Engine/Content/Internationalization/icudt64l/region/en_SG.res" 1548
"../../../Engine/Content/Internationalization/icudt64l/lang/en_SH.res" 1549
"../../../Engine/Content/Internationalization/icudt64l/region/en_SH.res" 1550
"../../../Engine/Content/Internationalization/icudt64l/lang/en_SI.res" 1551
"../../../Engine/Content/Internationalization/icudt64l/region/en_SI.res" 1552
"../../../Engine/Content/Internationalization/icudt64l/lang/en_SL.res" 1553
"../../../Engine/Content/Internationalization/icudt64l/region/en_SL.res" 1554
"../../../Engine/Content/Internationalization/icudt64l/lang/en_SS.res" 1555
"../../../Engine/Content/Internationalization/icudt64l/region/en_SS.res" 1556
"../../../Engine/Content/Internationalization/icudt64l/lang/en_SX.res" 1557
"../../../Engine/Content/Internationalization/icudt64l/region/en_SX.res" 1558
"../../../Engine/Content/Internationalization/icudt64l/lang/en_SZ.res" 1559
"../../../Engine/Content/Internationalization/icudt64l/region/en_SZ.res" 1560
"../../../Engine/Content/Internationalization/icudt64l/lang/en_TC.res" 1561
"../../../Engine/Content/Internationalization/icudt64l/region/en_TC.res" 1562
"../../../Engine/Content/Internationalization/icudt64l/lang/en_TK.res" 1563
"../../../Engine/Content/Internationalization/icudt64l/region/en_TK.res" 1564
"../../../Engine/Content/Internationalization/icudt64l/lang/en_TO.res" 1565
"../../../Engine/Content/Internationalization/icudt64l/region/en_TO.res" 1566
"../../../Engine/Content/Internationalization/icudt64l/lang/en_TT.res" 1567
"../../../Engine/Content/Internationalization/icudt64l/region/en_TT.res" 1568
"../../../Engine/Content/Internationalization/icudt64l/lang/en_TV.res" 1569
"../../../Engine/Content/Internationalization/icudt64l/region/en_TV.res" 1570
"../../../Engine/Content/Internationalization/icudt64l/lang/en_TZ.res" 1571
"../../../Engine/Content/Internationalization/icudt64l/region/en_TZ.res" 1572
"../../../Engine/Content/Internationalization/icudt64l/lang/en_UG.res" 1573
"../../../Engine/Content/Internationalization/icudt64l/region/en_UG.res" 1574
"../../../Engine/Content/Internationalization/icudt64l/lang/en_VC.res" 1575
"../../../Engine/Content/Internationalization/icudt64l/region/en_VC.res" 1576
"../../../Engine/Content/Internationalization/icudt64l/lang/en_VG.res" 1577
"../../../Engine/Content/Internationalization/icudt64l/region/en_VG.res" 1578
"../../../Engine/Content/Internationalization/icudt64l/lang/en_VU.res" 1579
"../../../Engine/Content/Internationalization/icudt64l/region/en_VU.res" 1580
"../../../Engine/Content/Internationalization/icudt64l/lang/en_WS.res" 1581
"../../../Engine/Content/Internationalization/icudt64l/region/en_WS.res" 1582
"../../../Engine/Content/Internationalization/icudt64l/lang/en_ZA.res" 1583
"../../../Engine/Content/Internationalization/icudt64l/region/en_ZA.res" 1584
"../../../Engine/Content/Internationalization/icudt64l/lang/en_ZM.res" 1585
"../../../Engine/Content/Internationalization/icudt64l/region/en_ZM.res" 1586
"../../../Engine/Content/Internationalization/icudt64l/lang/en_ZW.res" 1587
"../../../Engine/Content/Internationalization/icudt64l/region/en_ZW.res" 1588
"../../../Engine/Content/Internationalization/icudt64l/lang/eo.res" 1589
"../../../Engine/Content/Internationalization/icudt64l/region/eo.res" 1590
"../../../Engine/Content/Internationalization/icudt64l/lang/es.res" 1591
"../../../Engine/Content/Internationalization/icudt64l/lang/es_419.res" 1592
"../../../Engine/Content/Internationalization/icudt64l/region/es_419.res" 1593
"../../../Engine/Content/Internationalization/icudt64l/region/es.res" 1594
"../../../Engine/Content/Internationalization/icudt64l/lang/es_AR.res" 1595
"../../../Engine/Content/Internationalization/icudt64l/region/es_AR.res" 1596
"../../../Engine/Content/Internationalization/icudt64l/lang/es_BO.res" 1597
"../../../Engine/Content/Internationalization/icudt64l/region/es_BO.res" 1598
"../../../Engine/Content/Internationalization/icudt64l/lang/es_BR.res" 1599
"../../../Engine/Content/Internationalization/icudt64l/region/es_BR.res" 1600
"../../../Engine/Content/Internationalization/icudt64l/lang/es_BZ.res" 1601
"../../../Engine/Content/Internationalization/icudt64l/region/es_BZ.res" 1602
"../../../Engine/Content/Internationalization/icudt64l/lang/es_CL.res" 1603
"../../../Engine/Content/Internationalization/icudt64l/region/es_CL.res" 1604
"../../../Engine/Content/Internationalization/icudt64l/lang/es_CO.res" 1605
"../../../Engine/Content/Internationalization/icudt64l/region/es_CO.res" 1606
"../../../Engine/Content/Internationalization/icudt64l/lang/es_CR.res" 1607
"../../../Engine/Content/Internationalization/icudt64l/region/es_CR.res" 1608
"../../../Engine/Content/Internationalization/icudt64l/lang/es_CU.res" 1609
"../../../Engine/Content/Internationalization/icudt64l/region/es_CU.res" 1610
"../../../Engine/Content/Internationalization/icudt64l/lang/es_DO.res" 1611
"../../../Engine/Content/Internationalization/icudt64l/region/es_DO.res" 1612
"../../../Engine/Content/Internationalization/icudt64l/lang/es_EC.res" 1613
"../../../Engine/Content/Internationalization/icudt64l/region/es_EC.res" 1614
"../../../Engine/Content/Internationalization/icudt64l/lang/es_GT.res" 1615
"../../../Engine/Content/Internationalization/icudt64l/region/es_GT.res" 1616
"../../../Engine/Content/Internationalization/icudt64l/lang/es_HN.res" 1617
"../../../Engine/Content/Internationalization/icudt64l/region/es_HN.res" 1618
"../../../Engine/Content/Internationalization/icudt64l/lang/es_MX.res" 1619
"../../../Engine/Content/Internationalization/icudt64l/region/es_MX.res" 1620
"../../../Engine/Content/Internationalization/icudt64l/lang/es_NI.res" 1621
"../../../Engine/Content/Internationalization/icudt64l/region/es_NI.res" 1622
"../../../Engine/Content/Internationalization/icudt64l/lang/es_PA.res" 1623
"../../../Engine/Content/Internationalization/icudt64l/region/es_PA.res" 1624
"../../../Engine/Content/Internationalization/icudt64l/lang/es_PE.res" 1625
"../../../Engine/Content/Internationalization/icudt64l/region/es_PE.res" 1626
"../../../Engine/Content/Internationalization/icudt64l/lang/es_PR.res" 1627
"../../../Engine/Content/Internationalization/icudt64l/region/es_PR.res" 1628
"../../../Engine/Content/Internationalization/icudt64l/lang/es_PY.res" 1629
"../../../Engine/Content/Internationalization/icudt64l/region/es_PY.res" 1630
"../../../Engine/Content/Internationalization/icudt64l/lang/es_SV.res" 1631
"../../../Engine/Content/Internationalization/icudt64l/region/es_SV.res" 1632
"../../../Engine/Content/Internationalization/icudt64l/lang/es_US.res" 1633
"../../../Engine/Content/Internationalization/icudt64l/region/es_US.res" 1634
"../../../Engine/Content/Internationalization/icudt64l/lang/es_UY.res" 1635
"../../../Engine/Content/Internationalization/icudt64l/region/es_UY.res" 1636
"../../../Engine/Content/Internationalization/icudt64l/lang/es_VE.res" 1637
"../../../Engine/Content/Internationalization/icudt64l/region/es_VE.res" 1638
"../../../Engine/Content/Internationalization/icudt64l/lang/et.res" 1639
"../../../Engine/Content/Internationalization/icudt64l/region/et.res" 1640
"../../../Engine/Content/Internationalization/icudt64l/lang/eu.res" 1641
"../../../Engine/Content/Internationalization/icudt64l/region/eu.res" 1642
"../../../Engine/Content/Internationalization/icudt64l/lang/ewo.res" 1643
"../../../Engine/Content/Internationalization/icudt64l/region/ewo.res" 1644
"../../../Engine/Content/Internationalization/icudt64l/lang/fa.res" 1645
"../../../Engine/Content/Internationalization/icudt64l/lang/fa_AF.res" 1646
"../../../Engine/Content/Internationalization/icudt64l/region/fa_AF.res" 1647
"../../../Engine/Content/Internationalization/icudt64l/region/fa.res" 1648
"../../../Engine/Content/Internationalization/icudt64l/lang/ff.res" 1649
"../../../Engine/Content/Internationalization/icudt64l/lang/ff_Latn.res" 1650
"../../../Engine/Content/Internationalization/icudt64l/region/ff.res" 1651
"../../../Engine/Content/Internationalization/icudt64l/region/ff_Latn.res" 1652
"../../../Engine/Content/Internationalization/icudt64l/lang/ff_CM.res" 1653
"../../../Engine/Content/Internationalization/icudt64l/lang/ff_Latn_CM.res" 1654
"../../../Engine/Content/Internationalization/icudt64l/region/ff_CM.res" 1655
"../../../Engine/Content/Internationalization/icudt64l/region/ff_Latn_CM.res" 1656
"../../../Engine/Content/Internationalization/icudt64l/lang/ff_GN.res" 1657
"../../../Engine/Content/Internationalization/icudt64l/lang/ff_Latn_GN.res" 1658
"../../../Engine/Content/Internationalization/icudt64l/region/ff_GN.res" 1659
"../../../Engine/Content/Internationalization/icudt64l/region/ff_Latn_GN.res" 1660
"../../../Engine/Content/Internationalization/icudt64l/lang/ff_MR.res" 1661
"../../../Engine/Content/Internationalization/icudt64l/lang/ff_Latn_MR.res" 1662
"../../../Engine/Content/Internationalization/icudt64l/region/ff_MR.res" 1663
"../../../Engine/Content/Internationalization/icudt64l/region/ff_Latn_MR.res" 1664
"../../../Engine/Content/Internationalization/icudt64l/lang/ff_SN.res" 1665
"../../../Engine/Content/Internationalization/icudt64l/lang/ff_Latn_SN.res" 1666
"../../../Engine/Content/Internationalization/icudt64l/region/ff_SN.res" 1667
"../../../Engine/Content/Internationalization/icudt64l/region/ff_Latn_SN.res" 1668
"../../../Engine/Content/Internationalization/icudt64l/lang/fi.res" 1669
"../../../Engine/Content/Internationalization/icudt64l/region/fi.res" 1670
"../../../Engine/Content/Internationalization/icudt64l/lang/fil.res" 1671
"../../../Engine/Content/Internationalization/icudt64l/lang/fil_PH.res" 1672
"../../../Engine/Content/Internationalization/icudt64l/region/fil_PH.res" 1673
"../../../Engine/Content/Internationalization/icudt64l/region/fil.res" 1674
"../../../Engine/Content/Internationalization/icudt64l/lang/fo.res" 1675
"../../../Engine/Content/Internationalization/icudt64l/region/fo.res" 1676
"../../../Engine/Content/Internationalization/icudt64l/lang/fr.res" 1677
"../../../Engine/Content/Internationalization/icudt64l/lang/fr_BE.res" 1678
"../../../Engine/Content/Internationalization/icudt64l/region/fr_BE.res" 1679
"../../../Engine/Content/Internationalization/icudt64l/region/fr.res" 1680
"../../../Engine/Content/Internationalization/icudt64l/lang/fr_CA.res" 1681
"../../../Engine/Content/Internationalization/icudt64l/region/fr_CA.res" 1682
"../../../Engine/Content/Internationalization/icudt64l/lang/fr_CH.res" 1683
"../../../Engine/Content/Internationalization/icudt64l/lang/fur.res" 1684
"../../../Engine/Content/Internationalization/icudt64l/region/fur.res" 1685
"../../../Engine/Content/Internationalization/icudt64l/lang/fy.res" 1686
"../../../Engine/Content/Internationalization/icudt64l/region/fy.res" 1687
"../../../Engine/Content/Internationalization/icudt64l/lang/ga.res" 1688
"../../../Engine/Content/Internationalization/icudt64l/region/ga.res" 1689
"../../../Engine/Content/Internationalization/icudt64l/lang/gd.res" 1690
"../../../Engine/Content/Internationalization/icudt64l/region/gd.res" 1691
"../../../Engine/Content/Internationalization/icudt64l/lang/gl.res" 1692
"../../../Engine/Content/Internationalization/icudt64l/region/gl.res" 1693
"../../../Engine/Content/Internationalization/icudt64l/lang/gsw.res" 1694
"../../../Engine/Content/Internationalization/icudt64l/region/gsw.res" 1695
"../../../Engine/Content/Internationalization/icudt64l/lang/gu.res" 1696
"../../../Engine/Content/Internationalization/icudt64l/region/gu.res" 1697
"../../../Engine/Content/Internationalization/icudt64l/lang/guz.res" 1698
"../../../Engine/Content/Internationalization/icudt64l/region/guz.res" 1699
"../../../Engine/Content/Internationalization/icudt64l/lang/gv.res" 1700
"../../../Engine/Content/Internationalization/icudt64l/region/gv.res" 1701
"../../../Engine/Content/Internationalization/icudt64l/lang/ha.res" 1702
"../../../Engine/Content/Internationalization/icudt64l/region/ha.res" 1703
"../../../Engine/Content/Internationalization/icudt64l/lang/ha_NE.res" 1704
"../../../Engine/Content/Internationalization/icudt64l/region/ha_NE.res" 1705
"../../../Engine/Content/Internationalization/icudt64l/lang/haw.res" 1706
"../../../Engine/Content/Internationalization/icudt64l/region/haw.res" 1707
"../../../Engine/Content/Internationalization/icudt64l/lang/he.res" 1708
"../../../Engine/Content/Internationalization/icudt64l/lang/he_IL.res" 1709
"../../../Engine/Content/Internationalization/icudt64l/region/he_IL.res" 1710
"../../../Engine/Content/Internationalization/icudt64l/region/he.res" 1711
"../../../Engine/Content/Internationalization/icudt64l/lang/hi.res" 1712
"../../../Engine/Content/Internationalization/icudt64l/region/hi.res" 1713
"../../../Engine/Content/Internationalization/icudt64l/lang/hr.res" 1714
"../../../Engine/Content/Internationalization/icudt64l/region/hr.res" 1715
"../../../Engine/Content/Internationalization/icudt64l/lang/hsb.res" 1716
"../../../Engine/Content/Internationalization/icudt64l/region/hsb.res" 1717
"../../../Engine/Content/Internationalization/icudt64l/lang/hu.res" 1718
"../../../Engine/Content/Internationalization/icudt64l/region/hu.res" 1719
"../../../Engine/Content/Internationalization/icudt64l/lang/hy.res" 1720
"../../../Engine/Content/Internationalization/icudt64l/region/hy.res" 1721
"../../../Engine/Content/Internationalization/icudt64l/lang/ia.res" 1722
"../../../Engine/Content/Internationalization/icudt64l/region/ia.res" 1723
"../../../Engine/Content/Internationalization/icudt64l/lang/id.res" 1724
"../../../Engine/Content/Internationalization/icudt64l/lang/id_ID.res" 1725
"../../../Engine/Content/Internationalization/icudt64l/region/id_ID.res" 1726
"../../../Engine/Content/Internationalization/icudt64l/region/id.res" 1727
"../../../Engine/Content/Internationalization/icudt64l/lang/ig.res" 1728
"../../../Engine/Content/Internationalization/icudt64l/region/ig.res" 1729
"../../../Engine/Content/Internationalization/icudt64l/lang/ii.res" 1730
"../../../Engine/Content/Internationalization/icudt64l/region/ii.res" 1731
"../../../Engine/Content/Internationalization/icudt64l/lang/is.res" 1732
"../../../Engine/Content/Internationalization/icudt64l/region/is.res" 1733
"../../../Engine/Content/Internationalization/icudt64l/lang/it.res" 1734
"../../../Engine/Content/Internationalization/icudt64l/region/it.res" 1735
"../../../Engine/Content/Internationalization/icudt64l/lang/ja.res" 1736
"../../../Engine/Content/Internationalization/icudt64l/lang/ja_JP.res" 1737
"../../../Engine/Content/Internationalization/icudt64l/region/ja_JP.res" 1738
"../../../Engine/Content/Internationalization/icudt64l/region/ja.res" 1739
"../../../Engine/Content/Internationalization/icudt64l/lang/jgo.res" 1740
"../../../Engine/Content/Internationalization/icudt64l/region/jgo.res" 1741
"../../../Engine/Content/Internationalization/icudt64l/lang/jmc.res" 1742
"../../../Engine/Content/Internationalization/icudt64l/region/jmc.res" 1743
"../../../Engine/Content/Internationalization/icudt64l/lang/jv.res" 1744
"../../../Engine/Content/Internationalization/icudt64l/region/jv.res" 1745
"../../../Engine/Content/Internationalization/icudt64l/lang/ka.res" 1746
"../../../Engine/Content/Internationalization/icudt64l/region/ka.res" 1747
"../../../Engine/Content/Internationalization/icudt64l/lang/kab.res" 1748
"../../../Engine/Content/Internationalization/icudt64l/region/kab.res" 1749
"../../../Engine/Content/Internationalization/icudt64l/lang/kam.res" 1750
"../../../Engine/Content/Internationalization/icudt64l/region/kam.res" 1751
"../../../Engine/Content/Internationalization/icudt64l/lang/kde.res" 1752
"../../../Engine/Content/Internationalization/icudt64l/region/kde.res" 1753
"../../../Engine/Content/Internationalization/icudt64l/lang/kea.res" 1754
"../../../Engine/Content/Internationalization/icudt64l/region/kea.res" 1755
"../../../Engine/Content/Internationalization/icudt64l/lang/khq.res" 1756
"../../../Engine/Content/Internationalization/icudt64l/region/khq.res" 1757
"../../../Engine/Content/Internationalization/icudt64l/lang/ki.res" 1758
"../../../Engine/Content/Internationalization/icudt64l/region/ki.res" 1759
"../../../Engine/Content/Internationalization/icudt64l/lang/kk.res" 1760
"../../../Engine/Content/Internationalization/icudt64l/region/kk.res" 1761
"../../../Engine/Content/Internationalization/icudt64l/lang/kkj.res" 1762
"../../../Engine/Content/Internationalization/icudt64l/region/kkj.res" 1763
"../../../Engine/Content/Internationalization/icudt64l/lang/kl.res" 1764
"../../../Engine/Content/Internationalization/icudt64l/region/kl.res" 1765
"../../../Engine/Content/Internationalization/icudt64l/lang/kln.res" 1766
"../../../Engine/Content/Internationalization/icudt64l/region/kln.res" 1767
"../../../Engine/Content/Internationalization/icudt64l/lang/km.res" 1768
"../../../Engine/Content/Internationalization/icudt64l/region/km.res" 1769
"../../../Engine/Content/Internationalization/icudt64l/lang/kn.res" 1770
"../../../Engine/Content/Internationalization/icudt64l/region/kn.res" 1771
"../../../Engine/Content/Internationalization/icudt64l/region/ko_KP.res" 1772
"../../../Engine/Content/Internationalization/icudt64l/lang/kok.res" 1773
"../../../Engine/Content/Internationalization/icudt64l/region/kok.res" 1774
"../../../Engine/Content/Internationalization/icudt64l/lang/ks.res" 1775
"../../../Engine/Content/Internationalization/icudt64l/region/ks.res" 1776
"../../../Engine/Content/Internationalization/icudt64l/lang/ksb.res" 1777
"../../../Engine/Content/Internationalization/icudt64l/region/ksb.res" 1778
"../../../Engine/Content/Internationalization/icudt64l/lang/ksf.res" 1779
"../../../Engine/Content/Internationalization/icudt64l/region/ksf.res" 1780
"../../../Engine/Content/Internationalization/icudt64l/lang/ksh.res" 1781
"../../../Engine/Content/Internationalization/icudt64l/region/ksh.res" 1782
"../../../Engine/Content/Internationalization/icudt64l/lang/ku.res" 1783
"../../../Engine/Content/Internationalization/icudt64l/region/ku.res" 1784
"../../../Engine/Content/Internationalization/icudt64l/lang/kw.res" 1785
"../../../Engine/Content/Internationalization/icudt64l/region/kw.res" 1786
"../../../Engine/Content/Internationalization/icudt64l/lang/ky.res" 1787
"../../../Engine/Content/Internationalization/icudt64l/region/ky.res" 1788
"../../../Engine/Content/Internationalization/icudt64l/lang/lag.res" 1789
"../../../Engine/Content/Internationalization/icudt64l/region/lag.res" 1790
"../../../Engine/Content/Internationalization/icudt64l/lang/lb.res" 1791
"../../../Engine/Content/Internationalization/icudt64l/region/lb.res" 1792
"../../../Engine/Content/Internationalization/icudt64l/lang/lg.res" 1793
"../../../Engine/Content/Internationalization/icudt64l/region/lg.res" 1794
"../../../Engine/Content/Internationalization/icudt64l/lang/lkt.res" 1795
"../../../Engine/Content/Internationalization/icudt64l/region/lkt.res" 1796
"../../../Engine/Content/Internationalization/icudt64l/lang/ln.res" 1797
"../../../Engine/Content/Internationalization/icudt64l/region/ln.res" 1798
"../../../Engine/Content/Internationalization/icudt64l/lang/lo.res" 1799
"../../../Engine/Content/Internationalization/icudt64l/region/lo.res" 1800
"../../../Engine/Content/Internationalization/icudt64l/lang/lrc.res" 1801
"../../../Engine/Content/Internationalization/icudt64l/region/lrc.res" 1802
"../../../Engine/Content/Internationalization/icudt64l/lang/lt.res" 1803
"../../../Engine/Content/Internationalization/icudt64l/region/lt.res" 1804
"../../../Engine/Content/Internationalization/icudt64l/lang/lu.res" 1805
"../../../Engine/Content/Internationalization/icudt64l/region/lu.res" 1806
"../../../Engine/Content/Internationalization/icudt64l/lang/luo.res" 1807
"../../../Engine/Content/Internationalization/icudt64l/region/luo.res" 1808
"../../../Engine/Content/Internationalization/icudt64l/lang/luy.res" 1809
"../../../Engine/Content/Internationalization/icudt64l/region/luy.res" 1810
"../../../Engine/Content/Internationalization/icudt64l/lang/lv.res" 1811
"../../../Engine/Content/Internationalization/icudt64l/region/lv.res" 1812
"../../../Engine/Content/Internationalization/icudt64l/lang/mas.res" 1813
"../../../Engine/Content/Internationalization/icudt64l/region/mas.res" 1814
"../../../Engine/Content/Internationalization/icudt64l/lang/mer.res" 1815
"../../../Engine/Content/Internationalization/icudt64l/region/mer.res" 1816
"../../../Engine/Content/Internationalization/icudt64l/lang/mfe.res" 1817
"../../../Engine/Content/Internationalization/icudt64l/region/mfe.res" 1818
"../../../Engine/Content/Internationalization/icudt64l/lang/mg.res" 1819
"../../../Engine/Content/Internationalization/icudt64l/region/mg.res" 1820
"../../../Engine/Content/Internationalization/icudt64l/lang/mgh.res" 1821
"../../../Engine/Content/Internationalization/icudt64l/region/mgh.res" 1822
"../../../Engine/Content/Internationalization/icudt64l/lang/mgo.res" 1823
"../../../Engine/Content/Internationalization/icudt64l/region/mgo.res" 1824
"../../../Engine/Content/Internationalization/icudt64l/lang/mi.res" 1825
"../../../Engine/Content/Internationalization/icudt64l/region/mi.res" 1826
"../../../Engine/Content/Internationalization/icudt64l/lang/mk.res" 1827
"../../../Engine/Content/Internationalization/icudt64l/region/mk.res" 1828
"../../../Engine/Content/Internationalization/icudt64l/lang/ml.res" 1829
"../../../Engine/Content/Internationalization/icudt64l/region/ml.res" 1830
"../../../Engine/Content/Internationalization/icudt64l/lang/mn.res" 1831
"../../../Engine/Content/Internationalization/icudt64l/region/mn.res" 1832
"../../../Engine/Content/Internationalization/icudt64l/lang/mr.res" 1833
"../../../Engine/Content/Internationalization/icudt64l/region/mr.res" 1834
"../../../Engine/Content/Internationalization/icudt64l/lang/ms.res" 1835
"../../../Engine/Content/Internationalization/icudt64l/region/ms.res" 1836
"../../../Engine/Content/Internationalization/icudt64l/lang/mt.res" 1837
"../../../Engine/Content/Internationalization/icudt64l/region/mt.res" 1838
"../../../Engine/Content/Internationalization/icudt64l/lang/mua.res" 1839
"../../../Engine/Content/Internationalization/icudt64l/region/mua.res" 1840
"../../../Engine/Content/Internationalization/icudt64l/lang/my.res" 1841
"../../../Engine/Content/Internationalization/icudt64l/region/my.res" 1842
"../../../Engine/Content/Internationalization/icudt64l/lang/mzn.res" 1843
"../../../Engine/Content/Internationalization/icudt64l/region/mzn.res" 1844
"../../../Engine/Content/Internationalization/icudt64l/lang/naq.res" 1845
"../../../Engine/Content/Internationalization/icudt64l/region/naq.res" 1846
"../../../Engine/Content/Internationalization/icudt64l/lang/nb.res" 1847
"../../../Engine/Content/Internationalization/icudt64l/lang/nb_NO.res" 1848
"../../../Engine/Content/Internationalization/icudt64l/region/nb_NO.res" 1849
"../../../Engine/Content/Internationalization/icudt64l/region/nb.res" 1850
"../../../Engine/Content/Internationalization/icudt64l/lang/nd.res" 1851
"../../../Engine/Content/Internationalization/icudt64l/region/nd.res" 1852
"../../../Engine/Content/Internationalization/icudt64l/lang/nds.res" 1853
"../../../Engine/Content/Internationalization/icudt64l/region/nds.res" 1854
"../../../Engine/Content/Internationalization/icudt64l/lang/ne.res" 1855
"../../../Engine/Content/Internationalization/icudt64l/region/ne.res" 1856
"../../../Engine/Content/Internationalization/icudt64l/lang/nl.res" 1857
"../../../Engine/Content/Internationalization/icudt64l/region/nl.res" 1858
"../../../Engine/Content/Internationalization/icudt64l/lang/nmg.res" 1859
"../../../Engine/Content/Internationalization/icudt64l/region/nmg.res" 1860
"../../../Engine/Content/Internationalization/icudt64l/lang/nn.res" 1861
"../../../Engine/Content/Internationalization/icudt64l/lang/nn_NO.res" 1862
"../../../Engine/Content/Internationalization/icudt64l/region/nn_NO.res" 1863
"../../../Engine/Content/Internationalization/icudt64l/region/nn.res" 1864
"../../../Engine/Content/Internationalization/icudt64l/lang/nnh.res" 1865
"../../../Engine/Content/Internationalization/icudt64l/region/nnh.res" 1866
"../../../Engine/Content/Internationalization/icudt64l/lang/nus.res" 1867
"../../../Engine/Content/Internationalization/icudt64l/region/nus.res" 1868
"../../../Engine/Content/Internationalization/icudt64l/lang/nyn.res" 1869
"../../../Engine/Content/Internationalization/icudt64l/region/nyn.res" 1870
"../../../Engine/Content/Internationalization/icudt64l/lang/om.res" 1871
"../../../Engine/Content/Internationalization/icudt64l/region/om.res" 1872
"../../../Engine/Content/Internationalization/icudt64l/lang/or.res" 1873
"../../../Engine/Content/Internationalization/icudt64l/region/or.res" 1874
"../../../Engine/Content/Internationalization/icudt64l/lang/os.res" 1875
"../../../Engine/Content/Internationalization/icudt64l/region/os.res" 1876
"../../../Engine/Content/Internationalization/icudt64l/lang/pa.res" 1877
"../../../Engine/Content/Internationalization/icudt64l/lang/pa_Arab.res" 1878
"../../../Engine/Content/Internationalization/icudt64l/lang/pa_PK.res" 1879
"../../../Engine/Content/Internationalization/icudt64l/lang/pa_Arab_PK.res" 1880
"../../../Engine/Content/Internationalization/icudt64l/region/pa_PK.res" 1881
"../../../Engine/Content/Internationalization/icudt64l/region/pa_Arab_PK.res" 1882
"../../../Engine/Content/Internationalization/icudt64l/region/pa_Arab.res" 1883
"../../../Engine/Content/Internationalization/icudt64l/lang/pa_Guru.res" 1884
"../../../Engine/Content/Internationalization/icudt64l/lang/pa_IN.res" 1885
"../../../Engine/Content/Internationalization/icudt64l/lang/pa_Guru_IN.res" 1886
"../../../Engine/Content/Internationalization/icudt64l/region/pa_IN.res" 1887
"../../../Engine/Content/Internationalization/icudt64l/region/pa_Guru_IN.res" 1888
"../../../Engine/Content/Internationalization/icudt64l/region/pa_Guru.res" 1889
"../../../Engine/Content/Internationalization/icudt64l/region/pa.res" 1890
"../../../Engine/Content/Internationalization/icudt64l/lang/pl.res" 1891
"../../../Engine/Content/Internationalization/icudt64l/region/pl.res" 1892
"../../../Engine/Content/Internationalization/icudt64l/lang/ps.res" 1893
"../../../Engine/Content/Internationalization/icudt64l/region/ps.res" 1894
"../../../Engine/Content/Internationalization/icudt64l/lang/ps_PK.res" 1895
"../../../Engine/Content/Internationalization/icudt64l/region/ps_PK.res" 1896
"../../../Engine/Content/Internationalization/icudt64l/lang/pt.res" 1897
"../../../Engine/Content/Internationalization/icudt64l/lang/pt_AO.res" 1898
"../../../Engine/Content/Internationalization/icudt64l/lang/pt_PT.res" 1899
"../../../Engine/Content/Internationalization/icudt64l/region/pt_AO.res" 1900
"../../../Engine/Content/Internationalization/icudt64l/region/pt_PT.res" 1901
"../../../Engine/Content/Internationalization/icudt64l/region/pt.res" 1902
"../../../Engine/Content/Internationalization/icudt64l/lang/pt_CH.res" 1903
"../../../Engine/Content/Internationalization/icudt64l/region/pt_CH.res" 1904
"../../../Engine/Content/Internationalization/icudt64l/lang/pt_CV.res" 1905
"../../../Engine/Content/Internationalization/icudt64l/region/pt_CV.res" 1906
"../../../Engine/Content/Internationalization/icudt64l/lang/pt_GQ.res" 1907
"../../../Engine/Content/Internationalization/icudt64l/region/pt_GQ.res" 1908
"../../../Engine/Content/Internationalization/icudt64l/lang/pt_GW.res" 1909
"../../../Engine/Content/Internationalization/icudt64l/region/pt_GW.res" 1910
"../../../Engine/Content/Internationalization/icudt64l/lang/pt_LU.res" 1911
"../../../Engine/Content/Internationalization/icudt64l/region/pt_LU.res" 1912
"../../../Engine/Content/Internationalization/icudt64l/lang/pt_MO.res" 1913
"../../../Engine/Content/Internationalization/icudt64l/region/pt_MO.res" 1914
"../../../Engine/Content/Internationalization/icudt64l/lang/pt_MZ.res" 1915
"../../../Engine/Content/Internationalization/icudt64l/region/pt_MZ.res" 1916
"../../../Engine/Content/Internationalization/icudt64l/lang/pt_ST.res" 1917
"../../../Engine/Content/Internationalization/icudt64l/region/pt_ST.res" 1918
"../../../Engine/Content/Internationalization/icudt64l/lang/pt_TL.res" 1919
"../../../Engine/Content/Internationalization/icudt64l/region/pt_TL.res" 1920
"../../../Engine/Content/Internationalization/icudt64l/lang/qu.res" 1921
"../../../Engine/Content/Internationalization/icudt64l/region/qu.res" 1922
"../../../Engine/Content/Internationalization/icudt64l/lang/rm.res" 1923
"../../../Engine/Content/Internationalization/icudt64l/region/rm.res" 1924
"../../../Engine/Content/Internationalization/icudt64l/lang/rn.res" 1925
"../../../Engine/Content/Internationalization/icudt64l/region/rn.res" 1926
"../../../Engine/Content/Internationalization/icudt64l/lang/ro.res" 1927
"../../../Engine/Content/Internationalization/icudt64l/lang/ro_MD.res" 1928
"../../../Engine/Content/Internationalization/icudt64l/region/ro_MD.res" 1929
"../../../Engine/Content/Internationalization/icudt64l/region/ro.res" 1930
"../../../Engine/Content/Internationalization/icudt64l/lang/rof.res" 1931
"../../../Engine/Content/Internationalization/icudt64l/region/rof.res" 1932
"../../../Engine/Content/Internationalization/icudt64l/lang/ru.res" 1933
"../../../Engine/Content/Internationalization/icudt64l/region/ru.res" 1934
"../../../Engine/Content/Internationalization/icudt64l/region/ru_UA.res" 1935
"../../../Engine/Content/Internationalization/icudt64l/lang/rw.res" 1936
"../../../Engine/Content/Internationalization/icudt64l/region/rw.res" 1937
"../../../Engine/Content/Internationalization/icudt64l/lang/rwk.res" 1938
"../../../Engine/Content/Internationalization/icudt64l/region/rwk.res" 1939
"../../../Engine/Content/Internationalization/icudt64l/lang/sah.res" 1940
"../../../Engine/Content/Internationalization/icudt64l/region/sah.res" 1941
"../../../Engine/Content/Internationalization/icudt64l/lang/saq.res" 1942
"../../../Engine/Content/Internationalization/icudt64l/region/saq.res" 1943
"../../../Engine/Content/Internationalization/icudt64l/lang/sbp.res" 1944
"../../../Engine/Content/Internationalization/icudt64l/region/sbp.res" 1945
"../../../Engine/Content/Internationalization/icudt64l/lang/sd.res" 1946
"../../../Engine/Content/Internationalization/icudt64l/region/sd.res" 1947
"../../../Engine/Content/Internationalization/icudt64l/lang/se.res" 1948
"../../../Engine/Content/Internationalization/icudt64l/lang/se_FI.res" 1949
"../../../Engine/Content/Internationalization/icudt64l/region/se_FI.res" 1950
"../../../Engine/Content/Internationalization/icudt64l/region/se.res" 1951
"../../../Engine/Content/Internationalization/icudt64l/lang/seh.res" 1952
"../../../Engine/Content/Internationalization/icudt64l/region/seh.res" 1953
"../../../Engine/Content/Internationalization/icudt64l/lang/ses.res" 1954
"../../../Engine/Content/Internationalization/icudt64l/region/ses.res" 1955
"../../../Engine/Content/Internationalization/icudt64l/lang/sg.res" 1956
"../../../Engine/Content/Internationalization/icudt64l/region/sg.res" 1957
"../../../Engine/Content/Internationalization/icudt64l/lang/shi.res" 1958
"../../../Engine/Content/Internationalization/icudt64l/lang/shi_Latn.res" 1959
"../../../Engine/Content/Internationalization/icudt64l/lang/shi_MA.res" 1960
"../../../Engine/Content/Internationalization/icudt64l/lang/shi_Tfng_MA.res" 1961
"../../../Engine/Content/Internationalization/icudt64l/lang/shi_Tfng.res" 1962
"../../../Engine/Content/Internationalization/icudt64l/region/shi_MA.res" 1963
"../../../Engine/Content/Internationalization/icudt64l/region/shi_Tfng_MA.res" 1964
"../../../Engine/Content/Internationalization/icudt64l/region/shi_Tfng.res" 1965
"../../../Engine/Content/Internationalization/icudt64l/region/shi.res" 1966
"../../../Engine/Content/Internationalization/icudt64l/region/shi_Latn.res" 1967
"../../../Engine/Content/Internationalization/icudt64l/lang/si.res" 1968
"../../../Engine/Content/Internationalization/icudt64l/region/si.res" 1969
"../../../Engine/Content/Internationalization/icudt64l/lang/sk.res" 1970
"../../../Engine/Content/Internationalization/icudt64l/region/sk.res" 1971
"../../../Engine/Content/Internationalization/icudt64l/lang/sl.res" 1972
"../../../Engine/Content/Internationalization/icudt64l/region/sl.res" 1973
"../../../Engine/Content/Internationalization/icudt64l/lang/smn.res" 1974
"../../../Engine/Content/Internationalization/icudt64l/region/smn.res" 1975
"../../../Engine/Content/Internationalization/icudt64l/lang/sn.res" 1976
"../../../Engine/Content/Internationalization/icudt64l/region/sn.res" 1977
"../../../Engine/Content/Internationalization/icudt64l/lang/so.res" 1978
"../../../Engine/Content/Internationalization/icudt64l/region/so.res" 1979
"../../../Engine/Content/Internationalization/icudt64l/lang/sq.res" 1980
"../../../Engine/Content/Internationalization/icudt64l/region/sq.res" 1981
"../../../Engine/Content/Internationalization/icudt64l/lang/sr.res" 1982
"../../../Engine/Content/Internationalization/icudt64l/lang/sr_Cyrl.res" 1983
"../../../Engine/Content/Internationalization/icudt64l/lang/sr_BA.res" 1984
"../../../Engine/Content/Internationalization/icudt64l/lang/sr_Cyrl_BA.res" 1985
"../../../Engine/Content/Internationalization/icudt64l/region/sr_BA.res" 1986
"../../../Engine/Content/Internationalization/icudt64l/region/sr_Cyrl_BA.res" 1987
"../../../Engine/Content/Internationalization/icudt64l/region/sr_Cyrl.res" 1988
"../../../Engine/Content/Internationalization/icudt64l/region/sr.res" 1989
"../../../Engine/Content/Internationalization/icudt64l/lang/sr_ME.res" 1990
"../../../Engine/Content/Internationalization/icudt64l/lang/sr_Latn_ME.res" 1991
"../../../Engine/Content/Internationalization/icudt64l/lang/sr_Latn.res" 1992
"../../../Engine/Content/Internationalization/icudt64l/region/sr_ME.res" 1993
"../../../Engine/Content/Internationalization/icudt64l/region/sr_Latn_ME.res" 1994
"../../../Engine/Content/Internationalization/icudt64l/region/sr_Latn.res" 1995
"../../../Engine/Content/Internationalization/icudt64l/lang/sr_Cyrl_ME.res" 1996
"../../../Engine/Content/Internationalization/icudt64l/region/sr_Cyrl_ME.res" 1997
"../../../Engine/Content/Internationalization/icudt64l/lang/sr_RS.res" 1998
"../../../Engine/Content/Internationalization/icudt64l/lang/sr_Cyrl_RS.res" 1999
"../../../Engine/Content/Internationalization/icudt64l/region/sr_RS.res" 2000
"../../../Engine/Content/Internationalization/icudt64l/region/sr_Cyrl_RS.res" 2001
"../../../Engine/Content/Internationalization/icudt64l/lang/sr_XK.res" 2002
"../../../Engine/Content/Internationalization/icudt64l/lang/sr_Cyrl_XK.res" 2003
"../../../Engine/Content/Internationalization/icudt64l/region/sr_XK.res" 2004
"../../../Engine/Content/Internationalization/icudt64l/region/sr_Cyrl_XK.res" 2005
"../../../Engine/Content/Internationalization/icudt64l/lang/sr_Latn_BA.res" 2006
"../../../Engine/Content/Internationalization/icudt64l/region/sr_Latn_BA.res" 2007
"../../../Engine/Content/Internationalization/icudt64l/lang/sr_Latn_RS.res" 2008
"../../../Engine/Content/Internationalization/icudt64l/region/sr_Latn_RS.res" 2009
"../../../Engine/Content/Internationalization/icudt64l/lang/sr_Latn_XK.res" 2010
"../../../Engine/Content/Internationalization/icudt64l/region/sr_Latn_XK.res" 2011
"../../../Engine/Content/Internationalization/icudt64l/lang/sv.res" 2012
"../../../Engine/Content/Internationalization/icudt64l/region/sv.res" 2013
"../../../Engine/Content/Internationalization/icudt64l/lang/sv_FI.res" 2014
"../../../Engine/Content/Internationalization/icudt64l/lang/sw.res" 2015
"../../../Engine/Content/Internationalization/icudt64l/lang/sw_CD.res" 2016
"../../../Engine/Content/Internationalization/icudt64l/region/sw_CD.res" 2017
"../../../Engine/Content/Internationalization/icudt64l/region/sw.res" 2018
"../../../Engine/Content/Internationalization/icudt64l/lang/sw_KE.res" 2019
"../../../Engine/Content/Internationalization/icudt64l/region/sw_KE.res" 2020
"../../../Engine/Content/Internationalization/icudt64l/lang/ta.res" 2021
"../../../Engine/Content/Internationalization/icudt64l/region/ta.res" 2022
"../../../Engine/Content/Internationalization/icudt64l/lang/te.res" 2023
"../../../Engine/Content/Internationalization/icudt64l/region/te.res" 2024
"../../../Engine/Content/Internationalization/icudt64l/lang/teo.res" 2025
"../../../Engine/Content/Internationalization/icudt64l/region/teo.res" 2026
"../../../Engine/Content/Internationalization/icudt64l/lang/tg.res" 2027
"../../../Engine/Content/Internationalization/icudt64l/region/tg.res" 2028
"../../../Engine/Content/Internationalization/icudt64l/lang/th.res" 2029
"../../../Engine/Content/Internationalization/icudt64l/lang/th_TH.res" 2030
"../../../Engine/Content/Internationalization/icudt64l/region/th_TH.res" 2031
"../../../Engine/Content/Internationalization/icudt64l/region/th.res" 2032
"../../../Engine/Content/Internationalization/icudt64l/lang/ti.res" 2033
"../../../Engine/Content/Internationalization/icudt64l/region/ti.res" 2034
"../../../Engine/Content/Internationalization/icudt64l/lang/tk.res" 2035
"../../../Engine/Content/Internationalization/icudt64l/region/tk.res" 2036
"../../../Engine/Content/Internationalization/icudt64l/lang/to.res" 2037
"../../../Engine/Content/Internationalization/icudt64l/region/to.res" 2038
"../../../Engine/Content/Internationalization/icudt64l/lang/tr.res" 2039
"../../../Engine/Content/Internationalization/icudt64l/region/tr.res" 2040
"../../../Engine/Content/Internationalization/icudt64l/lang/tt.res" 2041
"../../../Engine/Content/Internationalization/icudt64l/region/tt.res" 2042
"../../../Engine/Content/Internationalization/icudt64l/lang/twq.res" 2043
"../../../Engine/Content/Internationalization/icudt64l/region/twq.res" 2044
"../../../Engine/Content/Internationalization/icudt64l/lang/tzm.res" 2045
"../../../Engine/Content/Internationalization/icudt64l/region/tzm.res" 2046
"../../../Engine/Content/Internationalization/icudt64l/lang/ug.res" 2047
"../../../Engine/Content/Internationalization/icudt64l/region/ug.res" 2048
"../../../Engine/Content/Internationalization/icudt64l/lang/uk.res" 2049
"../../../Engine/Content/Internationalization/icudt64l/region/uk.res" 2050
"../../../Engine/Content/Internationalization/icudt64l/lang/ur.res" 2051
"../../../Engine/Content/Internationalization/icudt64l/lang/ur_IN.res" 2052
"../../../Engine/Content/Internationalization/icudt64l/region/ur_IN.res" 2053
"../../../Engine/Content/Internationalization/icudt64l/region/ur.res" 2054
"../../../Engine/Content/Internationalization/icudt64l/lang/uz.res" 2055
"../../../Engine/Content/Internationalization/icudt64l/lang/uz_Arab.res" 2056
"../../../Engine/Content/Internationalization/icudt64l/lang/uz_AF.res" 2057
"../../../Engine/Content/Internationalization/icudt64l/lang/uz_Arab_AF.res" 2058
"../../../Engine/Content/Internationalization/icudt64l/region/uz_AF.res" 2059
"../../../Engine/Content/Internationalization/icudt64l/region/uz_Arab_AF.res" 2060
"../../../Engine/Content/Internationalization/icudt64l/region/uz_Arab.res" 2061
"../../../Engine/Content/Internationalization/icudt64l/lang/uz_Cyrl.res" 2062
"../../../Engine/Content/Internationalization/icudt64l/lang/uz_UZ.res" 2063
"../../../Engine/Content/Internationalization/icudt64l/lang/uz_Latn_UZ.res" 2064
"../../../Engine/Content/Internationalization/icudt64l/lang/uz_Latn.res" 2065
"../../../Engine/Content/Internationalization/icudt64l/region/uz_UZ.res" 2066
"../../../Engine/Content/Internationalization/icudt64l/region/uz_Latn_UZ.res" 2067
"../../../Engine/Content/Internationalization/icudt64l/region/uz_Latn.res" 2068
"../../../Engine/Content/Internationalization/icudt64l/region/uz.res" 2069
"../../../Engine/Content/Internationalization/icudt64l/region/uz_Cyrl.res" 2070
"../../../Engine/Content/Internationalization/icudt64l/lang/vai.res" 2071
"../../../Engine/Content/Internationalization/icudt64l/lang/vai_Latn.res" 2072
"../../../Engine/Content/Internationalization/icudt64l/lang/vai_LR.res" 2073
"../../../Engine/Content/Internationalization/icudt64l/lang/vai_Vaii_LR.res" 2074
"../../../Engine/Content/Internationalization/icudt64l/lang/vai_Vaii.res" 2075
"../../../Engine/Content/Internationalization/icudt64l/region/vai_LR.res" 2076
"../../../Engine/Content/Internationalization/icudt64l/region/vai_Vaii_LR.res" 2077
"../../../Engine/Content/Internationalization/icudt64l/region/vai_Vaii.res" 2078
"../../../Engine/Content/Internationalization/icudt64l/region/vai.res" 2079
"../../../Engine/Content/Internationalization/icudt64l/region/vai_Latn.res" 2080
"../../../Engine/Content/Internationalization/icudt64l/lang/vi.res" 2081
"../../../Engine/Content/Internationalization/icudt64l/region/vi.res" 2082
"../../../Engine/Content/Internationalization/icudt64l/lang/vun.res" 2083
"../../../Engine/Content/Internationalization/icudt64l/region/vun.res" 2084
"../../../Engine/Content/Internationalization/icudt64l/lang/wae.res" 2085
"../../../Engine/Content/Internationalization/icudt64l/region/wae.res" 2086
"../../../Engine/Content/Internationalization/icudt64l/lang/wo.res" 2087
"../../../Engine/Content/Internationalization/icudt64l/region/wo.res" 2088
"../../../Engine/Content/Internationalization/icudt64l/lang/xh.res" 2089
"../../../Engine/Content/Internationalization/icudt64l/region/xh.res" 2090
"../../../Engine/Content/Internationalization/icudt64l/lang/xog.res" 2091
"../../../Engine/Content/Internationalization/icudt64l/region/xog.res" 2092
"../../../Engine/Content/Internationalization/icudt64l/lang/yav.res" 2093
"../../../Engine/Content/Internationalization/icudt64l/region/yav.res" 2094
"../../../Engine/Content/Internationalization/icudt64l/lang/yi.res" 2095
"../../../Engine/Content/Internationalization/icudt64l/region/yi.res" 2096
"../../../Engine/Content/Internationalization/icudt64l/lang/yo.res" 2097
"../../../Engine/Content/Internationalization/icudt64l/lang/yo_BJ.res" 2098
"../../../Engine/Content/Internationalization/icudt64l/region/yo_BJ.res" 2099
"../../../Engine/Content/Internationalization/icudt64l/region/yo.res" 2100
"../../../Engine/Content/Internationalization/icudt64l/lang/yue.res" 2101
"../../../Engine/Content/Internationalization/icudt64l/lang/yue_Hans.res" 2102
"../../../Engine/Content/Internationalization/icudt64l/lang/yue_CN.res" 2103
"../../../Engine/Content/Internationalization/icudt64l/lang/yue_Hans_CN.res" 2104
"../../../Engine/Content/Internationalization/icudt64l/region/yue_CN.res" 2105
"../../../Engine/Content/Internationalization/icudt64l/region/yue_Hans_CN.res" 2106
"../../../Engine/Content/Internationalization/icudt64l/region/yue_Hans.res" 2107
"../../../Engine/Content/Internationalization/icudt64l/lang/yue_Hant.res" 2108
"../../../Engine/Content/Internationalization/icudt64l/lang/yue_HK.res" 2109
"../../../Engine/Content/Internationalization/icudt64l/lang/yue_Hant_HK.res" 2110
"../../../Engine/Content/Internationalization/icudt64l/region/yue_HK.res" 2111
"../../../Engine/Content/Internationalization/icudt64l/region/yue_Hant_HK.res" 2112
"../../../Engine/Content/Internationalization/icudt64l/region/yue_Hant.res" 2113
"../../../Engine/Content/Internationalization/icudt64l/region/yue.res" 2114
"../../../Engine/Content/Internationalization/icudt64l/lang/zgh.res" 2115
"../../../Engine/Content/Internationalization/icudt64l/region/zgh.res" 2116
"../../../Engine/Content/Internationalization/icudt64l/lang/zh.res" 2117
"../../../Engine/Content/Internationalization/icudt64l/lang/zh_Hans.res" 2118
"../../../Engine/Content/Internationalization/icudt64l/lang/zh_CN.res" 2119
"../../../Engine/Content/Internationalization/icudt64l/lang/zh_Hans_CN.res" 2120
"../../../Engine/Content/Internationalization/icudt64l/region/zh_CN.res" 2121
"../../../Engine/Content/Internationalization/icudt64l/region/zh_Hans_CN.res" 2122
"../../../Engine/Content/Internationalization/icudt64l/region/zh_Hans.res" 2123
"../../../Engine/Content/Internationalization/icudt64l/region/zh.res" 2124
"../../../Engine/Content/Internationalization/icudt64l/lang/zh_HK.res" 2125
"../../../Engine/Content/Internationalization/icudt64l/lang/zh_Hant_HK.res" 2126
"../../../Engine/Content/Internationalization/icudt64l/lang/zh_Hant.res" 2127
"../../../Engine/Content/Internationalization/icudt64l/region/zh_HK.res" 2128
"../../../Engine/Content/Internationalization/icudt64l/region/zh_Hant_HK.res" 2129
"../../../Engine/Content/Internationalization/icudt64l/region/zh_Hant.res" 2130
"../../../Engine/Content/Internationalization/icudt64l/lang/zh_MO.res" 2131
"../../../Engine/Content/Internationalization/icudt64l/lang/zh_Hant_MO.res" 2132
"../../../Engine/Content/Internationalization/icudt64l/region/zh_MO.res" 2133
"../../../Engine/Content/Internationalization/icudt64l/region/zh_Hant_MO.res" 2134
"../../../Engine/Content/Internationalization/icudt64l/lang/zh_SG.res" 2135
"../../../Engine/Content/Internationalization/icudt64l/lang/zh_Hans_SG.res" 2136
"../../../Engine/Content/Internationalization/icudt64l/region/zh_SG.res" 2137
"../../../Engine/Content/Internationalization/icudt64l/region/zh_Hans_SG.res" 2138
"../../../Engine/Content/Internationalization/icudt64l/lang/zh_TW.res" 2139
"../../../Engine/Content/Internationalization/icudt64l/lang/zh_Hant_TW.res" 2140
"../../../Engine/Content/Internationalization/icudt64l/region/zh_TW.res" 2141
"../../../Engine/Content/Internationalization/icudt64l/region/zh_Hant_TW.res" 2142
"../../../Engine/Content/Internationalization/icudt64l/lang/zu.res" 2143
"../../../Engine/Content/Internationalization/icudt64l/region/zu.res" 2144
"../../../Engine/Content/Internationalization/icudt64l/lang/no.res" 2145
"../../../Engine/Content/Internationalization/icudt64l/lang/tl.res" 2146
"../../../Engine/Config/Android/DataDrivenPlatformInfo.ini" 2147
"../../../Engine/Config/IOS/DataDrivenPlatformInfo.ini" 2148
"../../../Engine/Config/Linux/DataDrivenPlatformInfo.ini" 2149
"../../../Engine/Config/Mac/DataDrivenPlatformInfo.ini" 2150
"../../../Engine/Config/TVOS/DataDrivenPlatformInfo.ini" 2151
"../../../Engine/Config/Unix/DataDrivenPlatformInfo.ini" 2152
"../../../Engine/Config/VulkanPC/DataDrivenPlatformInfo.ini" 2153
"../../../Engine/Config/Windows/DataDrivenPlatformInfo.ini" 2154
"../../../Engine/Platforms/VisionOS/Config/DataDrivenPlatformInfo.ini" 2155
"../../../Engine/Content/Renderer/TessellationTable.bin" 2156
"../../../Engine/DerivedDataCache/Compressed.ddp" 2157
"C:/Users/user/AppData/Local/UnrealEngine/Common/Zen/Install/zen_plugin_versions.json" 2158
"C:/Users/user/AppData/Local/UnrealEngine/5.8/Saved/Zen/zen.version" 2159
"C:/Users/user/AppData/Local/UnrealEngine/Common/Zen/Install/zen.version" 2160
"C:/Users/user/AppData/Local/UnrealEngine/Common/Zen/Install/security-config.json" 2161
"C:/Users/user/AppData/Local/UnrealEngine/Common/Zen/Install/zenserver.runcontext" 2162
"C:/Users/user/AppData/Local/UnrealEngine/Common/DerivedDataCache/TestData/0/TestData_4kb.dat" 2163
"C:/Users/user/AppData/Local/UnrealEngine/Common/DerivedDataCache/TestData/1/TestData_4kb.dat" 2164
"C:/Users/user/AppData/Local/UnrealEngine/Common/DerivedDataCache/TestData/0/TestData_8kb.dat" 2165
"C:/Users/user/AppData/Local/UnrealEngine/Common/DerivedDataCache/TestData/1/TestData_8kb.dat" 2166
"C:/Users/user/AppData/Local/UnrealEngine/Common/DerivedDataCache/TestData/0/TestData_16kb.dat" 2167
"C:/Users/user/AppData/Local/UnrealEngine/Common/DerivedDataCache/TestData/1/TestData_16kb.dat" 2168
"C:/Users/user/AppData/Local/UnrealEngine/Common/DerivedDataCache/TestData/0/TestData_64kb.dat" 2169
"C:/Users/user/AppData/Local/UnrealEngine/Common/DerivedDataCache/TestData/1/TestData_64kb.dat" 2170
"C:/Users/user/AppData/Local/UnrealEngine/Common/DerivedDataCache/TestData/0/TestData_128kb.dat" 2171
"C:/Users/user/AppData/Local/UnrealEngine/Common/DerivedDataCache/TestData/1/TestData_128kb.dat" 2172
"C:/Users/user/AppData/Local/UnrealEngine/Common/DerivedDataCache/TestData/0/TestData_256kb.dat" 2173
"C:/Users/user/AppData/Local/UnrealEngine/Common/DerivedDataCache/TestData/1/TestData_256kb.dat" 2174
"C:/Users/user/AppData/Roaming/Unreal Engine/UnrealBuildTool/BuildConfiguration.xml" 2175
"../../../Engine/Shaders/Private/HairStrands/HairStrandsVertexFactory.ush" 2176
"../../../Engine/Shaders/Private/VertexFactoryCommon.ush" 2177
"../../../Engine/Shaders/Private/Common.ush" 2178
"../../../Engine/Shaders/Public/Platform.ush" 2179
"../../../Engine/Shaders/Public/FP16Math.ush" 2180
"../../../Engine/Shaders/Public/Platform/D3D/D3DCommon.ush" 2181
"../../../Engine/Shaders/Shared/HLSLReservedSpaces.h" 2182
"../../../Engine/Shaders/Public/BindlessResources.ush" 2183
"../../../Engine/Shaders/Public/Platform/D3D/PlatformBindlessResources.ush" 2184
"../../../Engine/Shaders/Shared/RayTracingBuiltInResources.h" 2185
"../../../Engine/Shaders/Shared/RayTracingDefinitions.h" 2186
"../../../Engine/Shaders/Shared/MaterialCacheDefinitions.h" 2187
"../../../Engine/Shaders/Shared/HLSLTypeAliases.h" 2188
"../../../Engine/Shaders/Public/IndirectVirtualTexture.ush" 2189
"../../../Engine/Shaders/Shared/IndirectVirtualTextureDefinitions.h" 2190
"../../../Engine/Shaders/Public/OverloadMacros.ush" 2191
"../../../Engine/Shaders/Public/ShaderVersion.ush" 2192
"../../../Engine/Shaders/Public/NvidiaExtensionsCommon.ush" 2193
"../../../Engine/Shaders/Shared/ThirdParty/NVIDIA/nvHLSLExtns.h" 2194
"../../../Engine/Shaders/Shared/ThirdParty/NVIDIA/nvHLSLExtnsInternal.h" 2195
"../../../Engine/Shaders/Shared/ThirdParty/NVIDIA/nvShaderExtnEnums.h" 2196
"../../../Engine/Shaders/Private/PackUnpack.ush" 2197
"../../../Engine/Shaders/Private/GeneratedUniformBufferTypes.ush" 2198
"../../../Engine/Shaders/Private/Nanite/NanitePackedNaniteView.ush" 2199
"../../../Engine/Shaders/Private/HairStrands/HairStrandsVisibilityCommonStruct.ush" 2200
"../../../Engine/Shaders/Private/HairStrands/HairStrandsVoxelPageCommonStruct.ush" 2201
"../../../Engine/Shaders/Private/HairStrands/HairStrandsDeepShadowCommonStruct.ush" 2202
"../../../Engine/Shaders/Shared/LightSceneData.h" 2203
"../../../Engine/Shaders/Private/LargeWorldCoordinates.ush" 2204
"../../../Engine/Shaders/Private/DoubleFloat.ush" 2205
"../../../Engine/Shaders/Private/RandomPCG.ush" 2206
"../../../Engine/Shaders/Private/DoubleFloatOperations.ush" 2207
"../../../Engine/Shaders/Private/DoubleFloatVectorDefinition.ush" 2208
"../../../Engine/Shaders/Private/LWCOperations.ush" 2209
"../../../Engine/Shaders/Shared/LightViewData.h" 2210
"../../../Engine/Shaders/Shared/RayTracingTypes.h" 2211
"../../../Engine/Shaders/Shared/HLSLStaticAssert.h" 2212
"../../../Engine/Shaders/Shared/NaniteDefinitions.h" 2213
"../../../Engine/Shaders/Private/CommonViewUniformBuffer.ush" 2214
"../../../Engine/Shaders/Private/InstancedStereo.ush" 2215
"../../../Engine/Shaders/Private/Definitions.usf" 2216
"../../../Engine/Shaders/Private/AssertionMacros.ush" 2217
"../../../Engine/Shaders/Private/FastMath.ush" 2218
"../../../Engine/Shaders/Private/FastMathThirdParty.ush" 2219
"../../../Engine/Shaders/Private/Random.ush" 2220
"../../../Engine/Shaders/Private/RandomInterleavedGradientNoise.ush" 2221
"../../../Engine/Shaders/Private/SceneData.ush" 2222
"../../../Engine/Shaders/Private/OctahedralCommon.ush" 2223
"../../../Engine/Shaders/Private/WaveOpUtil.ush" 2224
"../../../Engine/Shaders/Private/ByteBuffer.ush" 2225
"../../../Engine/Shaders/Shared/SceneDefinitions.h" 2226
"../../../Engine/Shaders/Private/SceneDataMobileLoader.ush" 2227
"../../../Engine/Shaders/Private/LocalVertexFactoryCommon.ush" 2228
"../../../Engine/Shaders/Private/HairStrands/HairStrandsVisibilityCommon.ush" 2229
"../../../Engine/Shaders/Shared/HairStrandsDefinitions.h" 2230
"../../../Engine/Shaders/Private/HairStrands/HairStrandsVertexFactoryCommon.ush" 2231
"../../../Engine/Shaders/Private/HairStrands/HairStrandsPack.ush" 2232
"../../../Engine/Shaders/Private/HairStrands/HairStrandsAttributeCommon.ush" 2233
"../../../Engine/Shaders/Private/HairStrands/HairStrandsAttributeTemplate.ush" 2234
"../../../Engine/Shaders/Private/VertexFactoryDefaultInterface.ush" 2235
"../../../Engine/Shaders/Private/HairStrands/HairCardsVertexFactory.ush" 2236
"../../../Engine/Shaders/Private/HairStrands/HairCardsAttributeCommon.ush" 2237
"../../../Engine/Shaders/Private/RayTracing/RayTracingCommon.ush" 2238
"../../../Engine/Shaders/Private/ShadingCommon.ush" 2239
"../../../Engine/Shaders/Shared/RayTracingPayloadType.h" 2240
"../../../Engine/Shaders/Private/RayTracing/RayTracingRayCone.ush" 2241
"../../../Engine/Shaders/Private/Substrate/Substrate.ush" 2242
"../../../Engine/Shaders/Private/ShadingEnergyConservation.ush" 2243
"../../../Engine/Shaders/Private/ShadingEnergyConservationTemplate.ush" 2244
"../../../Engine/Shaders/Private/BRDF.ush" 2245
"../../../Engine/Shaders/Private/ColorSpace.ush" 2246
"../../../Engine/Shaders/Private/DeferredShadingCommon.ush" 2247
"../../../Engine/Shaders/Private/LightAccumulator.ush" 2248
"../../../Engine/Shaders/Private/SceneTexturesCommon.ush" 2249
"../../../Engine/Shaders/Private/MonteCarlo.ush" 2250
"../../../Engine/Shaders/Private/GBufferHelpers.ush" 2251
"../../../Engine/Shaders/Private/SceneTextureParameters.ush" 2252
"C:/Workspace/khj/Wanted5th/Part4/UnrealBuildSystem/Intermediate/ShaderAutogen/PCD3D_SM6/AutogenShaderHeaders.ush" 2253
"../../../Engine/Shaders/Private/ParticipatingMediaCommon.ush" 2254
"../../../Engine/Shaders/Private/ThinFilmBSDF.ush" 2255
"../../../Engine/Shaders/Private/MortonCode.ush" 2256
"../../../Engine/Shaders/Private/SubsurfaceProfileCommon.ush" 2257
"../../../Engine/Shaders/Private/BurleyNormalizedSSSCommon.ush" 2258
"../../../Engine/Shaders/Private/GammaCorrectionCommon.ush" 2259
"../../../Engine/Shaders/Shared/SubstrateDefinitions.h" 2260
"../../../Engine/Shaders/Private/Substrate/SubstrateStatisticalOperators.ush" 2261
"../../../Engine/Shaders/Private/Substrate/SubstrateSubsurface.ush" 2262
"../../../Engine/Shaders/Private/TransmissionCommon.ush" 2263
"../../../Engine/Shaders/Private/Substrate/SubstrateExportCommon.ush" 2264
"../../../Engine/Shaders/Private/SpecularProfileCommon.ush" 2265
"../../../Engine/Shaders/Private/Substrate/SubstrateToonBSDF.ush" 2266
"../../../Engine/Shaders/Private/AreaLightCommon.ush" 2267
"../../../Engine/Shaders/Private/RectLight.ush" 2268
"../../../Engine/Shaders/Private/CapsuleLight.ush" 2269
"../../../Engine/Shaders/Private/LightData.ush" 2270
"../../../Engine/Shaders/Private/HairShadingCommon.ush" 2271
"../../../Engine/Shaders/Shared/LightDefinitions.h" 2272
"../../../Engine/Shaders/Private/ToonProfileCommon.ush" 2273
"../../../Engine/Shaders/Shared/ToonProfileDefinitions.h" 2274
"../../../Engine/Shaders/Private/RayTracing/RayTracingCommonMetal.ush" 2275
"../../../Engine/Shaders/Private/PositionReconstructionCommon.ush" 2276
"../../../Engine/Shaders/Private/RayTracing/TraceRayInline.ush" 2277
"../../../Engine/Shaders/Private/RayTracing/TraceRayInlineCommon.ush" 2278
"../../../Engine/Shaders/Private/RayTracing/TraceRayInlineVulkan.ush" 2279
"../../../Engine/Shaders/Private/RayTracing/TraceRayInlineMetal.ush" 2280
"../../../Engine/Shaders/Private/RayTracing/RayTracingHitGroupCommon.ush" 2281
"../../../Engine/Shaders/Private/Nanite/NaniteRayTrace.ush" 2282
"../../../Engine/Shaders/Private/Nanite/NaniteDataDecode.ush" 2283
"../../../Engine/Shaders/Private/BitPacking.ush" 2284
"../../../Engine/Shaders/Private/BitStreamReaderImplementation.ush" 2285
"../../../Engine/Shaders/Private/BoneTransform.ush" 2286
"../../../Engine/Shaders/Private/Quaternion.ush" 2287
"../../../Engine/Shaders/Private/Skinning/SkinningSceneDataDecode.ush" 2288
"../../../Engine/Shaders/Private/Skinning/SkinningDataDecode.ush" 2289
"../../../Engine/Shaders/Shared/SkinningDefinitions.h" 2290
"../../../Engine/Shaders/Private/Nanite/NaniteAttributeDecode.ush" 2291
"../../../Engine/Shaders/Private/Barycentrics.ush" 2292
"../../../Engine/Shaders/Private/DualNumber.ush" 2293
"../../../Engine/Shaders/Shared/ThirdParty/RayTriangleIntersection.h" 2294
"../../../Engine/Shaders/Private/Nanite/NaniteVertexFetch.ush" 2295
"../../../Engine/Shaders/Private/ViewData.ush" 2296
"../../../Engine/Shaders/Shared/ViewDefinitions.h" 2297
"../../../Engine/Shaders/Private/Nanite/NaniteSceneCommon.ush" 2298
"../../../Engine/Shaders/Private/RayTracing/TraceRayInlineD3D12.ush" 2299
"../../../Engine/Plugins/Experimental/Water/Shaders/Private/WaterMeshVertexFactory.ush" 2300
"../../../Engine/Plugins/FX/Niagara/Shaders/Private/NiagaraSpriteVertexFactory.ush" 2301
"../../../Engine/Shaders/Private/ParticleVertexFactoryCommon.ush" 2302
"../../../Engine/Plugins/FX/Niagara/Shaders/Private/NiagaraVFCommon.usf" 2303
"../../../Engine/Plugins/FX/Niagara/Shaders/Private/NiagaraVFParticleAccess.usf" 2304
"../../../Engine/Plugins/FX/Niagara/Shaders/Private/NiagaraParticleAccess.ush" 2305
"../../../Engine/Plugins/FX/Niagara/Shaders/Private/NiagaraRibbonVertexFactory.ush" 2306
"../../../Engine/Plugins/FX/Niagara/Shaders/Private/NiagaraMeshVertexFactory.ush" 2307
"../../../Engine/Plugins/FX/Niagara/Shaders/Private/NiagaraCommon.ush" 2308
"../../../Engine/Plugins/FX/Niagara/Shaders/Private/NiagaraMeshParticleUtils.ush" 2309
"../../../Engine/Shaders/Private/VectorFieldVisualizationVertexFactory.ush" 2310
"../../../Engine/Shaders/Private/Nanite/NaniteVertexFactory.ush" 2311
"../../../Engine/Shaders/Private/LightmapData.ush" 2312
"../../../Engine/Shaders/Private/SplineMeshCommon.ush" 2313
"../../../Engine/Shaders/Shared/SplineMeshShaderParams.h" 2314
"../../../Engine/Shaders/Private/ShaderPrint.ush" 2315
"../../../Engine/Shaders/Private/ShaderPrintCommon.ush" 2316
"../../../Engine/Shaders/Private/MiniFontCommon.ush" 2317
"../../../Engine/Shaders/Private/SGGX.ush" 2318
"../../../Engine/Shaders/Private/MaterialCache/MaterialCacheCommon.ush" 2319
"../../../Engine/Shaders/Private/Nanite/NaniteVertexDeformation.ush" 2320
"../../../Engine/Shaders/Private/Matrices.ush" 2321
"../../../Engine/Shaders/Private/ParticleSpriteVertexFactory.ush" 2322
"../../../Engine/Shaders/Private/ParticleGPUSpriteVertexFactory.ush" 2323
"../../../Engine/Shaders/Private/ParticleSimulationCommon.ush" 2324
"../../../Engine/Shaders/Private/ParticleBeamTrailVertexFactory.ush" 2325
"../../../Engine/Shaders/Private/MeshParticleVertexFactory.ush" 2326
"../../../Engine/Shaders/Private/LocalVertexFactory.ush" 2327
"../../../Engine/Shaders/Private/GpuSkinCommon.ush" 2328
"../../../Engine/Shaders/Private/GpuSkinVertexFactory.ush" 2329
"../../../Engine/Shaders/Private/GeometryCollectionVertexFactory.ush" 2330
"../../../Engine/Shaders/Private/GeometryCacheVertexFactory.ush" 2331
"../../../Engine/Shaders/Private/LandscapeVertexFactory.ush" 2332
"../../../Engine/Shaders/Private/Nanite/NaniteTranslucencyFactory.ush" 2333
"../../../Engine/Shaders/Private/ComputeShaderUtils.ush" 2334
"../../../Engine/Shaders/Private/Nanite/NaniteRasterizationCommon.ush" 2335
"../../../Engine/Shaders/Private/Nanite/NaniteRasterizer.ush" 2336
"../../../Engine/Shaders/Private/VirtualShadowMaps/VirtualShadowMapPageAccessCommon.ush" 2337
"../../../Engine/Shaders/Shared/VirtualShadowMapDefinitions.h" 2338
"../../../Engine/Shaders/Shared/HLSLMathAliases.h" 2339
"../../../Engine/Shaders/Private/VirtualShadowMaps/VirtualShadowMapHandle.ush" 2340
"../../../Engine/Shaders/Private/VirtualShadowMaps/VirtualShadowMapPageOverlap.ush" 2341
"../../../Engine/Shaders/Private/Nanite/NaniteHZBCull.ush" 2342
"../../../Engine/Shaders/Private/HZB.ush" 2343
"../../../Engine/Shaders/Private/VirtualShadowMaps/VirtualShadowMapPageCacheCommon.ush" 2344
"../../../Engine/Shaders/Private/VirtualShadowMaps/VirtualShadowMapProjectionStructs.ush" 2345
"../../../Engine/Shaders/Private/Nanite/NaniteWritePixel.ush" 2346
"../../../Engine/Shaders/Private/Nanite/NaniteCullingCommon.ush" 2347
"../../../Engine/Shaders/Private/Nanite/NaniteCulling.ush" 2348
"../../../Engine/Shaders/Private/Nanite/NaniteHierarchyTraversalCommon.ush" 2349
"../../../Engine/Shaders/Private/MaterialTemplate.ush" 2350
"../../../Engine/Shaders/Private/WorldSpaceMath.ush" 2351
"../../../Engine/Shaders/Private/EyeAdaptationCommon.ush" 2352
"../../../Engine/Shaders/Private/SobolRandom.ush" 2353
"../../../Engine/Shaders/Private/DepthOfFieldCommon.ush" 2354
"../../../Engine/Shaders/Private/CircleDOFCommon.ush" 2355
"../../../Engine/Shaders/Private/DistanceField/GlobalDistanceFieldShared.ush" 2356
"../../../Engine/Shaders/Private/PhysicsFieldSampler.ush" 2357
"../../../Engine/Shaders/Private/PhysicsFieldShared.ush" 2358
"../../../Engine/Shaders/Private/PhysicsFieldEval.ush" 2359
"../../../Engine/Shaders/Private/SparseVolumeTexture/SparseVolumeTextureCommon.ush" 2360
"../../../Engine/Shaders/Shared/EnvironmentComponentsFlags.h" 2361
"../../../Engine/Shaders/Private/MeshPaintTextureCommon.ush" 2362
"../../../Engine/Shaders/Private/VirtualTextureMaterial.ush" 2363
"../../../Engine/Shaders/Private/MaterialCache/MaterialCacheMaterialCommon.ush" 2364
"../../../Engine/Shaders/Private/VirtualTextureCommon.ush" 2365
"../../../Engine/Shaders/Shared/VirtualTextureDefinitions.h" 2366
"../../../Engine/Shaders/Private/BlueNoiseCommon.ush" 2367
"../../../Engine/Shaders/Private/Quantization.ush" 2368
"../../../Engine/Shaders/Private/SpeedTreeCommon.ush" 2369
"../../../Engine/Shaders/Public/IndirectVirtualTextureCommon.ush" 2370
"../../../Engine/Shaders/Private/MaterialTexture.ush" 2371
"../../../Engine/Shaders/Private/MinMaterialTexCoords.ush" 2372
"../../../Engine/Shaders/Private/SkyAtmosphereCommon.ush" 2373
"../../../Engine/Shaders/Private/SingleLayerWaterCommon.ush" 2374
"../../../Engine/Shaders/Private/TextureSampling.ush" 2375
"../../../Engine/Shaders/Private/PaniniProjection.ush" 2376
"../../../Engine/Shaders/Private/DBufferNormalReprojection.ush" 2377
"../../../Engine/Shaders/Public/SubstratePublic.ush" 2378
"../../../Engine/Shaders/Private/Substrate/SubstrateRead.ush" 2379
"../../../Engine/Shaders/Private/Substrate/SubstrateTree.ush" 2380
"../../../Engine/Shaders/Private/Substrate/SubstrateEvaluation.ush" 2381
"../../../Engine/Shaders/Private/Substrate/Glint/GlintThirdParty.ush" 2382
"../../../Engine/Shaders/Private/BlueNoise.ush" 2383
"../../../Engine/Shaders/Private/SHCommon.ush" 2384
"../../../Engine/Shaders/Private/ShadingModels.ush" 2385
"../../../Engine/Shaders/Private/HairBsdf.ush" 2386
"../../../Engine/Shaders/Private/PathTracing/Utilities/PathTracingRandomSequence.ush" 2387
"../../../Engine/Shaders/Private/MobileGGX.ush" 2388
"../../../Engine/Shaders/Private/ShadingModelsSampling.ush" 2389
"../../../Engine/Shaders/Private/HairStrands/HairBsdfSample.ush" 2390
"../../../Engine/Shaders/Private/HairStrands/HairStrandsCommon.ush" 2391
"../../../Engine/Shaders/Private/HairStrands/HairStrandsDeepTransmittanceCommon.ush" 2392
"../../../Engine/Shaders/Private/HairStrands/HairStrandsDeepTransmittanceDualScattering.ush" 2393
"../../../Engine/Shaders/Private/HairStrands/HairStrandsEnvironmentLightingCommon.ush" 2394
"../../../Engine/Shaders/Private/Substrate/SubstrateLegacyConversion.ush" 2395
"../../../Engine/Shaders/Private/DBufferDecalShared.ush" 2396
"../../../Engine/Shaders/Private/Nanite/NaniteTessellation.ush" 2397
"../../../Engine/Shaders/Private/WorkDistribution.ush" 2398
"../../../Engine/Shaders/Public/RootConstants.ush" 2399
"../../../Engine/Shaders/Public/Platform/D3D/D3DRootConstants.ush" 2400
"../../../Engine/Plugins/Media/WmfMedia/Shaders/Private/MediaHardwareVideoDecoding.usf" 2401
"../../../Engine/Shaders/Private/ColorUtils.ush" 2402
"../../../Engine/Plugins/Media/TmvMedia/Shaders/Private/TmvTextureYuvConverter.usf" 2403
"../../../Engine/Plugins/Media/TmvMedia/Shaders/Private/TmvColorProcessing.ush" 2404
"../../../Engine/Plugins/Media/TmvMedia/Shaders/Private/TmvTextureBufferSwizzler.usf" 2405
"../../../Engine/Plugins/Media/TmvMedia/Shaders/Private/TmvStructuredBufferSwizzler.usf" 2406
"../../../Engine/Plugins/Media/ImgMedia/Shaders/Private/ExrSwizzler.usf" 2407
"../../../Engine/Plugins/Runtime/ComputeFramework/Shaders/Private/ComputeKernel.usf" 2408
"../../../Engine/Plugins/Runtime/ComputeFramework/Shaders/Private/ComputeKernelCommon.ush" 2409
"../../../Engine/Plugins/NNE/NNEDenoiser/Shaders/NNEDenoiserShadersTransferFunctionOidn.usf" 2410
"../../../Engine/Plugins/NNE/NNEDenoiser/Shaders/NNEDenoiserShadersMappedCopy.usf" 2411
"../../../Engine/Plugins/NNE/NNEDenoiser/Shaders/NNEDenoiserShadersDefaultIOProcess.usf" 2412
"../../../Engine/Plugins/NNE/NNEDenoiser/Shaders/NNEDenoiserShadersAutoExposureReduceFinal.usf" 2413
"../../../Engine/Plugins/NNE/NNEDenoiser/Shaders/NNEDenoiserShadersAutoExposureReduce.usf" 2414
"../../../Engine/Plugins/NNE/NNEDenoiser/Shaders/NNEDenoiserShadersAutoExposureDownsample.usf" 2415
"../../../Engine/Plugins/Experimental/NFORDenoise/Shaders/NFORDenoise.usf" 2416
"../../../Engine/Shaders/Private/ScreenPass.ush" 2417
"../../../Engine/Plugins/Experimental/NFORDenoise/Shaders/NFORRegressionCommon.ush" 2418
"../../../Engine/Plugins/Experimental/NFORDenoise/Shaders/NFORRegression.ush" 2419
"../../../Engine/Plugins/Enterprise/GLTFExporter/Shaders/Private/SimpleTexture2DPS.usf" 2420
"../../../Engine/Shaders/Private/SimpleElementNormalMapPixelShader.usf" 2421
"../../../Engine/Plugins/Runtime/HairStrands/Shaders/Private/NiagaraCopyVelocityGrid.usf" 2422
"../../../Engine/Plugins/Runtime/HairStrands/Shaders/Private/NiagaraClearVelocityGrid.usf" 2423
"../../../Engine/Plugins/Runtime/HairStrands/Shaders/Private/NiagaraClearPressureGrid.usf" 2424
"../../../Engine/Plugins/Runtime/HairStrands/Shaders/Private/NiagaraInterpolateGroomGuides.usf" 2425
"../../../Engine/Plugins/Runtime/HairStrands/Shaders/Private/NiagaraGroomInterpolationUtils.ush" 2426
"../../../Engine/Plugins/FX/Niagara/Shaders/Private/NiagaraQuaternionUtils.ush" 2427
"../../../Engine/Shaders/Private/HairStrands/HairStrandsMesh.usf" 2428
"../../../Engine/Shaders/Private/HairStrands/HairStrandsBindingCommon.ush" 2429
"../../../Engine/Shaders/Private/HairStrands/HairStrandsFollicleMask.usf" 2430
"../../../Engine/Shaders/Private/HairStrands/HairStrandsSkinUpdate.usf" 2431
"../../../Engine/Shaders/Private/HairStrands/HairStrandsClusterCulling.usf" 2432
"../../../Engine/Shaders/Private/ColorMap.ush" 2433
"../../../Engine/Shaders/Private/HairStrands/HairStrandsAABBCommon.ush" 2434
"../../../Engine/Shaders/Private/HairStrands/HairStrandsClusterCommon.ush" 2435
"../../../Engine/Shaders/Private/ThreadGroupPrefixSum.ush" 2436
"../../../Engine/Shaders/Private/HairStrands/HairStrandsRaytracingGeometry.usf" 2437
"../../../Engine/Shaders/Private/HairStrands/HairStrandsTangent.usf" 2438
"../../../Engine/Shaders/Private/HairStrands/HairCardsDeformation.usf" 2439
"../../../Engine/Shaders/Private/HairStrands/HairStrandsInterpolation.usf" 2440
"../../../Engine/Shaders/Private/HairStrands/HairStrandsGuideDeform.usf" 2441
"../../../Engine/Shaders/Private/HairStrands/HairStrandsTexturesGeneration.usf" 2442
"../../../Engine/Shaders/Private/HairStrands/HairCardsTextureCommon.ush" 2443
"../../../Engine/Shaders/Private/HairStrands/HairStrandsTranscode.usf" 2444
"../../../Engine/Shaders/Private/HairStrands/HairStrandsDebug.usf" 2445
"../../../Engine/Shaders/Private/PostProcessCommon.ush" 2446
"../../../Engine/Plugins/Compositing/CompositeCore/Shaders/Private/CompositeCoreMerge.usf" 2447
"../../../Engine/Shaders/Private/LensDistortion.ush" 2448
"../../../Engine/Plugins/Compositing/CompositeCore/Shaders/Private/CompositeCoreBlending.ush" 2449
"../../../Engine/Plugins/Compositing/CompositeCore/Shaders/Private/CompositeCoreDisplayTransform.usf" 2450
"../../../Engine/Plugins/Compositing/CompositeCore/Shaders/Private/CompositeCoreDilate.usf" 2451
"../../../Engine/Plugins/PCG/Shaders/Private/PCGUnwrapMesh.usf" 2452
"../../../Engine/Plugins/PCG/Shaders/Private/PCGTextureReadback.usf" 2453
"../../../Engine/Plugins/PCG/Shaders/Private/PCGTexureDownsample.usf" 2454
"../../../Engine/Plugins/PCG/Shaders/Private/PCGSceneWriter.usf" 2455
"../../../Engine/Shaders/Private/GPUScene/GPUSceneWriter.ush" 2456
"../../../Engine/Plugins/PCG/Shaders/Private/PCGRayTrace.usf" 2457
"../../../Engine/Shaders/Private/Visualization.ush" 2458
"../../../Engine/Shaders/Private/Hash.ush" 2459
"../../../Engine/Plugins/PCG/Shaders/Private/PCGGrassMapUnpackerCS.usf" 2460
"../../../Engine/Shaders/Private/Landscape/LandscapeCommon.ush" 2461
"../../../Engine/Plugins/PCG/Shaders/Private/PCGDilate.usf" 2462
"../../../Engine/Plugins/Experimental/Water/Shaders/Private/WaterQuadTreeDraws.usf" 2463
"../../../Engine/Plugins/Experimental/Water/Shaders/Private/WaterQuadTreeCommon.ush" 2464
"../../../Engine/Plugins/Experimental/Water/Shaders/Private/WaterQuadTreeBuild.usf" 2465
"../../../Engine/Plugins/Experimental/Water/Shaders/Private/WaterQuadTreeMerge.usf" 2466
"../../../Engine/Plugins/Experimental/Water/Shaders/Private/WaterQuadTreePixelShader.usf" 2467
"../../../Engine/Plugins/Experimental/Water/Shaders/Private/WaterQuadTreeVertexShader.usf" 2468
"../../../Engine/Plugins/Experimental/Water/Shaders/Private/WaterInfoFinalize.usf" 2469
"../../../Engine/Plugins/Experimental/Water/Shaders/Private/WaterInfoMerge.usf" 2470
"../../../Engine/Plugins/FX/Niagara/Shaders/Private/NiagaraVertexFactoryExport.usf" 2471
"../../../Engine/Plugins/FX/Niagara/Shaders/Private/NiagaraSortKeyGen.usf" 2472
"../../../Engine/Plugins/FX/Niagara/Shaders/Private/NiagaraGPURayTracingTransforms.usf" 2473
"../../../Engine/Plugins/FX/Niagara/Shaders/Private/NiagaraDrawIndirectArgsGen.usf" 2474
"../../../Engine/Plugins/FX/Niagara/Shaders/Private/NiagaraDispatchIndirectArgsGen.usf" 2475
"../../../Engine/Plugins/FX/Niagara/Shaders/Private/Stateless/NiagaraStatelessSimulationDefault.usf" 2476
"../../../Engine/Plugins/FX/Niagara/Shaders/Private/Stateless/NiagaraStatelessCommon.ush" 2477
"../../../Engine/Plugins/FX/Niagara/Shaders/Shared/NiagaraStatelessDefinitions.h" 2478
"../../../Engine/Plugins/FX/Niagara/Shaders/Shared/NiagaraStatelessBuiltDistribution.h" 2479
"../../../Engine/Plugins/FX/Niagara/Shaders/Private/Stateless/NiagaraStatelessDistribution.ush" 2480
"../../../Engine/Plugins/FX/Niagara/Shaders/Private/Stateless/Template/GenerateCS_PreModules.ush" 2481
"../../../Engine/Plugins/FX/Niagara/Shaders/Private/Stateless/Modules/NiagaraStatelessModule_CalculateAccurateVelocity.ush" 2482
"../../../Engine/Plugins/FX/Niagara/Shaders/Private/Stateless/Modules/NiagaraStatelessModule_CameraOffset.ush" 2483
"../../../Engine/Plugins/FX/Niagara/Shaders/Private/Stateless/Modules/NiagaraStatelessModule_DynamicMaterialParameters.ush" 2484
"../../../Engine/Plugins/FX/Niagara/Shaders/Private/Stateless/Modules/NiagaraStatelessModule_InitializeParticle.ush" 2485
"../../../Engine/Plugins/FX/Niagara/Shaders/Private/Stateless/Modules/NiagaraStatelessModule_InitialMeshOrientation.ush" 2486
"../../../Engine/Plugins/FX/Niagara/Shaders/Private/Stateless/Modules/NiagaraStatelessModule_MeshIndex.ush" 2487
"../../../Engine/Plugins/FX/Niagara/Shaders/Private/Stateless/Modules/NiagaraStatelessModule_MeshRotationRate.ush" 2488
"../../../Engine/Plugins/FX/Niagara/Shaders/Private/Stateless/Modules/NiagaraStatelessModule_RotateAroundPoint.ush" 2489
"../../../Engine/Plugins/FX/Niagara/Shaders/Private/Stateless/Modules/NiagaraStatelessModule_ShapeLocation.ush" 2490
"../../../Engine/Plugins/FX/Niagara/Shaders/Private/Stateless/Modules/NiagaraStatelessModule_ScaleColor.ush" 2491
"../../../Engine/Plugins/FX/Niagara/Shaders/Private/Stateless/Modules/NiagaraStatelessModule_ScaleRibbonWidth.ush" 2492
"../../../Engine/Plugins/FX/Niagara/Shaders/Private/Stateless/Modules/NiagaraStatelessModule_ScaleSpriteSize.ush" 2493
"../../../Engine/Plugins/FX/Niagara/Shaders/Private/Stateless/Modules/NiagaraStatelessModule_ScaleSpriteSizeBySpeed.ush" 2494
"../../../Engine/Plugins/FX/Niagara/Shaders/Private/Stateless/Modules/NiagaraStatelessModule_ScaleMeshSize.ush" 2495
"../../../Engine/Plugins/FX/Niagara/Shaders/Private/Stateless/Modules/NiagaraStatelessModule_ScaleMeshSizeBySpeed.ush" 2496
"../../../Engine/Plugins/FX/Niagara/Shaders/Private/Stateless/Modules/NiagaraStatelessModule_SolveVelocitiesAndForces.ush" 2497
"../../../Engine/Plugins/FX/Niagara/Shaders/Private/Stateless/Modules/NiagaraStatelessModule_SpriteFacingAndAlignment.ush" 2498
"../../../Engine/Plugins/FX/Niagara/Shaders/Private/Stateless/Modules/NiagaraStatelessModule_SpriteRotationRate.ush" 2499
"../../../Engine/Plugins/FX/Niagara/Shaders/Private/Stateless/Modules/NiagaraStatelessModule_SubUVAnimation.ush" 2500
"../../../Engine/Plugins/FX/Niagara/Shaders/Private/Stateless/Template/GenerateCS_PostModules.ush" 2501
"../../../Engine/Plugins/FX/Niagara/Shaders/Private/NiagaraBlendSVTsToDenseBuffer.usf" 2502
"../../../Engine/Plugins/FX/Niagara/Shaders/Private/NiagaraSVTToDenseBuffer.usf" 2503
"../../../Engine/Plugins/FX/Niagara/Shaders/Private/NiagaraFillIntBuffer.usf" 2504
"../../../Engine/Plugins/FX/Niagara/Shaders/Private/NiagaraComputeFreeIDs.usf" 2505
"../../../Engine/Plugins/FX/Niagara/Shaders/Private/NiagaraInitFreeIDBuffer.usf" 2506
"../../../Engine/Plugins/FX/Niagara/Shaders/Private/NiagaraEmitterInstanceShader.usf" 2507
"../../../Engine/Plugins/FX/Niagara/Shaders/Private/NiagaraShaderVersion.ush" 2508
"../../../Engine/Plugins/FX/Niagara/Shaders/Private/NiagaraPhysicsCommon.ush" 2509
"../../../Engine/Plugins/FX/Niagara/Shaders/Private/Ribbons/NiagaraRibbonAggregationApply.usf" 2510
"../../../Engine/Plugins/FX/Niagara/Shaders/Private/Ribbons/NiagaraRibbonCommon.ush" 2511
"../../../Engine/Plugins/FX/Niagara/Shaders/Shared/NiagaraRibbonShared.h" 2512
"../../../Engine/Plugins/FX/Niagara/Shaders/Private/Ribbons/NiagaraRibbonAggregationStep.usf" 2513
"../../../Engine/Plugins/FX/Niagara/Shaders/Private/Ribbons/NiagaraRibbonGenerateIndices.usf" 2514
"../../../Engine/Plugins/FX/Niagara/Shaders/Private/Ribbons/NiagaraRibbonInitializeIndices.usf" 2515
"../../../Engine/Plugins/FX/Niagara/Shaders/Private/Ribbons/NiagaraRibbonRibbonUVParamCalculation.usf" 2516
"../../../Engine/Plugins/FX/Niagara/Shaders/Private/Ribbons/NiagaraRibbonVertexReductionFinalization.usf" 2517
"../../../Engine/Plugins/FX/Niagara/Shaders/Private/Ribbons/NiagaraRibbonVertexReductionInitialization.usf" 2518
"../../../Engine/Plugins/FX/Niagara/Shaders/Private/Ribbons/NiagaraRibbonSortParticles.usf" 2519
"../../../Engine/Plugins/FX/Niagara/Shaders/Private/NiagaraNeighborQuerySort.usf" 2520
"../../../Engine/Plugins/FX/Niagara/Shaders/Private/NiagaraLWCHelper.usf" 2521
"../../../Engine/Plugins/FX/Niagara/Shaders/Private/NiagaraUpdateMeshGPUSceneInstances.usf" 2522
"../../../Engine/Plugins/FX/Niagara/Shaders/Private/NiagaraGenerateMips.usf" 2523
"../../../Engine/Plugins/FX/Niagara/Shaders/Private/NiagaraDebugDraw.usf" 2524
"../../../Engine/Plugins/FX/Niagara/Shaders/Private/NiagaraDebugDraw.ush" 2525
"../../../Engine/Plugins/FX/Niagara/Shaders/Private/NiagaraVisualizeTexture.usf" 2526
"../../../Engine/Plugins/FX/Niagara/Shaders/Private/NiagaraClearCounts.usf" 2527
"../../../Engine/Plugins/FX/Niagara/Shaders/Private/NiagaraBatchedElements.usf" 2528
"../../../Engine/Plugins/FX/Niagara/Shaders/Private/NiagaraRayTracingShaders.usf" 2529
"../../../Engine/Plugins/FX/Niagara/Shaders/Private/NiagaraAsyncGpuTraceCommon.ush" 2530
"../../../Engine/Shaders/Private/HashTable.ush" 2531
"../../../Engine/Shaders/Private/RayTracing/VFXTraceRay.ush" 2532
"../../../Engine/Plugins/FX/Niagara/Shaders/Private/NiagaraRayMarchingShaders.usf" 2533
"../../../Engine/Plugins/FX/Niagara/Shaders/Private/NiagaraRayTraceCollisionGroupShaders.usf" 2534
"../../../Engine/Plugins/FX/Niagara/Shaders/Private/NiagaraAsyncGpuTraceUtils.usf" 2535
"../../../Engine/Shaders/Private/VirtualTextureAdapter.usf" 2536
"../../../Engine/Shaders/Private/BlockCompressionCommon.ush" 2537
"../../../Engine/Shaders/Private/BCCompressionCommon.ush" 2538
"../../../Engine/Shaders/Private/TranslucentLightingShaders.usf" 2539
"../../../Engine/Shaders/Private/TranslucencyVolumeInjectionCommon.ush" 2540
"../../../Engine/Shaders/Private/CubemapCommon.ush" 2541
"../../../Engine/Shaders/Private/VectorFieldCompositeShaders.usf" 2542
"../../../Engine/Shaders/Private/UpdateTextureShaders.usf" 2543
"../../../Engine/Shaders/Private/StereoLayerShader.usf" 2544
"../../../Engine/Shaders/Private/SparseVolumeTexture/UpdateSparseVolumeTexture.usf" 2545
"../../../Engine/Shaders/Private/MorphTargets.usf" 2546
"../../../Engine/Shaders/Private/SimpleElementColorChannelMaskPixelShader.usf" 2547
"../../../Engine/Shaders/Private/SimpleElementHitProxyPixelShader.usf" 2548
"../../../Engine/Shaders/Private/SimpleElementPixelShader.usf" 2549
"../../../Engine/Shaders/Private/IESLightProfilesCommon.ush" 2550
"../../../Engine/Shaders/Private/SimpleElementVertexShader.usf" 2551
"../../../Engine/Shaders/Private/ScreenPixelShaderOES.usf" 2552
"../../../Engine/Shaders/Private/ScreenVertexShader.usf" 2553
"../../../Engine/Shaders/Private/ScreenPixelShader.usf" 2554
"../../../Engine/Shaders/Private/ToonProfile.usf" 2555
"../../../Engine/Shaders/Private/SSProfilePreIntegratedMobile.usf" 2556
"../../../Engine/Shaders/Private/SpecularProfile.usf" 2557
"../../../Engine/Shaders/Private/Nanite/NaniteStreaming.usf" 2558
"../../../Engine/Shaders/Private/Nanite/NaniteStreaming.ush" 2559
"../../../Engine/Shaders/Private/VolumetricLightmapStreaming.usf" 2560
"../../../Engine/Shaders/Private/PhysicsFieldReset.usf" 2561
"../../../Engine/Shaders/Private/PhysicsFieldBuilder.usf" 2562
"../../../Engine/Shaders/Private/ParticleSortKeyGen.usf" 2563
"../../../Engine/Shaders/Private/ParticleBoundsShader.usf" 2564
"../../../Engine/Shaders/Private/ParticleSimVisualizeShader.usf" 2565
"../../../Engine/Shaders/Private/ParticleInjectionShader.usf" 2566
"../../../Engine/Shaders/Private/ParticleSimulationShader.usf" 2567
"../../../Engine/Shaders/Private/ParticleCurveInjectionShader.usf" 2568
"../../../Engine/Shaders/Private/Nanite/NaniteTranscode.usf" 2569
"../../../Engine/Shaders/Private/Nanite/NaniteScatterUpdates.usf" 2570
"../../../Engine/Shaders/Private/CopyUIntBuffer.usf" 2571
"../../../Engine/Shaders/Private/RadixSortShaders.usf" 2572
"../../../Engine/Shaders/Private/RecomputeTangentsPerVertexPass.usf" 2573
"../../../Engine/Shaders/Private/RecomputeTangentsCommon.ush" 2574
"../../../Engine/Shaders/Private/RecomputeTangentsPerTrianglePass.usf" 2575
"../../../Engine/Shaders/Private/DynamicMeshBounds.usf" 2576
"../../../Engine/Shaders/Private/GpuSkinCacheComputeShader.usf" 2577
"../../../Engine/Shaders/Private/DynamicMeshBounds.ush" 2578
"../../../Engine/Shaders/Private/BitonicSort.usf" 2579
"../../../Engine/Shaders/Public/WaveBroadcastIntrinsics.ush" 2580
"../../../Engine/Shaders/Private/HeightFieldAtlasManagement.usf" 2581
"../../../Engine/Shaders/Private/Landscape/LandscapeEditLayersUtils.usf" 2582
"../../../Engine/Shaders/Private/Landscape/LandscapeEditLayersWeightmaps.usf" 2583
"../../../Engine/Shaders/Private/Landscape/LandscapeEditLayersHeightmaps.usf" 2584
"../../../Engine/Shaders/Private/LandscapeLayersPS.usf" 2585
"../../../Engine/Shaders/Private/LandscapePhysicalMaterial.usf" 2586
"../../../Engine/Shaders/Private/LandscapeGrassWeight.usf" 2587
"../../../Engine/Shaders/Private/Landscape/LandscapeCulling.usf" 2588
"../../../Engine/Shaders/Private/Landscape/LandscapeMergeTexturesPS.usf" 2589
"../../../Engine/Shaders/Private/WideCustomResolveShaders.usf" 2590
"../../../Engine/Shaders/Private/WideCustomResolve_Wide.ush" 2591
"../../../Engine/Shaders/Private/WideCustomResolve_Wider.ush" 2592
"../../../Engine/Shaders/Private/WideCustomResolve_Widest.ush" 2593
"../../../Engine/Shaders/Private/WaterInfoTextureBlur.usf" 2594
"../../../Engine/Shaders/Private/WaterInfoTextureMerge.usf" 2595
"../../../Engine/Shaders/Private/PageTableUpdate.usf" 2596
"../../../Engine/Shaders/Private/VirtualTextureCompress.usf" 2597
"../../../Engine/Shaders/Private/ASTCCompressionCommon.ush" 2598
"../../../Engine/Shaders/Private/IntegerSequenceEncoding.ush" 2599
"../../../Engine/Shaders/Private/ETCCompressionCommon.ush" 2600
"../../../Engine/Shaders/Private/VirtualTextureMaterial.usf" 2601
"../../../Engine/Shaders/Private/PixelShaderOutputCommon.ush" 2602
"../../../Engine/Shaders/Private/ShaderOutputCommon.ush" 2603
"../../../Engine/Shaders/Private/VolumetricRenderTarget.usf" 2604
"../../../Engine/Shaders/Private/HeightFogCommon.ush" 2605
"../../../Engine/Shaders/Private/ReflectionEnvironmentShared.ush" 2606
"../../../Engine/Shaders/Private/LocalFogVolumes/LocalFogVolumeCommon.ush" 2607
"../../../Engine/Shaders/Private/VolumetricFogVoxelization.usf" 2608
"../../../Engine/Shaders/Private/VolumetricCloudMaterialPixelCommon.ush" 2609
"../../../Engine/Shaders/Private/VolumetricFogLightFunction.usf" 2610
"../../../Engine/Shaders/Private/LightFunctionCommon.ush" 2611
"../../../Engine/Shaders/Private/VolumetricFog.usf" 2612
"../../../Engine/Shaders/Private/DeferredLightingCommon.ush" 2613
"../../../Engine/Shaders/Private/DynamicLightingCommon.ush" 2614
"../../../Engine/Shaders/Private/CapsuleLightIntegrate.ush" 2615
"../../../Engine/Shaders/Private/CapsuleLightSampling.ush" 2616
"../../../Engine/Shaders/Private/RectLightIntegrate.ush" 2617
"../../../Engine/Shaders/Private/ScreenSpaceShadowRayCast.ush" 2618
"../../../Engine/Shaders/Private/LightFunctionAtlas/LightFunctionAtlasCommon.usf" 2619
"../../../Engine/Shaders/Private/LightGridCommon.ush" 2620
"../../../Engine/Shaders/Private/DistanceFieldAOShared.ush" 2621
"../../../Engine/Shaders/Private/IntersectionUtils.ush" 2622
"../../../Engine/Shaders/Private/VolumeLightingCommon.ush" 2623
"../../../Engine/Shaders/Private/ShadowProjectionCommon.ush" 2624
"../../../Engine/Shaders/Private/ShadowFilteringCommon.ush" 2625
"../../../Engine/Shaders/Private/PixelQuadMessagePassing.ush" 2626
"../../../Engine/Shaders/Private/VolumeLightingCommonSampling.ush" 2627
"../../../Engine/Shaders/Private/VolumetricLightmapShared.ush" 2628
"../../../Engine/Shaders/Private/ForwardShadowingCommon.ush" 2629
"../../../Engine/Shaders/Private/LightDataUniforms.ush" 2630
"../../../Engine/Shaders/Private/Lumen/LumenTranslucencyVolumeShared.ush" 2631
"../../../Engine/Shaders/Private/Lumen/LumenRadianceCacheInterpolation.ush" 2632
"../../../Engine/Shaders/Private/VirtualShadowMaps/VirtualShadowMapProjectionCommon.ush" 2633
"../../../Engine/Shaders/Private/DiaphragmDOF/DOFCommon.ush" 2634
"../../../Engine/Shaders/Private/VolumetricCloudCommon.ush" 2635
"../../../Engine/Shaders/Private/VolumetricCloud.usf" 2636
"../../../Engine/Shaders/Private/VisualizeVolumetricLightmap.usf" 2637
"../../../Engine/Shaders/Private/Tools/VisualizeLightShape.usf" 2638
"../../../Engine/Shaders/Private/VirtualShadowMaps/VirtualShadowMapProjectionComposite.usf" 2639
"../../../Engine/Shaders/Private/LightShaderParameters.ush" 2640
"../../../Engine/Shaders/Private/VirtualShadowMaps/VirtualShadowMapMaskBitsCommon.ush" 2641
"../../../Engine/Shaders/Private/VirtualShadowMaps/VirtualShadowMapLightGrid.ush" 2642
"../../../Engine/Shaders/Private/VirtualShadowMaps/VirtualShadowMapProjection.usf" 2643
"../../../Engine/Shaders/Private/VirtualShadowMaps/VirtualShadowMapProjectionFilter.ush" 2644
"../../../Engine/Shaders/Private/VirtualShadowMaps/VirtualShadowMapProjectionDirectional.ush" 2645
"../../../Engine/Shaders/Private/VirtualShadowMaps/VirtualShadowMapSMRTCommon.ush" 2646
"../../../Engine/Shaders/Private/VirtualShadowMaps/VirtualShadowMapSMRTTemplate.ush" 2647
"../../../Engine/Shaders/Private/VirtualShadowMaps/VirtualShadowMapProjectionSpot.ush" 2648
"../../../Engine/Shaders/Private/VirtualShadowMaps/VirtualShadowMapTransmissionCommon.ush" 2649
"../../../Engine/Shaders/Private/VirtualShadowMaps/VirtualShadowMapScreenRayTrace.ush" 2650
"../../../Engine/Shaders/Private/VirtualShadowMaps/VirtualShadowMapStats.ush" 2651
"../../../Engine/Shaders/Private/HairStrands/HairStrandsVoxelPageCommon.ush" 2652
"../../../Engine/Shaders/Private/HairStrands/HairStrandsVoxelPageTraversal.ush" 2653
"../../../Engine/Shaders/Private/VirtualShadowMaps/VirtualShadowMapCacheGPUInvalidation.usf" 2654
"../../../Engine/Shaders/Private/VirtualShadowMaps/VirtualShadowMapCacheInvalidation.ush" 2655
"../../../Engine/Shaders/Private/ScreenSpaceDenoise/SSDDefinitions.ush" 2656
"../../../Engine/Shaders/Private/InstanceCulling/InstanceCullingLoadBalancer.ush" 2657
"../../../Engine/Shaders/Private/VirtualShadowMaps/VirtualShadowMapCacheLoadBalancer.usf" 2658
"../../../Engine/Shaders/Private/VirtualShadowMaps/VirtualShadowMapCopyStats.usf" 2659
"../../../Engine/Shaders/Private/VirtualShadowMaps/VirtualShadowMapShadowCasterBounds.usf" 2660
"../../../Engine/Shaders/Private/VirtualShadowMaps/VirtualShadowMapVisualize.ush" 2661
"../../../Engine/Shaders/Private/VirtualShadowMaps/VirtualShadowMapShadowCasterColor.usf" 2662
"../../../Engine/Shaders/Private/VirtualShadowMaps/VirtualShadowMapDebug.usf" 2663
"../../../Engine/Shaders/Private/VirtualShadowMaps/Desaturate.usf" 2664
"../../../Engine/Shaders/Private/VirtualShadowMaps/VirtualShadowMapPhysicalPageManagement.usf" 2665
"../../../Engine/Shaders/Private/ReductionCommon.ush" 2666
"../../../Engine/Shaders/Private/GPUMessaging.ush" 2667
"../../../Engine/Shaders/Private/VirtualShadowMaps/VirtualShadowMapPerPageDispatch.ush" 2668
"../../../Engine/Shaders/Private/VirtualShadowMaps/VirtualShadowMapComputeExplicitChunkDrawsViewMask.usf" 2669
"../../../Engine/Shaders/Shared/SceneCullingDefinitions.h" 2670
"../../../Engine/Shaders/Private/VirtualShadowMaps/VirtualShadowMapCompactViews.usf" 2671
"../../../Engine/Shaders/Private/VirtualShadowMaps/VirtualShadowMapBuildPerPageDrawCommands.usf" 2672
"../../../Engine/Shaders/Private/InstanceCulling/InstanceCullingCommon.ush" 2673
"../../../Engine/Shaders/Shared/InstanceCullingDefinitions.h" 2674
"../../../Engine/Shaders/Private/VirtualShadowMaps/VirtualShadowMapPrintStats.usf" 2675
"../../../Engine/Shaders/Private/VirtualShadowMaps/VirtualShadowMapPageManagement.usf" 2676
"../../../Engine/Shaders/Private/VirtualShadowMaps/VirtualShadowMapPageMarking.usf" 2677
"../../../Engine/Shaders/Private/VirtualShadowMaps/VirtualShadowMapPageMarking.ush" 2678
"../../../Engine/Shaders/Shared/SingleLayerWaterDefinitions.h" 2679
"../../../Engine/Shaders/Private/HairStrands/HairStrandsTileCommon.ush" 2680
"../../../Engine/Shaders/Private/Froxel/Froxel.ush" 2681
"../../../Engine/Shaders/Shared/FroxelDefinitions.h" 2682
"../../../Engine/Shaders/Private/VirtualShadowMaps/VirtualShadowMapThrottle.usf" 2683
"../../../Engine/Shaders/Private/VelocityUpdate.usf" 2684
"../../../Engine/Shaders/Private/VelocityCommon.ush" 2685
"../../../Engine/Shaders/Private/VelocityShader.usf" 2686
"../../../Engine/Shaders/Private/BasePassCommonFunctions.ush" 2687
"../../../Engine/Shaders/Private/VariableRateShading/VRSShadingRatePreview.usf" 2688
"../../../Engine/Shaders/Private/VariableRateShading/VRSShadingRateCommon.ush" 2689
"../../../Engine/Shaders/Private/VariableRateShading/VRSShadingRateCombine.usf" 2690
"../../../Engine/Shaders/Private/VariableRateShading/VRSShadingRateFoveated.usf" 2691
"../../../Engine/Shaders/Private/VariableRateShading/VRSShadingRateReproject.usf" 2692
"../../../Engine/Shaders/Private/VariableRateShading/VRSShadingRateCalculate.usf" 2693
"../../../Engine/Shaders/Private/TranslucencyUpsampling.usf" 2694
"../../../Engine/Shaders/Private/ComposeSeparateTranslucency.usf" 2695
"../../../Engine/Shaders/Private/SeparateTranslucency.ush" 2696
"../../../Engine/Shaders/Private/TranslucencyVolumeVisualize.usf" 2697
"../../../Engine/Shaders/Private/TranslucencyVolumeCommon.ush" 2698
"../../../Engine/Shaders/Private/TranslucentLightInjectionShaders.usf" 2699
"../../../Engine/Shaders/Private/HeterogeneousVolumes/HeterogeneousVolumesAdaptiveVolumetricShadowMapSampling.ush" 2700
"../../../Engine/Shaders/Private/HeterogeneousVolumes/HeterogeneousVolumesAdaptiveVolumetricShadowMapUtils.ush" 2701
"../../../Engine/Shaders/Private/HeterogeneousVolumes/HeterogeneousVolumesBeerShadowMapUtils.ush" 2702
"../../../Engine/Shaders/Private/TranslucentShadowDepthShaders.usf" 2703
"../../../Engine/Shaders/Private/ShadowDepthCommon.ush" 2704
"../../../Engine/Shaders/Private/RayTracing/RayTracingTest.usf" 2705
"../../../Engine/Shaders/Private/PostProcessSubsurfaceTile.usf" 2706
"../../../Engine/Shaders/Private/PostProcessSubsurfaceCommon.ush" 2707
"../../../Engine/Shaders/Private/Substrate/SubstrateVisualize.usf" 2708
"../../../Engine/Shaders/Private/Substrate/SubstrateTile.ush" 2709
"../../../Engine/Shaders/Shared/SubstrateVisualizeDefinitions.h" 2710
"../../../Engine/Shaders/Private/Substrate/SubstrateVisualizeCommon.ush" 2711
"../../../Engine/Shaders/Private/SkyLightingDiffuseShared.ush" 2712
"../../../Engine/Shaders/Private/SkyLightingShared.ush" 2713
"../../../Engine/Shaders/Private/ClearCoatCommon.ush" 2714
"../../../Engine/Shaders/Private/ReflectionEnvironmentComposite.ush" 2715
"../../../Engine/Shaders/Private/Substrate/SubstrateLightingCommon.ush" 2716
"../../../Engine/Shaders/Private/Substrate/SubstrateRoughRefraction.usf" 2717
"../../../Engine/Shaders/Private/PathTracing/Material/PathTracingFresnel.ush" 2718
"../../../Engine/Shaders/Private/PathTracing/Material/PathTracingGlossy.ush" 2719
"../../../Engine/Shaders/Private/Substrate/SubstrateMaterialSampling.usf" 2720
"../../../Engine/Shaders/Private/Substrate/SubstrateMaterialSampling.ush" 2721
"../../../Engine/Shaders/Private/Lumen/LumenPosition.ush" 2722
"../../../Engine/Shaders/Private/Substrate/SubstrateTile.usf" 2723
"../../../Engine/Shaders/Private/Substrate/SubstrateMaterialClassification.usf" 2724
"../../../Engine/Shaders/Private/Substrate/SubstrateDBuffer.usf" 2725
"../../../Engine/Shaders/Private/StochasticLighting/StochasticLightingTileClassification.usf" 2726
"../../../Engine/Shaders/Private/Lumen/LumenMaterial.ush" 2727
"../../../Engine/Shaders/Private/HairStrands/HairStrandsVisibilityUtils.ush" 2728
"../../../Engine/Shaders/Private/Lumen/LumenReflectionCommon.ush" 2729
"../../../Engine/Shaders/Private/Lumen/LumenReflectionsCombine.ush" 2730
"../../../Engine/Shaders/Private/Lumen/LumenScreenProbeTileClassication.ush" 2731
"../../../Engine/Shaders/Private/MegaLights/MegaLightsTileClassification.ush" 2732
"../../../Engine/Shaders/Private/StochasticLighting/StochasticLightingUpsample.ush" 2733
"../../../Engine/Shaders/Private/StochasticLighting/StochasticLightingCommon.ush" 2734
"../../../Engine/Shaders/Private/SplineMeshSceneTexture.usf" 2735
"../../../Engine/Shaders/Private/SparseVolumeTexture/VisualizeSparseVolumeTexture.usf" 2736
"../../../Engine/Shaders/Private/SkyAtmosphere.usf" 2737
"../../../Engine/Shaders/Private/Skinning/ResolveAttachments.usf" 2738
"../../../Engine/Shaders/Private/Nanite/NaniteSkinningUpdateViewData.usf" 2739
"../../../Engine/Shaders/Private/SceneCulling/SceneCulling.ush" 2740
"../../../Engine/Shaders/Private/Skinning/CopyPreviousTransforms.usf" 2741
"../../../Engine/Shaders/Private/Skinning/TransformProviders.usf" 2742
"../../../Engine/Shaders/Private/Skinning/SkinnedMeshDebug.usf" 2743
"../../../Engine/Shaders/Private/Skinning/AnimSequenceTransformProvider.usf" 2744
"../../../Engine/Shaders/Private/Skinning/AnimBankEval.usf" 2745
"../../../Engine/Shaders/Private/SingleLayerWaterComposite.usf" 2746
"../../../Engine/Shaders/Private/Froxel/FroxelBuild.ush" 2747
"../../../Engine/Shaders/Private/SingleLayerWaterRefractionCulling.usf" 2748
"../../../Engine/Shaders/Private/ScreenSpaceShadows.usf" 2749
"../../../Engine/Shaders/Private/bend_sss_gpu.ush" 2750
"../../../Engine/Shaders/Private/ShadowFactorsUpsampleCommon.ush" 2751
"../../../Engine/Shaders/Private/FirstPersonSelfShadow.usf" 2752
"../../../Engine/Shaders/Private/HZBTracing.ush" 2753
"../../../Engine/Shaders/Private/LateZDummyPS.usf" 2754
"../../../Engine/Shaders/Private/ShadowProjectionVertexShader.usf" 2755
"../../../Engine/Shaders/Private/ShadowProjectionPixelShader.usf" 2756
"../../../Engine/Shaders/Private/MobileLightingCommon.ush" 2757
"../../../Engine/Shaders/Private/PlanarReflectionShared.ush" 2758
"../../../Engine/Shaders/Private/MobileSSR.ush" 2759
"../../../Engine/Shaders/Private/SSRT/SSRTRayCast.ush" 2760
"../../../Engine/Shaders/Private/ShadowPercentageCloserFiltering.ush" 2761
"../../../Engine/Shaders/Private/TransmissionThickness.ush" 2762
"../../../Engine/Shaders/Private/CopyShadowMaps.usf" 2763
"../../../Engine/Shaders/Private/ShadowDepthPixelShader.usf" 2764
"../../../Engine/Shaders/Private/ShadowDepthVertexShader.usf" 2765
"../../../Engine/Shaders/Private/ShadingEnergyConservationTable.usf" 2766
"../../../Engine/Shaders/Shared/PathTracingDefinitions.h" 2767
"../../../Engine/Shaders/Private/ShadingFurnaceTest.usf" 2768
"../../../Engine/Shaders/Private/Substrate/SubstrateDeferredLighting.ush" 2769
"../../../Engine/Shaders/Private/ShaderPrintDraw.usf" 2770
"../../../Engine/Shaders/Private/ShaderPrintDrawPrimitive.usf" 2771
"../../../Engine/Shaders/Private/DefaultSSRTiles.usf" 2772
"../../../Engine/Shaders/Private/ScreenSpaceReflectionTileCommons.ush" 2773
"../../../Engine/Shaders/Private/SSRT/SSRTDiffuseIndirect.usf" 2774
"../../../Engine/Shaders/Private/SSRT/SSRTTileClassificationBuffer.ush" 2775
"../../../Engine/Shaders/Private/SSRT/SSRTReflections.usf" 2776
"../../../Engine/Shaders/Private/ScreenSpaceDenoise/SSDPublic.ush" 2777
"../../../Engine/Shaders/Private/SSRT/SSRTTileClassification.usf" 2778
"../../../Engine/Shaders/Private/SSRT/SSRTPrevFrameReduction.usf" 2779
"../../../Engine/Shaders/Private/ScreenSpaceDenoise/SSDComposeHarmonics.usf" 2780
"../../../Engine/Shaders/Private/ScreenSpaceDenoise/SSDPublicHarmonics.ush" 2781
"../../../Engine/Shaders/Private/ScreenSpaceDenoise/SSDSignalFramework.ush" 2782
"../../../Engine/Shaders/Private/ScreenSpaceDenoise/SSDCommon.ush" 2783
"../../../Engine/Shaders/Private/SphericalGaussian.ush" 2784
"../../../Engine/Shaders/Private/ScreenSpaceDenoise/SSDMetadata.ush" 2785
"../../../Engine/Shaders/Private/ScreenSpaceDenoise/SSDSignalCore.ush" 2786
"../../../Engine/Shaders/Private/ScreenSpaceDenoise/DenoisingCommon.ush" 2787
"../../../Engine/Shaders/Private/ScreenSpaceDenoise/SSDSignalArray.ush" 2788
"../../../Engine/Shaders/Private/ScreenSpaceDenoise/SSDSignalBufferEncoding.ush" 2789
"../../../Engine/Shaders/Private/ScreenSpaceDenoise/SSDPublicBufferEncoding.ush" 2790
"../../../Engine/Shaders/Private/Lumen/LumenBufferEncoding.ush" 2791
"../../../Engine/Shaders/Private/ScreenSpaceDenoise/SSDTemporalAccumulation.usf" 2792
"../../../Engine/Shaders/Private/ScreenSpaceDenoise/SSDSpatialKernel.ush" 2793
"../../../Engine/Shaders/Private/ScreenSpaceDenoise/SSDSignalAccumulatorArray.ush" 2794
"../../../Engine/Shaders/Private/ScreenSpaceDenoise/SSDSignalAccumulator.ush" 2795
"../../../Engine/Shaders/Private/ScreenSpaceDenoise/SSDSignalCompression.ush" 2796
"../../../Engine/Shaders/Private/ScreenSpaceDenoise/SSDSpatialAccumulation.usf" 2797
"../../../Engine/Shaders/Private/ScreenSpaceDenoise/SSDInjest.usf" 2798
"../../../Engine/Shaders/Private/ScreenSpaceDenoise/SSDCompressMetadata.usf" 2799
"../../../Engine/Shaders/Private/DownsampleDepthPixelShader.usf" 2800
"../../../Engine/Shaders/Private/ScreenPass.usf" 2801
"../../../Engine/Shaders/Private/HZB.usf" 2802
"../../../Engine/Shaders/Private/OcclusionFeedbackShaders.usf" 2803
"../../../Engine/Shaders/Private/HZBOcclusion.usf" 2804
"../../../Engine/Shaders/Private/OcclusionQueryPixelShader.usf" 2805
"../../../Engine/Shaders/Private/OcclusionQueryVertexShader.usf" 2806
"../../../Engine/Shaders/Private/HitProxyCopy.usf" 2807
"../../../Engine/Shaders/Private/HitProxyPixelShader.usf" 2808
"../../../Engine/Shaders/Private/HitProxyVertexShader.usf" 2809
"../../../Engine/Shaders/Private/SceneCulling/SceneCullingDebugRender.usf" 2810
"../../../Engine/Shaders/Private/SceneCulling/SceneCullingBuildExplicitBounds.usf" 2811
"../../../Engine/Shaders/Private/SceneCapturePixelShader.usf" 2812
"../../../Engine/Shaders/Private/RendererUtils.usf" 2813
"../../../Engine/Shaders/Private/RTWriteMaskDecode.usf" 2814
"../../../Engine/Shaders/Private/ReflectionEnvironmentShaders.usf" 2815
"../../../Engine/Shaders/Private/RectLightAtlas.usf" 2816
"../../../Engine/Shaders/Private/RayTracing/TraceRayInlineStatistics.usf" 2817
"../../../Engine/Shaders/Private/RayTracing/CompositeSkyLightPS.usf" 2818
"../../../Engine/Shaders/Private/RayTracing/GenerateSkyLightVisibilityRaysCS.usf" 2819
"../../../Engine/Shaders/Private/RayTracing/RayTracingSkyLightCommon.ush" 2820
"../../../Engine/Shaders/Private/RayTracing/SkyLightVisibilityRaysData.ush" 2821
"../../../Engine/Shaders/Private/RayTracing/RayTracingSkyLightRGS.usf" 2822
"../../../Engine/Shaders/Private/HairStrands/HairStrandsRaytracing.ush" 2823
"../../../Engine/Shaders/Private/RayTracing/RayTracingSkyLightEvaluation.ush" 2824
"../../../Engine/Shaders/Private/RayTracing/RayTracingDeferredShadingCommon.ush" 2825
"../../../Engine/Shaders/Private/RayTracing/RayTracingOcclusionRGS.usf" 2826
"../../../Engine/Shaders/Private/RayTracing/RayTracingDirectionalLight.ush" 2827
"../../../Engine/Shaders/Private/RayTracing/RayTracingRectLight.ush" 2828
"../../../Engine/Shaders/Private/RayTracing/RayTracingSphereLight.ush" 2829
"../../../Engine/Shaders/Private/RayTracing/RayTracingCapsuleLight.ush" 2830
"../../../Engine/Shaders/Private/RayTracing/RayTracingFeedback.usf" 2831
"../../../Engine/Shaders/Shared/RayTracingDebugTypes.h" 2832
"../../../Engine/Shaders/Private/RayTracing/RayTracingPrimaryRays.usf" 2833
"../../../Engine/Shaders/Private/RayTracing/RayTracingLightingCommon.ush" 2834
"../../../Engine/Shaders/Private/RayTracing/RayTracingLightCullingCommon.ush" 2835
"../../../Engine/Shaders/Private/RayTracing/RayTracingMaterialDefaultHitShaders.usf" 2836
"../../../Engine/Shaders/Private/RayTracing/RayTracingMaterialHitShaders.usf" 2837
"../../../Engine/Shaders/Private/RayTracing/RayTracingShaderUtils.ush" 2838
"../../../Engine/Shaders/Private/RayTracing/RayTracingCalcInterpolants.ush" 2839
"../../../Engine/Shaders/Private/LightmapCommon.ush" 2840
"../../../Engine/Shaders/Private/Lumen/LumenHardwareRayTracingPayloadCommon.ush" 2841
"../../../Engine/Shaders/Shared/LumenDefinitions.h" 2842
"../../../Engine/Shaders/Private/Substrate/SubstrateExport.ush" 2843
"../../../Engine/Shaders/Private/RayTracing/RayTracingLightingMS.usf" 2844
"../../../Engine/Shaders/Private/Lumen/LumenDiffuseColorBoost.ush" 2845
"../../../Engine/Shaders/Private/RayTracing/RayTracingLightFunctionCommon.ush" 2846
"../../../Engine/Shaders/Private/RayTracing/RayTracingBuildLightGrid.usf" 2847
"../../../Engine/Shaders/Private/RayTracing/RayTracingInstanceBufferUtil.usf" 2848
"../../../Engine/Shaders/Shared/NaniteRayTracingDefinitions.h" 2849
"../../../Engine/Shaders/Private/RayTracing/RayTracingDynamicMesh.usf" 2850
"../../../Engine/Shaders/Private/RayTracing/RayTracingDefaultDecalHitShader.usf" 2851
"../../../Engine/Shaders/Private/RayTracing/RayTracingDecalMaterialShader.usf" 2852
"../../../Engine/Shaders/Private/PathTracing/PathTracingShaderUtils.ush" 2853
"../../../Engine/Shaders/Private/PathTracing/PathTracingCommon.ush" 2854
"../../../Engine/Shaders/Private/PathTracing/Material/PathTracingMaterialCommon.ush" 2855
"../../../Engine/Shaders/Private/PathTracing/Utilities/PathTracingRIS.ush" 2856
"../../../Engine/Shaders/Private/RayTracing/RayTracingBuildDecalGrid.usf" 2857
"../../../Engine/Shaders/Private/RayTracing/RayTracingDebugHitStatsUtils.usf" 2858
"../../../Engine/Shaders/Private/RayTracing/RayTracingDebugInstanceOverlap.usf" 2859
"../../../Engine/Shaders/Private/RayTracing/RayTracingDebugPicking.usf" 2860
"../../../Engine/Shaders/Private/RayTracing/RayTracingDebugUtils.ush" 2861
"../../../Engine/Shaders/Private/RayTracing/RayTracingDebugTraversal.usf" 2862
"../../../Engine/Shaders/Private/RayTracing/RayTracingDeferredMaterials.ush" 2863
"../../../Engine/Shaders/Shared/ThirdParty/AMD/ags_shader_intrinsics_dx12.h" 2864
"../../../Engine/Shaders/Shared/RaytracingDebugDefinitions.h" 2865
"../../../Engine/Shaders/Private/RayTracing/RayTracingDebugHitStatsCHS.usf" 2866
"../../../Engine/Shaders/Private/RayTracing/RayTracingDebugHitStats.usf" 2867
"../../../Engine/Shaders/Private/RayTracing/RayTracingDebugMS.usf" 2868
"../../../Engine/Shaders/Private/RayTracing/RayTracingDebugCHS.usf" 2869
"../../../Engine/Shaders/Private/RayTracing/RayTracingDebug.usf" 2870
"../../../Engine/Shaders/Private/RayTracing/RayTracingBuiltInShaders.usf" 2871
"../../../Engine/Shaders/Private/RayTracing/RayTracingBarycentrics.usf" 2872
"../../../Engine/Shaders/Private/RayTracing/RayTracingAmbientOcclusionRGS.usf" 2873
"../../../Engine/Shaders/Private/VisualizeShadingModels.usf" 2874
"../../../Engine/Shaders/Private/MotionBlur/VisualizeMotionVectors.usf" 2875
"../../../Engine/Shaders/Private/Tools/ColorGradingHistogram.usf" 2876
"../../../Engine/Shaders/Private/Tools/ColorGradingVectorScope.usf" 2877
"../../../Engine/Shaders/Private/Tools/ColorGradingParade.usf" 2878
"../../../Engine/Shaders/Private/TemporalSuperResolution/TSRVisualize.usf" 2879
"../../../Engine/Shaders/Private/TemporalSuperResolution/TSRColorSpace.ush" 2880
"../../../Engine/Shaders/Private/TemporalSuperResolution/TSRCommon.ush" 2881
"../../../Engine/Shaders/Public/DualPixelVectorization.ush" 2882
"../../../Engine/Shaders/Private/TemporalSuperResolution/TSRReprojectionField.ush" 2883
"../../../Engine/Shaders/Private/TemporalSuperResolution/TSRResolveHistory.usf" 2884
"../../../Engine/Shaders/Private/TemporalSuperResolution/TSRConvolutionNetwork.ush" 2885
"../../../Engine/Shaders/Private/TemporalSuperResolution/TSRKernels.ush" 2886
"../../../Engine/Shaders/Public/LaneVectorization.ush" 2887
"../../../Engine/Shaders/Private/TemporalSuperResolution/TSRUpdateHistory.usf" 2888
"../../../Engine/Shaders/Private/TemporalSuperResolution/TSRSpatialAntiAliasing.ush" 2889
"../../../Engine/Shaders/Private/TemporalSuperResolution/TSRSpatialAntiAliasing.usf" 2890
"../../../Engine/Shaders/Private/TemporalSuperResolution/TSRRejectShading.usf" 2891
"../../../Engine/Shaders/Private/TemporalSuperResolution/TSRShadingAnalysis.ush" 2892
"../../../Engine/Shaders/Private/TemporalSuperResolution/TSRConvolutionNetworkPass.ush" 2893
"../../../Engine/Shaders/Private/TemporalSuperResolution/TSRDecimateHistory.usf" 2894
"../../../Engine/Shaders/Private/TemporalSuperResolution/TSRDepthVelocityAnalysis.ush" 2895
"../../../Engine/Shaders/Private/TemporalSuperResolution/TSRClosestOccluder.ush" 2896
"../../../Engine/Shaders/Private/TemporalSuperResolution/TSRWeightRelaxation.usf" 2897
"../../../Engine/Shaders/Private/TemporalSuperResolution/TSRThinGeometryCommon.ush" 2898
"../../../Engine/Shaders/Private/TemporalSuperResolution/TSRDetectThinGeometry.usf" 2899
"../../../Engine/Shaders/Private/TemporalSuperResolution/TSRDilateVelocity.usf" 2900
"../../../Engine/Shaders/Private/MotionBlur/MotionBlurVelocityFlatten.ush" 2901
"../../../Engine/Shaders/Private/MotionBlur/MotionBlurCommon.ush" 2902
"../../../Engine/Shaders/Private/TemporalSuperResolution/TSRClearPrevTextures.usf" 2903
"../../../Engine/Shaders/Private/TemporalSuperResolution/TSRMeasureCoverage.usf" 2904
"../../../Engine/Shaders/Private/TemporalSuperResolution/TSRMeasureFlickeringLuma.usf" 2905
"../../../Engine/Shaders/Private/TemporalAA.usf" 2906
"../../../Engine/Shaders/Private/SMAA/SMAADebugVisualization.usf" 2907
"../../../Engine/Shaders/Private/SMAA/SMAACommon.ush" 2908
"../../../Engine/Shaders/Private/SMAA/SMAA.ush" 2909
"../../../Engine/Shaders/Private/SMAA/SMAANeighborhoodBlendingShader.usf" 2910
"../../../Engine/Shaders/Private/SMAA/SMAABlendingWeightCalculationShader.usf" 2911
"../../../Engine/Shaders/Private/SMAA/SMAAEdgeDetectionShader.usf" 2912
"../../../Engine/Shaders/Private/FilterPixelShader.usf" 2913
"../../../Engine/Shaders/Private/FilterVertexShader.usf" 2914
"../../../Engine/Shaders/Private/VisualizeVirtualTexture.usf" 2915
"../../../Engine/Shaders/Private/PostProcessVisualizeBuffer.usf" 2916
"../../../Engine/Shaders/Private/PostProcessVisualizeLocalExposure.usf" 2917
"../../../Engine/Shaders/Private/PostProcessHistogramCommon.ush" 2918
"../../../Engine/Shaders/Private/TonemapCommon.ush" 2919
"../../../Engine/Shaders/Private/ACES/ACESCommon.ush" 2920
"../../../Engine/Shaders/Private/ACES/ACESOutputTransform.ush" 2921
"../../../Engine/Shaders/Private/ACES/ACESUtilities.ush" 2922
"../../../Engine/Shaders/Private/ACES/ACESTonescale.ush" 2923
"../../../Engine/Shaders/Private/ACES/ACESDisplayEncoding.ush" 2924
"../../../Engine/Shaders/Private/ACES/ACES_v1.3.ush" 2925
"../../../Engine/Shaders/Private/PostProcessVisualizeLevelInstance.usf" 2926
"../../../Engine/Shaders/Private/PostProcessVisualizeHDR.usf" 2927
"../../../Engine/Shaders/Private/ShaderComplexityApplyPixelShader.usf" 2928
"../../../Engine/Shaders/Private/QuadOverdraw.ush" 2929
"../../../Engine/Shaders/Private/PostProcessUpscale.usf" 2930
"../../../Engine/Shaders/Private/PostProcessTonemap.usf" 2931
"../../../Engine/Shaders/Private/PostProcessing/FilmGrainPackConstants.usf" 2932
"../../../Engine/Shaders/Private/PostProcessing/FilmGrainReduce.usf" 2933
"../../../Engine/Shaders/Private/PostProcessTestImage.usf" 2934
"../../../Engine/Shaders/Private/PostProcessSubsurface.usf" 2935
"../../../Engine/Shaders/Private/PostProcessSubsurfaceDiffuse.ush" 2936
"../../../Engine/Shaders/Private/SeparableSSS.ush" 2937
"../../../Engine/Shaders/Private/SubsurfaceBurleyNormalized.ush" 2938
"../../../Engine/Shaders/Private/PostProcessSubsurfaceDiffuse.usf" 2939
"../../../Engine/Shaders/Private/PostProcessSelectionOutline.usf" 2940
"../../../Engine/Shaders/Private/MotionBlur/MotionBlurVisualize.usf" 2941
"../../../Engine/Shaders/Private/MotionBlur/MotionBlurApply.usf" 2942
"../../../Engine/Shaders/Private/MotionBlur/MotionBlurFilterTileClassify.usf" 2943
"../../../Engine/Shaders/Private/MotionBlur/MotionBlurTileScatter.usf" 2944
"../../../Engine/Shaders/Private/MotionBlur/MotionBlurTileGather.usf" 2945
"../../../Engine/Shaders/Private/MotionBlur/MotionBlurVelocityFlatten.usf" 2946
"../../../Engine/Shaders/Private/PostProcessMobile.usf" 2947
"../../../Engine/Shaders/Private/PostProcessMitchellNetravali.usf" 2948
"../../../Engine/Shaders/Private/PostProcessMaterialShaders.usf" 2949
"../../../Engine/Shaders/Private/NeuralPostProcessCommon.usf" 2950
"../../../Engine/Shaders/Private/PostProcessLocalExposure.usf" 2951
"../../../Engine/Shaders/Private/PostProcessLensFlares.usf" 2952
"../../../Engine/Shaders/Private/PostProcessGBufferHints.usf" 2953
"../../../Engine/Shaders/Private/PostProcessHMD.usf" 2954
"../../../Engine/Shaders/Private/Histogram.usf" 2955
"../../../Engine/Shaders/Private/PostProcessExposureMaterial.ush" 2956
"../../../Engine/Shaders/Private/PostProcessHistogramReduce.usf" 2957
"../../../Engine/Shaders/Private/PostProcessHistogram.usf" 2958
"../../../Engine/Shaders/Private/Bloom/BloomFinalizeApplyConstants.usf" 2959
"../../../Engine/Shaders/Private/Bloom/BloomCommon.ush" 2960
"../../../Engine/Shaders/Private/Bloom/BloomResizeKernel.usf" 2961
"../../../Engine/Shaders/Private/Bloom/BloomDownsampleKernel.usf" 2962
"../../../Engine/Shaders/Private/Bloom/BloomClampKernel.usf" 2963
"../../../Engine/Shaders/Private/Bloom/BloomPackKernelConstants.usf" 2964
"../../../Engine/Shaders/Private/Bloom/BloomSumScatterDispersionEnergy.usf" 2965
"../../../Engine/Shaders/Private/Bloom/BloomReduceKernelSurvey.usf" 2966
"../../../Engine/Shaders/Private/Bloom/BloomSurveyKernelCenterEnergy.usf" 2967
"../../../Engine/Shaders/Private/Bloom/BloomSurveyMaxScatterDispersion.usf" 2968
"../../../Engine/Shaders/Private/Bloom/BloomFindKernelCenter.usf" 2969
"../../../Engine/Shaders/Private/PostProcessEyeAdaptation.usf" 2970
"../../../Engine/Shaders/Private/PostProcessEyeAdaptationUtils.usf" 2971
"../../../Engine/Shaders/Private/PostProcessDownsample.usf" 2972
"../../../Engine/Shaders/Private/PostProcessDOF.usf" 2973
"../../../Engine/Shaders/Private/PostProcessDeviceEncodingOnly.usf" 2974
"../../../Engine/Shaders/Private/PostProcessCompositePrimitives.usf" 2975
"../../../Engine/Shaders/Private/PostProcessCombineLUTsInner.usf" 2976
"../../../Engine/Shaders/Private/PostProcessCombineLUTs.usf" 2977
"../../../Engine/Shaders/Private/PostProcessVisualizeDOF.usf" 2978
"../../../Engine/Shaders/Private/PostProcessBloom.usf" 2979
"../../../Engine/Shaders/Private/PostProcessAmbientOcclusion.usf" 2980
"../../../Engine/Shaders/Private/PostProcessAmbientOcclusionCommon.ush" 2981
"../../../Engine/Shaders/Private/FXAAShader.usf" 2982
"../../../Engine/Shaders/Private/Fxaa3_11.ush" 2983
"../../../Engine/Shaders/Private/PaniniProjection.usf" 2984
"../../../Engine/Shaders/Private/DiaphragmDOF/DOFRecombine.usf" 2985
"../../../Engine/Shaders/Private/DiaphragmDOF/DOFHybridScatterPixelShader.usf" 2986
"../../../Engine/Shaders/Private/DiaphragmDOF/DOFHybridScatterCommon.ush" 2987
"../../../Engine/Shaders/Private/DiaphragmDOF/DOFVignetteCommon.ush" 2988
"../../../Engine/Shaders/Private/DiaphragmDOF/DOFHybridScatterVertexShader.usf" 2989
"../../../Engine/Shaders/Private/DiaphragmDOF/DOFPostfiltering.usf" 2990
"../../../Engine/Shaders/Private/DiaphragmDOF/DOFGatherTileSuggest.ush" 2991
"../../../Engine/Shaders/Private/DiaphragmDOF/DOFCocTileCommon.ush" 2992
"../../../Engine/Shaders/Private/DiaphragmDOF/DOFGatherPass.usf" 2993
"../../../Engine/Shaders/Private/DiaphragmDOF/DOFGatherCommon.ush" 2994
"../../../Engine/Shaders/Private/DiaphragmDOF/DOFGatherAccumulator.ush" 2995
"../../../Engine/Shaders/Private/DiaphragmDOF/DOFGatherKernel.ush" 2996
"../../../Engine/Shaders/Private/DiaphragmDOF/DOFBokehLUT.usf" 2997
"../../../Engine/Shaders/Private/DiaphragmDOF/DOFHybridScatterCompilation.usf" 2998
"../../../Engine/Shaders/Private/DiaphragmDOF/DOFReduce.usf" 2999
"../../../Engine/Shaders/Private/DiaphragmDOF/DOFDownsample.ush" 3000
"../../../Engine/Shaders/Private/DiaphragmDOF/DOFHybridScatterCompilation.ush" 3001
"../../../Engine/Shaders/Private/DiaphragmDOF/DOFDownsample.usf" 3002
"../../../Engine/Shaders/Private/DiaphragmDOF/DOFCocTileDilate.usf" 3003
"../../../Engine/Shaders/Private/DiaphragmDOF/DOFCocTileFlatten.usf" 3004
"../../../Engine/Shaders/Private/DiaphragmDOF/DOFSetup.usf" 3005
"../../../Engine/Shaders/Private/Tools/DebugAlphaChannel.usf" 3006
"../../../Engine/Shaders/Private/PostProcessChannelMask.usf" 3007
"../../../Engine/Shaders/Private/PostProcessAlphaInvert.usf" 3008
"../../../Engine/Shaders/Private/PlanarReflectionShaders.usf" 3009
"../../../Engine/Shaders/Private/PhysicsFieldVisualizer.usf" 3010
"../../../Engine/Shaders/Private/PathTracing/PathTracingSpatialTemporalDenoising.usf" 3011
"../../../Engine/Shaders/Private/ColorDifference.ush" 3012
"../../../Engine/Shaders/Private/PathTracing/PathTracingCompositingPixelShader.usf" 3013
"../../../Engine/Shaders/Private/PathTracing/PathTracingAdaptiveUtils.ush" 3014
"../../../Engine/Shaders/Private/PathTracing/PathTracingDefaultHitShader.usf" 3015
"../../../Engine/Shaders/Private/PathTracing/PathTracingGPULightmassMaterialHitShader.usf" 3016
"../../../Engine/Shaders/Private/PathTracing/PathTracingMaterialHitShader.usf" 3017
"../../../Engine/Shaders/Private/PathTracing/Material/PathTracingSubstrateCommon.ush" 3018
"../../../Engine/Shaders/Private/PathTracing/PathTracingLightingMissShader.usf" 3019
"../../../Engine/Shaders/Private/PathTracing/PathTracingMissShader.usf" 3020
"../../../Engine/Shaders/Private/PathTracing/PathTracingAdaptiveStart.usf" 3021
"../../../Engine/Shaders/Private/PathTracing/PathTracingBuildAdaptiveError.usf" 3022
"../../../Engine/Shaders/Private/PathTracing/PathTracingVolumetricCloudMaterialShader.usf" 3023
"../../../Engine/Shaders/Private/PathTracing/Volume/PathTracingCloudsMaterialCommon.ush" 3024
"../../../Engine/Shaders/Private/PathTracing/Volume/PathTracingVolumeCommon.ush" 3025
"../../../Engine/Shaders/Private/PathTracing/Volume/PathTracingCloudsCommon.ush" 3026
"../../../Engine/Shaders/Private/PathTracing/Volume/PathTracingFog.ush" 3027
"../../../Engine/Shaders/Private/PathTracing/Volume/PathTracingAtmosphere.ush" 3028
"../../../Engine/Shaders/Private/PathTracing/Volume/PathTracingAtmosphereCommon.ush" 3029
"../../../Engine/Shaders/Private/PathTracing/Volume/PathTracingVolumeSampling.ush" 3030
"../../../Engine/Shaders/Private/PathTracing/PathTracingHeterogeneousVolumeMaterialShader.usf" 3031
"../../../Engine/Shaders/Private/HeterogeneousVolumes/HeterogeneousVolumesTracingUtils.ush" 3032
"../../../Engine/Shaders/Private/HeterogeneousVolumes/HeterogeneousVolumesVoxelGridTypes.ush" 3033
"../../../Engine/Shaders/Private/HeterogeneousVolumes/HeterogeneousVolumesVoxelGridUtils.ush" 3034
"../../../Engine/Shaders/Private/PathTracing/Volume/PathTracingHeterogeneousVolumesForwardDecl.ush" 3035
"../../../Engine/Shaders/Private/PathTracing/Volume/PathTracingHeterogeneousVolumesMaterialCommon.ush" 3036
"../../../Engine/Shaders/Private/PathTracing/Volume/PathTracingHeterogeneousVolumesTrackingCommon.ush" 3037
"../../../Engine/Shaders/Private/PathTracing/Volume/PathTracingHeterogeneousVolumesPreshadingCommon.ush" 3038
"../../../Engine/Shaders/Private/PathTracing/PathTracingBuildCloudAccelerationMap.usf" 3039
"../../../Engine/Shaders/Private/PathTracing/PathTracingBuildAtmosphereLUT.usf" 3040
"../../../Engine/Shaders/Private/PathTracing/PathTracingSwizzleScanlines.usf" 3041
"../../../Engine/Shaders/Private/PathTracing/PathTracingInitExtinctionCoefficient.usf" 3042
"../../../Engine/Shaders/Private/PathTracing/PathTracingCopyDepth.usf" 3043
"../../../Engine/Shaders/Private/PathTracing/PathTracingDebug.usf" 3044
"../../../Engine/Shaders/Private/RayTracing/RayTracingDecalGrid.ush" 3045
"../../../Engine/Shaders/Private/PathTracing/PathTracingDecals.ush" 3046
"../../../Engine/Shaders/Private/PathTracing/Material/PathTracingMaterialSampling.ush" 3047
"../../../Engine/Shaders/Private/PathTracing/Material/PathTracingLambert.ush" 3048
"../../../Engine/Shaders/Private/PathTracing/Material/PathTracingSubstrate.ush" 3049
"../../../Engine/Shaders/Private/PathTracing/Material/PathTracingEnergyConservation.ush" 3050
"../../../Engine/Shaders/Private/PathTracing/Material/PathTracingSubstrateFoliage.ush" 3051
"../../../Engine/Shaders/Private/PathTracing/Material/PathTracingSubstrateSolidGlass.ush" 3052
"../../../Engine/Shaders/Private/PathTracing/Material/PathTracingSubstrateThinGlass.ush" 3053
"../../../Engine/Shaders/Private/PathTracing/Material/PathTracingEye.ush" 3054
"../../../Engine/Shaders/Private/PathTracing/Material/PathTracingHair.ush" 3055
"../../../Engine/Shaders/Private/PathTracing/Material/PathTracingMedium.ush" 3056
"../../../Engine/Shaders/Private/PathTracing/Light/PathTracingLightSampling.ush" 3057
"../../../Engine/Shaders/Private/PathTracing/Light/PathTracingLightCommon.ush" 3058
"../../../Engine/Shaders/Private/PathTracing/Light/PathTracingDirectionalLight.ush" 3059
"../../../Engine/Shaders/Private/PathTracing/Light/PathTracingPointLight.ush" 3060
"../../../Engine/Shaders/Private/PathTracing/Light/PathTracingCapsuleLight.ush" 3061
"../../../Engine/Shaders/Private/PathTracing/Light/PathTracingRectLight.ush" 3062
"../../../Engine/Shaders/Private/PathTracing/Light/PathTracingSkyLight.ush" 3063
"../../../Engine/Shaders/Private/PathTracing/Light/PathTracingLightGrid.ush" 3064
"../../../Engine/Shaders/Private/PathTracing/PathTracing.usf" 3065
"../../../Engine/Shaders/Private/PathTracing/PathTracingCore.ush" 3066
"../../../Engine/Shaders/Private/PathTracing/Volume/PathTracingVolume.ush" 3067
"../../../Engine/Shaders/Private/PathTracing/Volume/PathTracingClouds.ush" 3068
"../../../Engine/Shaders/Private/PathTracing/Volume/PathTracingHeterogeneousVolumes.ush" 3069
"../../../Engine/Shaders/Private/HeterogeneousVolumes/HeterogeneousVolumesVoxelGridTraversal.ush" 3070
"../../../Engine/Shaders/Private/HeterogeneousVolumes/HeterogeneousVolumesFrustumVoxelGridUtils.ush" 3071
"../../../Engine/Shaders/Private/PathTracing/PathTracingBuildLightGrid.usf" 3072
"../../../Engine/Shaders/Private/PathTracing/PathTracingSkylightMISCompensation.usf" 3073
"../../../Engine/Shaders/Private/PathTracing/PathTracingSkylightPrepare.usf" 3074
"../../../Engine/Shaders/Private/OIT/OITSorting.usf" 3075
"../../../Engine/Shaders/Private/OITCombine.usf" 3076
"../../../Engine/Shaders/Private/OITCommon.ush" 3077
"../../../Engine/Shaders/Private/Nanite/Voxel/RasterizeBricks.usf" 3078
"../../../Engine/Shaders/Private/Nanite/Voxel/Brick.ush" 3079
"../../../Engine/Shaders/Private/Nanite/Voxel/Voxel.ush" 3080
"../../../Engine/Shaders/Private/Nanite/Voxel/ScatterBricks.usf" 3081
"../../../Engine/Shaders/Private/Nanite/Voxel/TileBricks.usf" 3082
"../../../Engine/Shaders/Private/Nanite/Voxel/AutoVoxel.usf" 3083
"../../../Engine/Shaders/Private/Nanite/NaniteDebugViews.usf" 3084
"../../../Engine/Shaders/Private/Nanite/NaniteEditorCommon.ush" 3085
"../../../Engine/Shaders/Private/BinarySearch.ush" 3086
"../../../Engine/Shaders/Private/Nanite/NaniteDepthDecode.usf" 3087
"../../../Engine/Shaders/Private/HTileEncoding.ush" 3088
"../../../Engine/Shaders/Private/Nanite/NaniteVisualize.usf" 3089
"../../../Engine/Shaders/Private/Nanite/NaniteTranslucency.usf" 3090
"../../../Engine/Shaders/Private/Nanite/NaniteStreamOut.usf" 3091
"../../../Engine/Shaders/Private/Nanite/NaniteHierarchyTraversal.ush" 3092
"../../../Engine/Shaders/Private/Nanite/NaniteShadeBinning.usf" 3093
"../../../Engine/Shaders/Private/Nanite/NaniteShadeCommon.ush" 3094
"../../../Engine/Shaders/Private/Nanite/NaniteFastClear.usf" 3095
"../../../Engine/Shaders/Private/Nanite/NaniteClusterRayTracing.usf" 3096
"../../../Engine/Shaders/Private/Nanite/NaniteClusterRayTracingStats.ush" 3097
"../../../Engine/Shaders/Private/Nanite/NaniteRayTracing.usf" 3098
"../../../Engine/Shaders/Private/Nanite/NaniteExportGBuffer.usf" 3099
"../../../Engine/Shaders/Private/Nanite/NaniteRasterizer.usf" 3100
"../../../Engine/Shaders/Private/Nanite/NaniteCurveCommon.ush" 3101
"../../../Engine/Shaders/Private/Nanite/NaniteDice.ush" 3102
"../../../Engine/Shaders/Private/ShaderBundleWorkGraphCommon.ush" 3103
"../../../Engine/Shaders/Private/Nanite/NaniteCurve.usf" 3104
"../../../Engine/Shaders/Private/Nanite/NaniteClusterCulling.usf" 3105
"../../../Engine/Shaders/Private/Nanite/NanitePrintStats.usf" 3106
"../../../Engine/Shaders/Private/Nanite/NaniteSplit.usf" 3107
"../../../Engine/Shaders/Private/Nanite/NaniteRasterBinning.usf" 3108
"../../../Engine/Shaders/Private/Nanite/NaniteInstanceCulling.usf" 3109
"../../../Engine/Shaders/Private/Nanite/NaniteInstanceHierarchyCulling.usf" 3110
"../../../Engine/Shaders/Private/WorkGroupLoadBalancer.ush" 3111
"../../../Engine/Shaders/Private/Nanite/NanitePrimitiveFilter.usf" 3112
"../../../Engine/Shaders/Private/Nanite/NaniteRasterClear.usf" 3113
"../../../Engine/Shaders/Private/Nanite/NaniteDepthExport.usf" 3114
"../../../Engine/Shaders/Private/Nanite/NaniteEmitShadow.usf" 3115
"../../../Engine/Shaders/Private/MobileDeferredUtils.usf" 3116
"../../../Engine/Shaders/Private/MobileFog.usf" 3117
"../../../Engine/Shaders/Private/DistortApplyScreenPS.usf" 3118
"../../../Engine/Shaders/Private/MobileDeferredShading.usf" 3119
"../../../Engine/Shaders/Private/MobileBasePassPixelShader.usf" 3120
"../../../Engine/Shaders/Private/MobileBasePassCommon.ush" 3121
"../../../Engine/Shaders/Private/BasePassCommon.ush" 3122
"../../../Engine/Shaders/Private/ShadingModelsMaterial.ush" 3123
"../../../Engine/Shaders/Private/ThinTranslucentCommon.ush" 3124
"../../../Engine/Shaders/Private/SingleLayerWaterShading.ush" 3125
"../../../Engine/Shaders/Private/DistortionCommon.ush" 3126
"../../../Engine/Shaders/Private/Substrate/SubstrateMobileForwardLighting.ush" 3127
"../../../Engine/Shaders/Private/MobileBasePassVertexShader.usf" 3128
"../../../Engine/Shaders/Private/MeshEdges.usf" 3129
"../../../Engine/Shaders/Private/MegaLights/MegaLightsLightComplexity.usf" 3130
"../../../Engine/Shaders/Private/MegaLights/MegaLightsSamplingDefinitionsCommon.ush" 3131
"../../../Engine/Shaders/Private/MegaLights/MegaLightsLightTargetPDF.ush" 3132
"../../../Engine/Shaders/Private/MegaLights/MegaLightsShading.ush" 3133
"../../../Engine/Shaders/Private/MegaLights/MegaLights.ush" 3134
"../../../Engine/Shaders/Shared/MegaLightsDefinitions.h" 3135
"../../../Engine/Shaders/Private/MegaLights/MegaLightsMaterial.ush" 3136
"../../../Engine/Shaders/Private/MegaLights/MegaLightsVolume.ush" 3137
"../../../Engine/Shaders/Private/MegaLights/MegaLightsVisibility.ush" 3138
"../../../Engine/Shaders/Private/MegaLights/MegaLightsDebug.usf" 3139
"../../../Engine/Shaders/Private/MegaLights/MegaLightsVisualizeHardwareRayTracing.usf" 3140
"../../../Engine/Shaders/Private/Lumen/LumenHardwareRayTracingCommon.ush" 3141
"../../../Engine/Shaders/Private/RayTracing/RayTracingReflectionEnvironment.ush" 3142
"../../../Engine/Shaders/Private/Lumen/LumenHardwareRayTracingPlatformCommon.ush" 3143
"../../../Engine/Shaders/Private/Lumen/LumenTracingCommon.ush" 3144
"../../../Engine/Shaders/Private/Lumen/SurfaceCache/LumenSurfaceCacheSampling.ush" 3145
"../../../Engine/Shaders/Private/Lumen/SurfaceCache/LumenSurfaceCache.ush" 3146
"../../../Engine/Shaders/Private/Lumen/LumenCardCommon.ush" 3147
"../../../Engine/Shaders/Private/Lumen/LumenCardTileShadowDownsampleFactor.ush" 3148
"../../../Engine/Shaders/Private/StochasticLighting/StochasticLightingVisualize.ush" 3149
"../../../Engine/Shaders/Private/MegaLights/MegaLightsVisualize.usf" 3150
"../../../Engine/Shaders/Private/MegaLights/MegaLightsDenoiser.ush" 3151
"../../../Engine/Shaders/Private/MegaLights/MegaLightsSampling.usf" 3152
"../../../Engine/Shaders/Private/MegaLights/MegaLightsRayTracing.ush" 3153
"../../../Engine/Shaders/Private/MegaLights/MegaLightsSampling.ush" 3154
"../../../Engine/Shaders/Private/MegaLights/MegaLightsEstimateLight.ush" 3155
"../../../Engine/Shaders/Private/MegaLights/MegaLightsVolumeSampling.usf" 3156
"../../../Engine/Shaders/Private/MegaLights/MegaLights.usf" 3157
"../../../Engine/Shaders/Private/HairStrands/HairStrandsDeepShadowCommon.ush" 3158
"../../../Engine/Shaders/Private/HairStrands/HairStrandsScreenTracing.ush" 3159
"../../../Engine/Shaders/Private/MegaLights/MegaLightsFilterVisibleLightHash.usf" 3160
"../../../Engine/Shaders/Private/MegaLights/MegaLightsShading.usf" 3161
"../../../Engine/Shaders/Private/MegaLights/MegaLightsVisibleLightHash.usf" 3162
"../../../Engine/Shaders/Private/MegaLights/MegaLightsVolumeShading.usf" 3163
"../../../Engine/Shaders/Private/MegaLights/MegaLightsVSMMarking.usf" 3164
"../../../Engine/Shaders/Private/MegaLights/MegaLightsVSMTracing.usf" 3165
"../../../Engine/Shaders/Private/MegaLights/MegaLightsRayTracing.usf" 3166
"../../../Engine/Shaders/Private/DistanceField/GlobalDistanceFieldUtils.ush" 3167
"../../../Engine/Shaders/Private/Lumen/LumenScreenTracing.ush" 3168
"../../../Engine/Shaders/Private/StochasticLighting/StochasticLightingRayTracing.ush" 3169
"../../../Engine/Shaders/Private/MegaLights/MegaLightsVolumeRayTracing.usf" 3170
"../../../Engine/Shaders/Private/MegaLights/MegaLightsVolumeHardwareRayTracing.usf" 3171
"../../../Engine/Shaders/Private/MegaLights/MegaLightsHardwareRayTracing.usf" 3172
"../../../Engine/Shaders/Private/MegaLights/MegaLightsLightPowerDelta.usf" 3173
"../../../Engine/Shaders/Private/MegaLights/MegaLightsDenoiserSpatial.usf" 3174
"../../../Engine/Shaders/Private/MegaLights/MegaLightsDenoiserTemporal.usf" 3175
"../../../Engine/Shaders/Private/MaterialCache/MaterialCacheABufferPages.usf" 3176
"../../../Engine/Shaders/Private/MaterialCache/MaterialCacheABufferBorderFillHardwarePages.usf" 3177
"../../../Engine/Shaders/Private/MaterialCache/MaterialCacheShade.usf" 3178
"../../../Engine/Shaders/Private/MaterialCache/MaterialCacheShadeCommon.ush" 3179
"../../../Engine/Shaders/Private/MaterialCache/MaterialCacheUnwrapNaniteShade.usf" 3180
"../../../Engine/Shaders/Private/MaterialCache/MaterialCacheUnwrapPixelShader.usf" 3181
"../../../Engine/Shaders/Private/MaterialCache/MaterialCacheUnwrapVertexShader.usf" 3182
"../../../Engine/Shaders/Private/Lumen/LumenVisualizeRadianceCache.usf" 3183
"../../../Engine/Shaders/Private/Lumen/LumenIrradianceFieldInterpolation.ush" 3184
"../../../Engine/Shaders/Private/Lumen/LumenVisualizeHardwareRayTracing.usf" 3185
"../../../Engine/Shaders/Private/Lumen/LumenVisualize.ush" 3186
"../../../Engine/Shaders/Private/Lumen/LumenHairTracing.ush" 3187
"../../../Engine/Shaders/Private/Lumen/LumenVisualize.usf" 3188
"../../../Engine/Shaders/Private/Lumen/LumenSoftwareRayTracing.ush" 3189
"../../../Engine/Shaders/Private/DistanceField/GlobalDistanceFieldObjectGrid.ush" 3190
"../../../Engine/Shaders/Private/DistanceFieldLightingShared.ush" 3191
"../../../Engine/Shaders/Private/Lumen/LumenRadianceCacheCommon.ush" 3192
"../../../Engine/Shaders/Private/Lumen/LumenVisualizeTraces.ush" 3193
"../../../Engine/Shaders/Private/Lumen/LumenTranslucencyVolumeLighting.usf" 3194
"../../../Engine/Shaders/Private/Lumen/LumenRadianceCacheMarkCommon.ush" 3195
"../../../Engine/Shaders/Private/Lumen/LumenTranslucencyVolumeLightingShared.ush" 3196
"../../../Engine/Shaders/Private/Lumen/LumenScreenProbeCommon.ush" 3197
"../../../Engine/Shaders/Private/RayTracing/RayGenUtils.ush" 3198
"../../../Engine/Shaders/Private/Lumen/LumenRadianceCacheTracingCommon.ush" 3199
"../../../Engine/Shaders/Private/Lumen/LumenFloatQuantization.ush" 3200
"../../../Engine/Shaders/Private/Lumen/LumenTranslucencyVolumeHardwareRayTracing.usf" 3201
"../../../Engine/Shaders/Private/Lumen/LumenTranslucencyRadianceCacheMarkShaders.usf" 3202
"../../../Engine/Shaders/Private/Lumen/SurfaceCache/LumenSurfaceCache.usf" 3203
"../../../Engine/Shaders/Private/Lumen/LumenVirtualTextureCommon.ush" 3204
"../../../Engine/Shaders/Private/Lumen/LumenShortRangeAOHardwareRayTracing.usf" 3205
"../../../Engine/Shaders/Private/Lumen/LumenScreenSpaceBentNormal.ush" 3206
"../../../Engine/Shaders/Private/Lumen/LumenScreenSpaceBentNormal.usf" 3207
"../../../Engine/Shaders/Private/Lumen/LumenScreenProbeTracing.usf" 3208
"../../../Engine/Shaders/Private/Lumen/LumenScreenProbeTracingCommon.ush" 3209
"../../../Engine/Shaders/Private/Lumen/LumenScreenProbeImportanceSampling.usf" 3210
"../../../Engine/Shaders/Private/Lumen/LumenScreenProbeImportanceSamplingShared.ush" 3211
"../../../Engine/Shaders/Private/Lumen/LumenScreenProbeGatherScreenData.usf" 3212
"../../../Engine/Shaders/Private/Lumen/LumenScreenProbeGatherTemporal.ush" 3213
"../../../Engine/Shaders/Private/Lumen/LumenScreenProbeHardwareRayTracing.usf" 3214
"../../../Engine/Shaders/Private/Lumen/LumenScreenProbeDebug.usf" 3215
"../../../Engine/Shaders/Private/Lumen/LumenScreenProbeGather.usf" 3216
"../../../Engine/Shaders/Private/Lumen/LumenUpsample.ush" 3217
"../../../Engine/Shaders/Private/Lumen/LumenScreenProbeGatherTemporal.usf" 3218
"../../../Engine/Shaders/Private/Lumen/LumenScreenProbeFiltering.usf" 3219
"../../../Engine/Shaders/Private/Lumen/LumenSceneLighting.usf" 3220
"../../../Engine/Shaders/Private/Lumen/LumenCardTile.ush" 3221
"../../../Engine/Shaders/Private/Lumen/LumenSceneLighting.ush" 3222
"../../../Engine/Shaders/Private/Lumen/Radiosity/LumenRadiosity.ush" 3223
"../../../Engine/Shaders/Private/Lumen/LumenSceneLightingDebug.usf" 3224
"../../../Engine/Shaders/Private/Lumen/LumenScene.usf" 3225
"../../../Engine/Shaders/Private/Lumen/LumenSceneDirectLightingHardwareRayTracing.usf" 3226
"../../../Engine/Shaders/Private/Lumen/LumenSceneDirectLightingStochastic.ush" 3227
"../../../Engine/Shaders/Private/Lumen/LumenSceneDirectLighting.ush" 3228
"../../../Engine/Shaders/Private/Lumen/LumenSceneDebugHardwareRayTracing.usf" 3229
"../../../Engine/Shaders/Private/Lumen/LumenSceneDirectLightingStochastic.usf" 3230
"../../../Engine/Shaders/Private/Lumen/LumenSceneDirectLightingSoftwareRayTracing.usf" 3231
"../../../Engine/Shaders/Private/DistanceFieldShadowingShared.ush" 3232
"../../../Engine/Shaders/Private/Lumen/LumenSceneDirectLightingPerLightShadowCommon.ush" 3233
"../../../Engine/Shaders/Private/Lumen/LumenSceneDirectLightingShadowMask.usf" 3234
"../../../Engine/Shaders/Private/Lumen/LumenSceneDirectLighting.usf" 3235
"../../../Engine/Shaders/Private/Lumen/LumenSceneDirectLightingCulling.usf" 3236
"../../../Engine/Shaders/Private/Lumen/LumenCardComputeShader.usf" 3237
"../../../Engine/Shaders/Private/Lumen/LumenCardBasePass.ush" 3238
"../../../Engine/Shaders/Private/Lumen/LumenCardPixelShader.usf" 3239
"../../../Engine/Shaders/Private/Lumen/LumenCardVertexShader.usf" 3240
"../../../Engine/Shaders/Private/Lumen/LumenReSTIRGather.usf" 3241
"../../../Engine/Shaders/Private/Lumen/LumenReflectionTracing.usf" 3242
"../../../Engine/Shaders/Private/Lumen/LumenReflectionDenoiserSpatial.usf" 3243
"../../../Engine/Shaders/Private/Lumen/LumenReflectionDenoiserCommon.ush" 3244
"../../../Engine/Shaders/Private/Lumen/LumenCompositeBackgroundVisibility.usf" 3245
"../../../Engine/Shaders/Private/Lumen/LumenReflectionDenoiserClear.usf" 3246
"../../../Engine/Shaders/Private/Lumen/LumenReflectionDenoiserTemporal.usf" 3247
"../../../Engine/Shaders/Private/Lumen/LumenReflectionResolve.usf" 3248
"../../../Engine/Shaders/Private/Lumen/LumenReflections.usf" 3249
"../../../Engine/Shaders/Private/Lumen/RayTracedTranslucency.usf" 3250
"../../../Engine/Shaders/Private/Lumen/LumenReflectionHardwareRayTracing.usf" 3251
"../../../Engine/Shaders/Private/Lumen/Radiosity/LumenVisualizeRadiosityProbes.usf" 3252
"../../../Engine/Shaders/Private/Lumen/Radiosity/LumenRadiosity.usf" 3253
"../../../Engine/Shaders/Private/Lumen/Radiosity/LumenRadiosityHardwareRayTracing.usf" 3254
"../../../Engine/Shaders/Private/Lumen/Radiosity/LumenRadiosityCulling.usf" 3255
"../../../Engine/Shaders/Private/Lumen/LumenRadianceCacheHardwareRayTracing.usf" 3256
"../../../Engine/Shaders/Private/Lumen/LumenRadianceCache.usf" 3257
"../../../Engine/Shaders/Private/Lumen/LumenRadianceCacheUpdate.ush" 3258
"../../../Engine/Shaders/Private/Lumen/LumenRadianceCacheDebug.usf" 3259
"../../../Engine/Shaders/Private/Lumen/LumenRadianceCacheUpdate.usf" 3260
"../../../Engine/Shaders/Private/Lumen/LumenMeshSDFCulling.usf" 3261
"../../../Engine/Shaders/Private/HybridIndirectLighting.ush" 3262
"../../../Engine/Shaders/Private/MeshDistanceFieldCommon.ush" 3263
"../../../Engine/Shaders/Private/Lumen/LumenIrradianceFieldGather.usf" 3264
"../../../Engine/Shaders/Private/Lumen/LumenHardwareRayTracingMaterials.usf" 3265
"../../../Engine/Shaders/Private/LocalFogVolumes/LocalFogVolumeSplat.usf" 3266
"../../../Engine/Shaders/Private/LocalFogVolumes/LocalFogVolumeTiledCulling.usf" 3267
"../../../Engine/Shaders/Private/LightShaftShader.usf" 3268
"../../../Engine/Shaders/Private/StationaryLightOverlapShaders.usf" 3269
"../../../Engine/Shaders/Private/DeferredLightPixelShaders.usf" 3270
"../../../Engine/Shaders/Private/DeferredLightVertexShaders.usf" 3271
"../../../Engine/Shaders/Private/LightMapDensityShader.usf" 3272
"../../../Engine/Shaders/Private/LightGridInjection.usf" 3273
"../../../Engine/Shaders/Shared/LightGridDefinitions.h" 3274
"../../../Engine/Shaders/Private/LightFunctionPixelShader.usf" 3275
"../../../Engine/Shaders/Private/LightFunctionVertexShader.usf" 3276
"../../../Engine/Shaders/Private/LightFunctionAtlas/LightFunctionAtlasRender.usf" 3277
"../../../Engine/Shaders/Private/InstanceCulling/InstanceCullingOcclusionQuery.usf" 3278
"../../../Engine/Shaders/Private/InstanceCulling/InstanceCullingSetup.ush" 3279
"../../../Engine/Shaders/Private/InstanceCulling/BuildInstanceDrawCommands.usf" 3280
"../../../Engine/Shaders/Private/InstanceCulling/InstanceCompactionCommon.ush" 3281
"../../../Engine/Shaders/Private/SceneDataMobileWriter.ush" 3282
"../../../Engine/Shaders/Private/InstanceCulling/CompactVisibleInstances.usf" 3283
"../../../Engine/Shaders/Private/ReflectionEnvironmentPixelShader.usf" 3284
"../../../Engine/Shaders/Private/AmbientCubemapComposite.usf" 3285
"../../../Engine/Shaders/Private/DiffuseIndirectComposite.usf" 3286
"../../../Engine/Shaders/Private/IESAtlas.usf" 3287
"../../../Engine/Shaders/Private/HeterogeneousVolumes/HeterogeneousVolumesVisualizeCascades.usf" 3288
"../../../Engine/Shaders/Private/HeterogeneousVolumes/HeterogeneousVolumesVoxelGridShadows.usf" 3289
"../../../Engine/Shaders/Private/HeterogeneousVolumes/HeterogeneousVolumesStochasticFiltering.ush" 3290
"../../../Engine/Shaders/Private/HeterogeneousVolumes/HeterogeneousVolumesVoxelGridRenderingUtils.ush" 3291
"../../../Engine/Shaders/Private/HeterogeneousVolumes/HeterogeneousVolumesLightingUtils.ush" 3292
"../../../Engine/Shaders/Private/HeterogeneousVolumes/HeterogeneousVolumesRayMarchingUtils.ush" 3293
"../../../Engine/Shaders/Private/HeterogeneousVolumes/HeterogeneousVolumesRayMarchingTypes.ush" 3294
"../../../Engine/Shaders/Private/HeterogeneousVolumes/HeterogeneousVolumesTransmittanceVolumeUtils.ush" 3295
"../../../Engine/Shaders/Private/HeterogeneousVolumes/HeterogeneousVolumesAdaptiveVolumetricShadowMapSampler.ush" 3296
"../../../Engine/Shaders/Private/HeterogeneousVolumes/HeterogeneousVolumesVoxelGridRendering.usf" 3297
"../../../Engine/Shaders/Private/HeterogeneousVolumes/HeterogeneousVolumesVoxelGridPipeline.usf" 3298
"../../../Engine/Shaders/Private/HeterogeneousVolumes/HeterogeneousVolumesMaterialBakingPipeline.usf" 3299
"../../../Engine/Shaders/Private/HeterogeneousVolumes/HeterogeneousVolumesLiveShadingUtils.ush" 3300
"../../../Engine/Shaders/Private/HeterogeneousVolumes/HeterogeneousVolumesFrustumVoxelGrid.usf" 3301
"../../../Engine/Shaders/Private/HeterogeneousVolumes/HeterogeneousVolumesSparseVoxelPipeline.usf" 3302
"../../../Engine/Shaders/Private/HeterogeneousVolumes/HeterogeneousVolumesSparseVoxelUtils.ush" 3303
"../../../Engine/Shaders/Private/HeterogeneousVolumes/HeterogeneousVolumesSparseVoxelUniformBufferUtils.ush" 3304
"../../../Engine/Shaders/Private/HeterogeneousVolumes/HeterogeneousVolumesPreshadingPipeline.usf" 3305
"../../../Engine/Shaders/Private/HeterogeneousVolumes/HeterogeneousVolumesPreshadingUniformBufferUtils.ush" 3306
"../../../Engine/Shaders/Private/HeterogeneousVolumes/HeterogeneousVolumesPreshadingUtils.ush" 3307
"../../../Engine/Shaders/Private/HeterogeneousVolumes/HeterogeneousVolumesShadowMask.usf" 3308
"../../../Engine/Shaders/Private/HeterogeneousVolumes/HeterogeneousVolumesLiveShadingShadows.usf" 3309
"../../../Engine/Shaders/Private/HeterogeneousVolumes/HeterogeneousVolumesLiveShadingGlobalPipeline.usf" 3310
"../../../Engine/Shaders/Private/HeterogeneousVolumes/HeterogeneousVolumesLiveShadingPipeline.usf" 3311
"../../../Engine/Shaders/Private/HeterogeneousVolumes/HeterogeneousVolumesHardwareRayTracing.usf" 3312
"../../../Engine/Shaders/Private/HeterogeneousVolumes/HeterogeneousVolumesAmbientOcclusionPipeline.usf" 3313
"../../../Engine/Shaders/Private/HeterogeneousVolumes/HeterogeneousVolumesComposite.usf" 3314
"../../../Engine/Shaders/Private/HdrCustomResolveShaders.usf" 3315
"../../../Engine/Shaders/Private/HairStrands/RenderCurveRaster.usf" 3316
"../../../Engine/Shaders/Shared/RenderCurveDefinitions.h" 3317
"../../../Engine/Shaders/Private/HairStrands/HairStrandsVoxelRasterCompute.usf" 3318
"../../../Engine/Shaders/Private/HairStrands/HairStrandsHitProxy.usf" 3319
"../../../Engine/Shaders/Private/HairStrands/HairStrandsVisibilityRasterComputeNaive.usf" 3320
"../../../Engine/Shaders/Private/HairStrands/HairStrandsVisibilityRasterHW.usf" 3321
"../../../Engine/Shaders/Private/HairStrands/HairStrandsVisibilityRasterCompute.usf" 3322
"../../../Engine/Shaders/Private/HairStrands/HairStrandsVisibilityRasterClassification.usf" 3323
"../../../Engine/Shaders/Private/HairStrands/HairStrandsCoverage.usf" 3324
"../../../Engine/Shaders/Private/HairStrands/HairStrandsVisibilityDepthPS.usf" 3325
"../../../Engine/Shaders/Private/HairStrands/HairStrandsVisibilityTransmittanceDepthPS.usf" 3326
"../../../Engine/Shaders/Private/HairStrands/HairStrandsVisibilityFillOpaqueDepthPS.usf" 3327
"../../../Engine/Shaders/Private/HairStrands/HairStrandsVisibilityCompactionComputeRaster.usf" 3328
"../../../Engine/Shaders/Private/HairStrands/HairStrandsVisibilityCompaction.usf" 3329
"../../../Engine/Shaders/Private/HairStrands/HairStrandsVisibilityCopyIndirectArg.usf" 3330
"../../../Engine/Shaders/Private/HairStrands/HairStrandsVisibilityClearPS.usf" 3331
"../../../Engine/Shaders/Private/HairStrands/HairStrandsVisibilityPS.usf" 3332
"../../../Engine/Shaders/Private/HairStrands/HairStrandsVisibilityVS.usf" 3333
"../../../Engine/Shaders/Private/HairStrands/HairStrandsVelocity.usf" 3334
"../../../Engine/Shaders/Private/HairStrands/HairStrandsVisibilityComputeSampleCoverage.usf" 3335
"../../../Engine/Shaders/Private/HairStrands/HairStrandsMaterialPS.usf" 3336
"../../../Engine/Shaders/Private/HairStrands/HairStrandsMaterialCommon.ush" 3337
"../../../Engine/Shaders/Private/HairStrands/HairStrandsMaterialVS.usf" 3338
"../../../Engine/Shaders/Private/HairStrands/HairStrandsLightSample.usf" 3339
"../../../Engine/Shaders/Private/HairStrands/HairStrandsDeepShadowMask.usf" 3340
"../../../Engine/Shaders/Private/HairStrands/HairStrandsDeepTransmittanceMask.usf" 3341
"../../../Engine/Shaders/Private/HairStrands/HairStrandsVisibilityTile.usf" 3342
"../../../Engine/Shaders/Private/HairStrands/HairStrandsDeepShadowPS.usf" 3343
"../../../Engine/Shaders/Private/HairStrands/HairStrandsDeepShadowVS.usf" 3344
"../../../Engine/Shaders/Private/HairStrands/HairStrandsAABB.usf" 3345
"../../../Engine/Shaders/Private/HairStrands/HairStrandsLUT.usf" 3346
"../../../Engine/Shaders/Private/HairStrands/HairStrandsForwardRaster.usf" 3347
"../../../Engine/Shaders/Private/HairStrands/HairStrandsForwardCulling.usf" 3348
"../../../Engine/Shaders/Private/HairStrands/HairStrandsEnvironmentLighting.usf" 3349
"../../../Engine/Shaders/Private/HairStrands/HairStrandsDebugCommonStruct.ush" 3350
"../../../Engine/Shaders/Private/HairStrands/HairStrandsEnvironmentAO.usf" 3351
"../../../Engine/Shaders/Private/HairStrands/HairStrandsDeepShadowAllocation.usf" 3352
"../../../Engine/Shaders/Private/HairStrands/HairStrandsVoxelDebug.usf" 3353
"../../../Engine/Shaders/Private/HairStrands/HairStrandsComposition.usf" 3354
"../../../Engine/Shaders/Private/HairStrands/HairStrandsGBufferCommon.ush" 3355
"../../../Engine/Shaders/Private/GPUScene/GPUSceneDataManagement.usf" 3356
"../../../Engine/Shaders/Private/GPUSceneDebugRender.usf" 3357
"../../../Engine/Shaders/Private/GPUFeedbackCompaction.usf" 3358
"../../../Engine/Shaders/Private/GPUFastFourierTransform.usf" 3359
"../../../Engine/Shaders/Private/GPUFastFourierTransform2DCore.ush" 3360
"../../../Engine/Shaders/Private/GPUFastFourierTransformCore.ush" 3361
"../../../Engine/Shaders/Private/GPUBenchmark.usf" 3362
"../../../Engine/Shaders/Private/DistanceField/GlobalDistanceFieldDebug.usf" 3363
"../../../Engine/Shaders/Private/DistanceField/GlobalDistanceFieldUpdate.ush" 3364
"../../../Engine/Shaders/Private/DistanceField/GlobalDistanceFieldMip.usf" 3365
"../../../Engine/Shaders/Private/DistanceField/GlobalDistanceField.usf" 3366
"../../../Engine/Shaders/Private/DistanceField/GlobalDistanceFieldCompositeObjects.usf" 3367
"../../../Engine/Shaders/Private/DistanceField/GlobalDistanceFieldHeightfields.usf" 3368
"../../../Engine/Shaders/Private/HeightfieldLightingShared.ush" 3369
"../../../Engine/Shaders/Private/GenerateConservativeDepth.usf" 3370
"../../../Engine/Shaders/Private/FrontLayerTranslucency.usf" 3371
"../../../Engine/Shaders/Private/FogSeparateComposition.usf" 3372
"../../../Engine/Shaders/Private/FogScreenSpaceScattering.ush" 3373
"../../../Engine/Shaders/Private/FogSeparateComposition.ush" 3374
"../../../Engine/Shaders/Private/HeightFogPixelShader.usf" 3375
"../../../Engine/Shaders/Private/HeightFogVertexShader.usf" 3376
"../../../Engine/Shaders/Private/DistortFiltering.usf" 3377
"../../../Engine/Shaders/Private/DistortAccumulatePS.usf" 3378
"../../../Engine/Shaders/Private/DistortAccumulateVS.usf" 3379
"../../../Engine/Shaders/Private/DistanceFieldVisualization.usf" 3380
"../../../Engine/Shaders/Private/DistanceFieldStreaming.usf" 3381
"../../../Engine/Shaders/Private/DistanceFieldShadowing.usf" 3382
"../../../Engine/Shaders/Private/DistanceFieldScreenGridLighting.usf" 3383
"../../../Engine/Shaders/Private/DistanceFieldObjectCulling.usf" 3384
"../../../Engine/Shaders/Private/DistanceFieldLightingPost.usf" 3385
"../../../Engine/Shaders/Private/DitheredTransitionStencil.usf" 3386
"../../../Engine/Shaders/Private/CopyDepthTexture.usf" 3387
"../../../Engine/Shaders/Private/CopyDepthTextureCS.usf" 3388
"../../../Engine/Shaders/Private/DeferredDecal.usf" 3389
"../../../Engine/Shaders/Private/DecalCommon.ush" 3390
"../../../Engine/Shaders/Private/DebugViewModeVertexShader.usf" 3391
"../../../Engine/Shaders/Private/DebugViewModeCommon.ush" 3392
"../../../Engine/Shaders/Private/DebugViewModePixelShader.usf" 3393
"../../../Engine/Shaders/Private/DebugProbes.usf" 3394
"../../../Engine/Shaders/Private/MeshDecals.usf" 3395
"../../../Engine/Shaders/Private/ClusteredDeferredShadingPixelShader.usf" 3396
"../../../Engine/Shaders/Private/ClusteredDeferredShadingVertexShader.usf" 3397
"../../../Engine/Shaders/Private/CapsuleShadowShaders.usf" 3398
"../../../Engine/Shaders/Private/BasePassPixelShader.usf" 3399
"../../../Engine/Shaders/Private/FrontLayerTranslucencyShared.ush" 3400
"../../../Engine/Shaders/Private/ForwardLightingCommon.ush" 3401
"../../../Engine/Shaders/Private/Substrate/SubstrateForwardLighting.ush" 3402
"../../../Engine/Shaders/Private/ComputeShaderOutputCommon.ush" 3403
"../../../Engine/Shaders/Private/BasePassVertexShader.usf" 3404
"../../../Engine/Shaders/Private/BasePassVertexCommon.ush" 3405
"../../../Engine/Shaders/Private/SimpleElementVolumeTexturePreviewPixelShader.usf" 3406
"../../../Engine/Shaders/Private/SimpleElementTexture2DPreviewPixelShader.usf" 3407
"../../../Engine/Shaders/Private/meshpaintdilatepixelshader.usf" 3408
"../../../Engine/Shaders/Private/meshpaintdilatevertexshader.usf" 3409
"../../../Engine/Shaders/Private/MeshPaintPixelShader.usf" 3410
"../../../Engine/Shaders/Private/MeshPaintVertexShader.usf" 3411
"../../../Engine/Shaders/Private/SlateElementPixelShader.usf" 3412
"../../../Engine/Shaders/Private/SlateShaderCommon.ush" 3413
"../../../Engine/Shaders/Private/SlateMaskingShader.usf" 3414
"../../../Engine/Shaders/Private/SlateVertexShader.usf" 3415
"../../../Engine/Shaders/Private/CompositeUIPixelShader.usf" 3416
"../../../Engine/Shaders/Private/ColorDeficiency.ush" 3417
"../../../Engine/Shaders/Private/SlatePostProcessColorDeficiencyPixelShader.usf" 3418
"../../../Engine/Shaders/Private/SlatePostProcessPixelShader.usf" 3419
"../../../Engine/Shaders/Private/Tools/VisualizeTexture.usf" 3420
"../../../Engine/Shaders/Private/UpdateDescriptorHandle.usf" 3421
"../../../Engine/Shaders/Private/ByteBuffer.usf" 3422
"../../../Engine/Shaders/Private/ShaderBundleWorkGraphDispatch.usf" 3423
"../../../Engine/Shaders/Private/ShaderBundleDispatch.usf" 3424
"../../../Engine/Shaders/Private/ResolveVertexShader.usf" 3425
"../../../Engine/Shaders/Private/ResolvePixelShader.usf" 3426
"../../../Engine/Shaders/Private/Tools/SetupIndirectArgs.usf" 3427
"../../../Engine/Shaders/Private/ClearReplacementShaders.usf" 3428
"../../../Engine/Shaders/Private/Tools/DrawTexture.usf" 3429
"../../../Engine/Shaders/Private/RayTracing/RayTracingValidation.usf" 3430
"../../../Engine/Shaders/Private/RenderGraphUtilities.usf" 3431
"../../../Engine/Shaders/Private/OneColorShader.usf" 3432
"../../../Engine/Shaders/Private/OculusShaders.usf" 3433
"../../../Engine/Shaders/Private/MediaShaders.usf" 3434
"../../../Engine/Shaders/Private/GPUMessaging.usf" 3435
"../../../Engine/Shaders/Private/Tools/GPUDebugCrashUtils.usf" 3436
"../../../Engine/Shaders/Private/NullPixelShader.usf" 3437
"../../../Engine/Shaders/Private/ComputeGenerateMips.usf" 3438
"../../../Engine/Shaders/Private/Tools/DumpTexture.usf" 3439
"../../../Engine/Shaders/Private/CopyTextureShaders.usf" 3440
"../../../Engine/Shaders/Private/Tools/FullscreenVertexShader.usf" 3441
"../../../Engine/Shaders/Private/RayTracing/RayTracingDispatchDesc.usf" 3442
"../../../Engine/Shaders/Private/Bink.usf" 3443
"../../../Engine/Shaders/Private/DepthOnlyPixelShader.usf" 3444
"../../../Engine/Shaders/Private/PositionOnlyDepthVertexShader.usf" 3445
"../../../Engine/Shaders/Private/DepthOnlyVertexShader.usf" 3446
"../../../Engine/Shaders/Private/AnisotropyPassShader.usf" 3447
"C:/Workspace/khj/Wanted5th/Part4/UnrealBuildSystem/Content/StartMa.umap" 3448
"/Engine/EngineResources/WhiteSquareTexture" 3449
"../../../Engine/Content/EngineResources/WhiteSquareTexture.uasset" 3450
"/Engine/EngineResources/GradientTexture0" 3451
"../../../Engine/Content/EngineResources/GradientTexture0.uasset" 3452
"/Engine/EngineResources/Black" 3453
"../../../Engine/Content/EngineResources/Black.uasset" 3454
"/Engine/EditorResources/S_Actor" 3455
"../../../Engine/Content/EditorResources/S_Actor.uasset" 3456
"/Engine/EngineFonts/RobotoDistanceField" 3457
"../../../Engine/Content/EngineFonts/RobotoDistanceField.uasset" 3458
"/Engine/EngineMaterials/DefaultTextMaterialOpaque" 3459
"../../../Engine/Content/EngineMaterials/DefaultTextMaterialOpaque.uasset" 3460
"/Engine/EngineMaterials/WorldGridMaterial" 3461
"/Engine/EngineMaterials/DefaultDeferredDecalMaterial" 3462
"/Engine/EngineMaterials/DefaultLightFunctionMaterial" 3463
"/Engine/EngineMaterials/DefaultPostProcessMaterial" 3464
"../../../Engine/Content/EngineMaterials/WorldGridMaterial.uasset" 3465
"../../../Engine/Content/Functions/Engine_MaterialFunctions01/Opacity/CameraDepthFade.uasset" 3466
"../../../Engine/Content/EngineMaterials/T_Default_Material_Grid_M.uasset" 3467
"../../../Engine/Content/EngineMaterials/T_Default_Material_Grid_N.uasset" 3468
"../../../Engine/Content/EngineMaterials/DefaultDeferredDecalMaterial.uasset" 3469
"../../../Engine/Content/EngineMaterials/DefaultDiffuse.uasset" 3470
"../../../Engine/Content/EngineMaterials/DefaultLightFunctionMaterial.uasset" 3471
"../../../Engine/Content/EngineMaterials/DefaultPostProcessMaterial.uasset" 3472
"../../../Engine/Content/Functions/Engine_MaterialFunctions02/Utility/BreakOutFloat2Components.uasset" 3473
"/Engine/EditorResources/S_Trigger" 3474
"../../../Engine/Content/EditorResources/S_Trigger.uasset" 3475
"/Engine/EditorResources/S_BoxReflectionCapture" 3476
"../../../Engine/Content/EditorResources/S_BoxReflectionCapture.uasset" 3477
"/Engine/EngineResources/DefaultTexture" 3478
"../../../Engine/Content/EngineResources/DefaultTexture.uasset" 3479
"/Engine/EditorResources/S_TriggerBox" 3480
"../../../Engine/Content/EditorResources/S_TriggerBox.uasset" 3481
"/Engine/EditorResources/S_TriggerCapsule" 3482
"../../../Engine/Content/EditorResources/S_TriggerCapsule.uasset" 3483
"/Engine/EditorResources/S_TriggerSphere" 3484
"../../../Engine/Content/EditorResources/S_TriggerSphere.uasset" 3485
"/Engine/EngineMeshes/Sphere" 3486
"../../../Engine/Content/EngineMeshes/Sphere.uasset" 3487
"/Engine/EngineDamageTypes/DmgTypeBP_Environmental" 3488
"../../../Engine/Content/EngineDamageTypes/DmgTypeBP_Environmental.uasset" 3489
"/Engine/EngineResources/DefaultTextureCube" 3490
"../../../Engine/Content/EngineResources/DefaultTextureCube.uasset" 3491
"/Engine/EngineResources/DefaultVolumeTexture" 3492
"../../../Engine/Content/EngineResources/DefaultVolumeTexture.uasset" 3493
"../../../Engine/Content/EngineResources/DefaultVolumeTexture2D.uasset" 3494
"/Engine/EditorMaterials/WidgetVertexColorMaterial" 3495
"../../../Engine/Content/EditorMaterials/WidgetVertexColorMaterial.uasset" 3496
"/Engine/EditorResources/S_Solver" 3497
"../../../Engine/Content/EditorResources/S_Solver.uasset" 3498
"/Engine/EngineDebugMaterials/VolumeToRender" 3499
"../../../Engine/Content/EngineDebugMaterials/VolumeToRender.uasset" 3500
"/Engine/EngineDebugMaterials/M_VolumeRenderSphereTracePP" 3501
"../../../Engine/Content/EngineDebugMaterials/M_VolumeRenderSphereTracePP.uasset" 3502
"../../../Engine/Content/Functions/Engine_MaterialFunctions02/Utility/CameraDirectionVector.uasset" 3503
"/Engine/EditorMeshes/Camera/SM_CraneRig_Base" 3504
"../../../Engine/Content/EditorMeshes/Camera/SM_CraneRig_Base.uasset" 3505
"../../../Engine/Content/EditorMaterials/Camera/MI_CineMat_Rig.uasset" 3506
"../../../Engine/Content/EditorMaterials/Camera/CineMat.uasset" 3507
"/Engine/EditorMeshes/Camera/SM_CraneRig_Arm" 3508
"../../../Engine/Content/EditorMeshes/Camera/SM_CraneRig_Arm.uasset" 3509
"/Engine/EditorMeshes/Camera/SM_CraneRig_Mount" 3510
"../../../Engine/Content/EditorMeshes/Camera/SM_CraneRig_Mount.uasset" 3511
"/Engine/EditorMeshes/Camera/SM_CraneRig_Body" 3512
"../../../Engine/Content/EditorMeshes/Camera/SM_CraneRig_Body.uasset" 3513
"/Engine/EditorMeshes/Camera/SM_RailRig_Track" 3514
"../../../Engine/Content/EditorMeshes/Camera/SM_RailRig_Track.uasset" 3515
"/Engine/EditorMeshes/Camera/SM_RailRig_Mount" 3516
"../../../Engine/Content/EditorMeshes/Camera/SM_RailRig_Mount.uasset" 3517
"/Engine/EditorLandscapeResources/SplineEditorMesh" 3518
"../../../Engine/Content/EditorLandscapeResources/SplineEditorMesh.uasset" 3519
"../../../Engine/Content/EditorLandscapeResources/SplineEditorMeshMat.uasset" 3520
"/Water/Icons/WaterBodyIslandSprite" 3521
"../../Plugins/Experimental/Water/Content/Icons/WaterBodyIslandSprite.uasset" 3522
"/Water/Icons/WaterZoneActorSprite" 3523
"../../Plugins/Experimental/Water/Content/Icons/WaterZoneActorSprite.uasset" 3524
"/HairStrands/Materials/HairDebugMaterial" 3525
"../../Plugins/Runtime/HairStrands/Content/Materials/HairDebugMaterial.uasset" 3526
"../../../Engine/Content/Functions/Engine_MaterialFunctions02/Utility/MakeFloat2.uasset" 3527
"../../../Engine/Content/Functions/Engine_MaterialFunctions02/Utility/MakeFloat3.uasset" 3528
"../../../Engine/Content/EngineMaterials/HairColorMap.uasset" 3529
"../../../Engine/Content/EngineMaterials/HairDebugColor.uasset" 3530
"../../Plugins/Runtime/HairStrands/Content/Materials/HairGroupColors.uasset" 3531
"/HairStrands/Materials/HairDefaultMaterial" 3532
"../../Plugins/Runtime/HairStrands/Content/Materials/HairDefaultMaterial.uasset" 3533
"/HairStrands/Materials/HairCardsDefaultMaterial" 3534
"../../Plugins/Runtime/HairStrands/Content/Materials/HairCardsDefaultMaterial.uasset" 3535
"/HairStrands/Materials/HairMeshesDefaultMaterial" 3536
"../../Plugins/Runtime/HairStrands/Content/Materials/HairMeshesDefaultMaterial.uasset" 3537
"/Engine/EngineMaterials/Widget3DPassThrough_Translucent" 3538
"../../../Engine/Content/EngineMaterials/Widget3DPassThrough_Translucent.uasset" 3539
"../../../Engine/Content/EngineMaterials/Widget3DPassThrough.uasset" 3540
"/Engine/EngineMaterials/Widget3DPassThrough_Translucent_OneSided" 3541
"../../../Engine/Content/EngineMaterials/Widget3DPassThrough_Translucent_OneSided.uasset" 3542
"/Engine/EngineMaterials/Widget3DPassThrough_Opaque" 3543
"../../../Engine/Content/EngineMaterials/Widget3DPassThrough_Opaque.uasset" 3544
"/Engine/EngineMaterials/Widget3DPassThrough_Opaque_OneSided" 3545
"../../../Engine/Content/EngineMaterials/Widget3DPassThrough_Opaque_OneSided.uasset" 3546
"/Engine/EngineMaterials/Widget3DPassThrough_Masked" 3547
"../../../Engine/Content/EngineMaterials/Widget3DPassThrough_Masked.uasset" 3548
"/Engine/EngineMaterials/Widget3DPassThrough_Masked_OneSided" 3549
"../../../Engine/Content/EngineMaterials/Widget3DPassThrough_Masked_OneSided.uasset" 3550
"/Engine/VREditor/ViewportInteractionAssetContainerData" 3551
"../../../Engine/Content/VREditor/ViewportInteractionAssetContainerData.uasset" 3552
"../../../Engine/Content/VREditor/SnapGrid/SnapGridMaterial.uasset" 3553
"../../../Engine/Content/VREditor/TransformGizmo/TransformGizmoMaterial_Inst.uasset" 3554
"../../../Engine/Content/VREditor/TransformGizmo/TranslucentTransformGizmoMaterial_Inst.uasset" 3555
"../../../Engine/Content/VREditor/SnapGrid/SnapGridPlaneMesh.uasset" 3556
"../../../Engine/Content/VREditor/Sounds/UI/Drop_Item_From_ContentBrowser.uasset" 3557
"../../../Engine/Content/VREditor/Sounds/UI/Gizmo_Handle_Clicked.uasset" 3558
"../../../Engine/Content/VREditor/Sounds/UI/Object_PickUp.uasset" 3559
"../../../Engine/Content/VREditor/Sounds/UI/Object_Snaps_To_Another_Actor.uasset" 3560
"../../../Engine/Content/VREditor/Sounds/UI/Object_Snaps_To_Grid.uasset" 3561
"../../../Engine/Content/VREditor/Sounds/UI/Scaling_Down.uasset" 3562
"../../../Engine/Content/VREditor/Sounds/UI/Scaling_Up.uasset" 3563
"../../../Engine/Content/VREditor/Sounds/UI/Selection_Changes.uasset" 3564
"../../../Engine/Content/VREditor/TransformGizmo/PlaneTranslationHandle.uasset" 3565
"../../../Engine/Content/VREditor/TransformGizmo/RotationHandleFull.uasset" 3566
"../../../Engine/Content/VREditor/TransformGizmo/RotationHandleIndicator.uasset" 3567
"../../../Engine/Content/VREditor/TransformGizmo/RotationHandleQuarter.uasset" 3568
"../../../Engine/Content/VREditor/TransformGizmo/StartRotationHandleIndicator.uasset" 3569
"../../../Engine/Content/VREditor/TransformGizmo/TransformGizmoFreeRotation.uasset" 3570
"../../../Engine/Content/VREditor/TransformGizmo/TranslateArrowHandle.uasset" 3571
"../../../Engine/Content/VREditor/TransformGizmo/UniformScaleHandle.uasset" 3572
"../../../Engine/Content/Functions/Engine_MaterialFunctions02/Math/Transform3x3Matrix.uasset" 3573
"../../../Engine/Content/Functions/Engine_MaterialFunctions02/SplitComponents.uasset" 3574
"../../../Engine/Content/VREditor/TransformGizmo/TransformGizmoMaterial.uasset" 3575
"../../../Engine/Content/VREditor/TransformGizmo/TranslucentTransformGizmoMaterial.uasset" 3576
"../../../Engine/Content/Functions/Engine_MaterialFunctions02/Utility/BreakOutFloat3Components.uasset" 3577
"../../../Engine/Content/VREditor/LaserPointer/VR_LaserPower_01.uasset" 3578
"/Engine/VREditor/TransformGizmo/BoundingBoxCorner" 3579
"../../../Engine/Content/VREditor/TransformGizmo/BoundingBoxCorner.uasset" 3580
"/Engine/VREditor/TransformGizmo/BoundingBoxEdge" 3581
"../../../Engine/Content/VREditor/TransformGizmo/BoundingBoxEdge.uasset" 3582
"/Engine/ArtTools/RenderToTexture/Meshes/S_1_Unit_Plane" 3583
"../../../Engine/Content/ArtTools/RenderToTexture/Meshes/S_1_Unit_Plane.uasset" 3584
"/Engine/EngineDebugMaterials/M_SimpleUnlitTranslucent" 3585
"../../../Engine/Content/EngineDebugMaterials/M_SimpleUnlitTranslucent.uasset" 3586
"/Engine/EngineFonts/Roboto" 3587
"../../../Engine/Content/EngineFonts/Roboto.uasset" 3588
"../../../Engine/Content/EngineFonts/Faces/DroidSansFallback.uasset" 3589
"../../../Engine/Content/EngineFonts/Faces/RobotoBold.uasset" 3590
"../../../Engine/Content/EngineFonts/Faces/RobotoBoldItalic.uasset" 3591
"../../../Engine/Content/EngineFonts/Faces/RobotoItalic.uasset" 3592
"../../../Engine/Content/EngineFonts/Faces/RobotoLight.uasset" 3593
"../../../Engine/Content/EngineFonts/Faces/RobotoRegular.uasset" 3594
"../../../Engine/Content/Internationalization/icudt64l/brkitr/root.res" 3595
"../../../Engine/Content/Internationalization/icudt64l/brkitr/char.brk" 3596
"../../../Engine/Content/Internationalization/icudt64l/brkitr/word.brk" 3597
"/Engine/EditorMaterials/ParticleSystems/PSysThumbnail_NoImage" 3598
"../../../Engine/Content/EditorMaterials/ParticleSystems/PSysThumbnail_NoImage.uasset" 3599
"/Engine/EditorMaterials/ParticleSystems/PSysThumbnail_OOD" 3600
"../../../Engine/Content/EditorMaterials/ParticleSystems/PSysThumbnail_OOD.uasset" 3601
"/Engine/EngineResources/LandscapeVisibilityLayerInfo" 3602
"../../../Engine/Content/EngineResources/LandscapeVisibilityLayerInfo.uasset" 3603
"/Water/Meshes/LakeMesh" 3604
"../../Plugins/Experimental/Water/Content/Meshes/LakeMesh.uasset" 3605
"/Water/Meshes/RiverMesh" 3606
"../../Plugins/Experimental/Water/Content/Meshes/RiverMesh.uasset" 3607
"/Water/Icons/WaterBodyExclusionVolumeSprite" 3608
"../../Plugins/Experimental/Water/Content/Icons/WaterBodyExclusionVolumeSprite.uasset" 3609
"../../../../../../Workspace/khj/Wanted5th/Part4/UnrealBuildSystem/Intermediate/ShaderAutogen/PCD3D_SM5/AutogenShaderHeaders.ush" 3610
"../../../Engine/Content/Internationalization/icudt64l/coll/en.res" 3611
"../../../Engine/Plugins/Runtime/IOSDeviceProfileSelector/Config/DeviceModelsInfo.ini" 3612
"/ACLPlugin/ACLAnimBoneCompressionSettings" 3613
"../../Plugins/Animation/ACLPlugin/Content/ACLAnimBoneCompressionSettings.uasset" 3614
"/Engine/Animation/DefaultRecorderBoneCompression" 3615
"../../../Engine/Content/Animation/DefaultRecorderBoneCompression.uasset" 3616
"/ACLPlugin/ACLAnimCurveCompressionSettings" 3617
"../../Plugins/Animation/ACLPlugin/Content/ACLAnimCurveCompressionSettings.uasset" 3618
"/Engine/Animation/DefaultVariableFrameStrippingSettings" 3619
"../../../Engine/Content/Animation/DefaultVariableFrameStrippingSettings.uasset" 3620
"/ControlRig/Controls/ControlRigXRayMaterial" 3621
"../../Plugins/Animation/ControlRig/Content/Controls/ControlRigXRayMaterial.uasset" 3622
"/ControlRig/Controls/DefaultGizmoLibraryNormalized" 3623
"../../Plugins/Animation/ControlRig/Content/Controls/DefaultGizmoLibraryNormalized.uasset" 3624
"/AudioWidgets/Resources/ScrubHandleDown_Clamped" 3625
"../../Plugins/Runtime/AudioWidgets/Content/Resources/ScrubHandleDown_Clamped.uasset" 3626
"/Paper2D/MaskedUnlitSpriteMaterial" 3627
"../../Plugins/2D/Paper2D/Content/MaskedUnlitSpriteMaterial.uasset" 3628
"../../Plugins/2D/Paper2D/Content/DefaultSpriteMaterial.uasset" 3629
"../../Plugins/2D/Paper2D/Content/PlaceholderTextures/DummySpriteTexture.uasset" 3630
"/Paper2D/OpaqueUnlitSpriteMaterial" 3631
"../../Plugins/2D/Paper2D/Content/OpaqueUnlitSpriteMaterial.uasset" 3632
"/Paper2D/DefaultPaperTerrainMaterial" 3633
"../../Plugins/2D/Paper2D/Content/DefaultPaperTerrainMaterial.uasset" 3634
"../../Plugins/2D/Paper2D/Content/DummySprite.uasset" 3635
"/ControlRig/M_Manip" 3636
"../../Plugins/Animation/ControlRig/Content/M_Manip.uasset" 3637
"../../../Engine/Content/Functions/Engine_MaterialFunctions02/WorldPositionOffset/CameraOffset.uasset" 3638
"/Engine/EditorMaterials/Dataflow/M_Dataflow_CheckerBoard" 3639
"../../../Engine/Content/EditorMaterials/Dataflow/M_Dataflow_CheckerBoard.uasset" 3640
"../../../Engine/Content/EditorMaterials/Dataflow/T_CheckerBoard.uasset" 3641
"/Engine/EditorMaterials/Dataflow/DataflowSelection" 3642
"../../../Engine/Content/EditorMaterials/Dataflow/DataflowSelection.uasset" 3643
"../../../Engine/Content/Functions/Engine_MaterialFunctions01/Gradient/LinearGradient.uasset" 3644
"../../../Engine/Content/Functions/Engine_MaterialFunctions01/ImageAdjustment/CheapContrast.uasset" 3645
"../../../Engine/Content/Functions/Engine_MaterialFunctions01/Texturing/WorldAlignedTexture.uasset" 3646
"../../../Engine/Content/Functions/Engine_MaterialFunctions02/Utility/VectorLength.uasset" 3647
"../../../Engine/Content/Functions/Engine_MaterialFunctions02/WorldPositionOffset/ObjectScale.uasset" 3648
"../../../Engine/Content/EngineMaterials/Grid.uasset" 3649
"../../../Engine/Config/BaseUnrealInsightsSettings.ini" 3650
"/PCG/ComputeSources/PCGCS_ShaderUtils" 3651
"../../Plugins/PCG/Content/ComputeSources/PCGCS_ShaderUtils.uasset" 3652
"/PCG/ComputeSources/PCGCS_ShaderUtilsInternal" 3653
"../../Plugins/PCG/Content/ComputeSources/PCGCS_ShaderUtilsInternal.uasset" 3654
"/PCG/ComputeSources/PCGCS_Quaternion" 3655
"../../Plugins/PCG/Content/ComputeSources/PCGCS_Quaternion.uasset" 3656
"/Engine/VREditor/TransformGizmo/SM_Sequencer_Node" 3657
"../../../Engine/Content/VREditor/TransformGizmo/SM_Sequencer_Node.uasset" 3658
"../../../Engine/Content/VREditor/TransformGizmo/Main.uasset" 3659
"../../../Engine/Content/VREditor/TransformGizmo/Xray.uasset" 3660
"/SpeedTreeImporter/SpeedTree9/SpeedTreeMaster" 3661
"../../Plugins/Editor/SpeedTreeImporter/Content/SpeedTree9/SpeedTreeMaster.uasset" 3662
"../../../Engine/Content/Functions/Engine_MaterialFunctions02/ObjectLocalBounds.uasset" 3663
"../../../Engine/Content/Functions/Engine_MaterialFunctions02/SafeNormalize.uasset" 3664
"../../../Engine/Content/Functions/Engine_MaterialFunctions02/UVs/BoundingBoxBased_0-1_UVW.uasset" 3665
"../../Plugins/Editor/SpeedTreeImporter/Content/SpeedTree9/SpeedTreeBranchMotion.uasset" 3666
"../../Plugins/Editor/SpeedTreeImporter/Content/SpeedTree9/SpeedTreeCameraFacing.uasset" 3667
"../../Plugins/Editor/SpeedTreeImporter/Content/SpeedTree9/SpeedTreeWind.uasset" 3668
"../../Plugins/Editor/SpeedTreeImporter/Content/SpeedTree9/SpeedTreeWindMotion.uasset" 3669
"../../Plugins/Editor/SpeedTreeImporter/Content/SpeedTree9/UnpackDirection.uasset" 3670
"../../Plugins/Editor/SpeedTreeImporter/Content/SpeedTree9/UnpackInteger3.uasset" 3671
"../../Plugins/Editor/SpeedTreeImporter/Content/SpeedTree9/Empty.uasset" 3672
"../../Plugins/Editor/SpeedTreeImporter/Content/SpeedTree9/EmptyNormal.uasset" 3673
"../../Plugins/Editor/SpeedTreeImporter/Content/SpeedTree9/game_wind_noise.uasset" 3674
"/SpeedTreeImporter/SpeedTree9/SpeedTreeBillboardMaster" 3675
"../../Plugins/Editor/SpeedTreeImporter/Content/SpeedTree9/SpeedTreeBillboardMaster.uasset" 3676
"../../Plugins/Editor/SpeedTreeImporter/Content/SpeedTree9/SpeedTreeBillboard.uasset" 3677
"/MeshModelingToolsetExp/Materials/PointSetOverlaidComponentMaterial" 3678
"../../Plugins/Experimental/MeshModelingToolsetExp/Content/Materials/PointSetOverlaidComponentMaterial.uasset" 3679
"../../../Engine/Content/Functions/Engine_MaterialFunctions02/Utility/FOV.uasset" 3680
"../../../Engine/Content/Functions/Engine_MaterialFunctions02/WorldPositionOffset/V2/ObjectScale.uasset" 3681
"../../../Engine/Content/Functions/Engine_MaterialFunctions03/Viewport/MF_OrthoWidth.uasset" 3682
"../../Plugins/Experimental/MeshModelingToolsetExp/Content/Materials/GetDisplacementVectorForDepthBias.uasset" 3683
"/MeshModelingToolsetExp/Materials/LineSetOverlaidComponentMaterial" 3684
"../../Plugins/Experimental/MeshModelingToolsetExp/Content/Materials/LineSetOverlaidComponentMaterial.uasset" 3685
"../../../Engine/Content/Functions/Engine_MaterialFunctions02/Math/ProjectVectorOntoPlane.uasset" 3686
"/Landmass/Landscape/BlueprintBrushes/Materials/Internal/BrushBounds" 3687
"../../Plugins/Experimental/Landmass/Content/Landscape/BlueprintBrushes/Materials/Internal/BrushBounds.uasset" 3688
"../../../Engine/Content/EditorMaterials/TilingAAGrid.uasset" 3689
"../../../Engine/Content/EditorMaterials/TilingAALineBoxFiltered.uasset" 3690
"../../../Engine/Content/EditorMaterials/TilingAALineIntegral.uasset" 3691
"../../../Engine/Content/Functions/Engine_MaterialFunctions01/ImageAdjustment/SCurve.uasset" 3692
"../../../Engine/Content/Functions/Engine_MaterialFunctions03/Blends/Blend_Screen.uasset" 3693
"../../../Engine/Content/Functions/Engine_MaterialFunctions03/Procedurals/ComputeFilterWidth.uasset" 3694
"../../Plugins/Experimental/Landmass/Content/Landscape/BlueprintBrushes/Materials/BrushMaterials/BasicFunctions/LandmassBrush_ShapeMask.uasset" 3695
"../../Plugins/Experimental/Landmass/Content/Landscape/BlueprintBrushes/MF/Landmass_BrushTilt.uasset" 3696
"../../Plugins/Experimental/Landmass/Content/Landscape/BlueprintBrushes/MF/LandmassBrush_EdgeFalloff.uasset" 3697
"../../Plugins/Experimental/Landmass/Content/Landscape/BlueprintBrushes/MF/LandmassBrush_Noise.uasset" 3698
"../../Plugins/Experimental/Landmass/Content/Landscape/BlueprintBrushes/MF/LandmassBrush_UVs.uasset" 3699
"../../Plugins/Experimental/Landmass/Content/Landscape/BlueprintBrushes/MF/PointSampleLandscapeUVs.uasset" 3700
"../../Plugins/Experimental/Landmass/Content/Landscape/OldPrototype_BP/Mats/MF/UnpackRG8Height.uasset" 3701
"../../Plugins/Experimental/Landmass/Content/Landscape/BlueprintBrushes/MPC/MPC_Landscape.uasset" 3702
"../../../Engine/Content/ArtTools/RenderToTexture/Textures/T_EV_BlankWhite_01.uasset" 3703
"../../../Engine/Content/EngineMaterials/BlendFunc_DefBase.uasset" 3704
"../../../Engine/Content/EngineMaterials/BlendFunc_DefBlend.uasset" 3705
"../../../Engine/Content/EngineResources/Black_Low.uasset" 3706
"/Landmass/Landscape/Meshes/S_SpritePlane" 3707
"../../Plugins/Experimental/Landmass/Content/Landscape/Meshes/S_SpritePlane.uasset" 3708
"/Landmass/Landscape/BlueprintBrushes/Materials/Sprite/M_BrushSprite_01" 3709
"../../Plugins/Experimental/Landmass/Content/Landscape/BlueprintBrushes/Materials/Sprite/M_BrushSprite_01.uasset" 3710
"../../../Engine/Content/Functions/Engine_MaterialFunctions02/WorldPositionOffset/ComponentPivotLocation.uasset" 3711
"../../../Engine/Content/Functions/Engine_MaterialFunctions02/WorldPositionOffset/Sprite.uasset" 3712
"../../../Engine/Content/EditorResources/S_Terrain.uasset" 3713
"../../../Engine/Intermediate/ProjectFiles/PrimaryProjectPath.txt" 3714
"/MediaPlate/SM_MediaPlateScreen" 3715
"../../Plugins/Media/MediaPlate/Content/SM_MediaPlateScreen.uasset" 3716
"/Engine/BasicShapes/BasicShapeMaterial" 3717
"../../../Engine/Content/BasicShapes/BasicShapeMaterial.uasset" 3718
"/Engine/EditorMaterials/Dataflow/DataflowVertexMaterial" 3719
"../../../Engine/Content/EditorMaterials/Dataflow/DataflowVertexMaterial.uasset" 3720
"/Engine/EditorMaterials/Dataflow/DataflowTwoSidedVertexMaterial" 3721
"../../../Engine/Content/EditorMaterials/Dataflow/DataflowTwoSidedVertexMaterial.uasset" 3722
"/Engine/EditorLandscapeResources/LayerVisMaterial" 3723
"../../../Engine/Content/EditorLandscapeResources/LayerVisMaterial.uasset" 3724
"../../../Engine/Content/EditorLandscapeResources/WhiteSquareTexture.uasset" 3725
"/Engine/EditorLandscapeResources/SelectBrushMaterial_Selected" 3726
"../../../Engine/Content/EditorLandscapeResources/SelectBrushMaterial_Selected.uasset" 3727
"../../../Engine/Content/EditorLandscapeResources/SelectBrushMaterial.uasset" 3728
"../../../Engine/Content/Functions/Engine_MaterialFunctions03/Math/WithinRangeFloat2.uasset" 3729
"../../../Engine/Content/EditorLandscapeResources/DefaultAlphaTexture.uasset" 3730
"/Engine/EditorLandscapeResources/SelectBrushMaterial_SelectedRegion" 3731
"../../../Engine/Content/EditorLandscapeResources/SelectBrushMaterial_SelectedRegion.uasset" 3732
"/Engine/EditorLandscapeResources/MaskBrushMaterial_MaskedRegion" 3733
"../../../Engine/Content/EditorLandscapeResources/MaskBrushMaterial_MaskedRegion.uasset" 3734
"../../../Engine/Content/EditorLandscapeResources/MaskBrushMaterial.uasset" 3735
"/Engine/EditorLandscapeResources/ColorMaskBrushMaterial_MaskedRegion" 3736
"../../../Engine/Content/EditorLandscapeResources/ColorMaskBrushMaterial_MaskedRegion.uasset" 3737
"../../../Engine/Content/EditorLandscapeResources/ColorMaskBrushMaterial.uasset" 3738
"/Engine/EditorLandscapeResources/LandscapeDirtyMaterial" 3739
"../../../Engine/Content/EditorLandscapeResources/LandscapeDirtyMaterial.uasset" 3740
"/Engine/EditorLandscapeResources/LandscapeLayerUsageMaterial" 3741
"../../../Engine/Content/EditorLandscapeResources/LandscapeLayerUsageMaterial.uasset" 3742
"../../../Engine/Content/Functions/Engine_MaterialFunctions01/Debug/DebugIntValues.uasset" 3743
"../../../Engine/Content/Functions/Engine_MaterialFunctions01/Texturing/ScaleUVsByCenter.uasset" 3744
"../../../Engine/Content/Functions/Engine_MaterialFunctions02/WorldPositionOffset/LocalPosition.uasset" 3745
"../../../Engine/Content/Functions/Engine_MaterialFunctions01/Texturing/TextureCropping.uasset" 3746
"../../../Engine/Content/Functions/Engine_MaterialFunctions02/ExampleContent/DebugNumberStrip.uasset" 3747
"C:/Users/user/AppData/Local/UnrealEngine/Editor/UInteractiveToolsPresetCollectionAsset_DefaultCollection.json" 3748
"/Engine/EngineMaterials/NaniteHiddenSectionMaterial" 3749
"../../../Engine/Content/EngineMaterials/NaniteHiddenSectionMaterial.uasset" 3750
"/Engine/EngineMaterials/RemoveSurfaceMaterial" 3751
"../../../Engine/Content/EngineMaterials/RemoveSurfaceMaterial.uasset" 3752
"/Engine/EngineDebugMaterials/DebugMeshMaterial" 3753
"../../../Engine/Content/EngineDebugMaterials/DebugMeshMaterial.uasset" 3754
"/Engine/EngineMaterials/EmissiveMeshMaterial" 3755
"../../../Engine/Content/EngineMaterials/EmissiveMeshMaterial.uasset" 3756
"../../../Engine/Content/EngineMaterials/DefaultWhiteGrid_Low.uasset" 3757
"/Engine/EngineMaterials/M_InvalidLightmapSettings" 3758
"../../../Engine/Content/EngineMaterials/M_InvalidLightmapSettings.uasset" 3759
"../../../Engine/Content/EngineMaterials/InvalidLightmapSettings.uasset" 3760
"/Engine/EngineMaterials/GizmoMaterial" 3761
"../../../Engine/Content/EngineMaterials/GizmoMaterial.uasset" 3762
"/Engine/EngineMaterials/PhAT_JointLimitMaterial" 3763
"../../../Engine/Content/EngineMaterials/PhAT_JointLimitMaterial.uasset" 3764
"/Engine/EngineMaterials/FlattenMaterial" 3765
"../../../Engine/Content/EngineMaterials/FlattenMaterial.uasset" 3766
"../../../Engine/Content/EngineMaterials/BaseFlattenDiffuseMap.uasset" 3767
"../../../Engine/Content/EngineMaterials/BaseFlattenEmissiveMap.uasset" 3768
"../../../Engine/Content/EngineMaterials/BaseFlattenGrayscaleMap.uasset" 3769
"../../../Engine/Content/EngineMaterials/BaseFlattenLinearColor.uasset" 3770
"../../../Engine/Content/EngineMaterials/BaseFlattenNormalMap.uasset" 3771
"../../../Engine/Content/Functions/Engine_MaterialFunctions02/PivotPainter2/Black_1x1_EXR_Texture.uasset" 3772
"/Engine/EngineMaterials/FlattenMaterial_VT" 3773
"../../../Engine/Content/EngineMaterials/FlattenMaterial_VT.uasset" 3774
"../../../Engine/Content/EngineMaterials/BaseFlattenDiffuseMap_VT.uasset" 3775
"../../../Engine/Content/EngineMaterials/BaseFlattenEmissiveMap_VT.uasset" 3776
"../../../Engine/Content/EngineMaterials/BaseFlattenGrayscaleMap_VT.uasset" 3777
"../../../Engine/Content/EngineMaterials/BaseFlattenLinearColor_VT.uasset" 3778
"../../../Engine/Content/EngineMaterials/BaseFlattenNormalMap_VT.uasset" 3779
"../../../Engine/Content/EngineMaterials/Black_1x1_EXR_Texture_VT.uasset" 3780
"/Engine/EngineMaterials/FlattenMaterial_WS_Normal_VT" 3781
"../../../Engine/Content/EngineMaterials/FlattenMaterial_WS_Normal_VT.uasset" 3782
"/Engine/EngineMaterials/Good64x64TilingNoiseHighFreq" 3783
"../../../Engine/Content/EngineMaterials/Good64x64TilingNoiseHighFreq.uasset" 3784
"/Engine/EngineMaterials/DefaultBokeh" 3785
"../../../Engine/Content/EngineMaterials/DefaultBokeh.uasset" 3786
"/Engine/EngineMaterials/MiniFont" 3787
"../../../Engine/Content/EngineMaterials/MiniFont.uasset" 3788
"/Engine/EngineMaterials/WeightMapPlaceholderTexture" 3789
"../../../Engine/Content/EngineMaterials/WeightMapPlaceholderTexture.uasset" 3790
"/Engine/EngineMaterials/WeightMapArrayPlaceholderTexture" 3791
"../../../Engine/Content/EngineMaterials/WeightMapArrayPlaceholderTexture.uasset" 3792
"/Engine/EngineMaterials/DefaultWhiteGrid" 3793
"../../../Engine/Content/EngineMaterials/DefaultWhiteGrid.uasset" 3794
"/Engine/EngineMaterials/PreintegratedSkinBRDF" 3795
"../../../Engine/Content/EngineMaterials/PreintegratedSkinBRDF.uasset" 3796
"/Engine/EngineMaterials/LTC/GGX_LTCAmp" 3797
"../../../Engine/Content/EngineMaterials/LTC/GGX_LTCAmp.uasset" 3798
"/Engine/EngineMaterials/LTC/GGX_LTCMat" 3799
"../../../Engine/Content/EngineMaterials/LTC/GGX_LTCMat.uasset" 3800
"/Engine/EngineMaterials/LTC/Sheen_LTC" 3801
"../../../Engine/Content/EngineMaterials/LTC/Sheen_LTC.uasset" 3802
"/Engine/EngineMaterials/EnergyConservation/GGX_ReflectionEnergy" 3803
"../../../Engine/Content/EngineMaterials/EnergyConservation/GGX_ReflectionEnergy.uasset" 3804
"/Engine/EngineMaterials/EnergyConservation/GGX_MaxSpecEnergy" 3805
"../../../Engine/Content/EngineMaterials/EnergyConservation/GGX_MaxSpecEnergy.uasset" 3806
"/Engine/EngineMaterials/EnergyConservation/GGX_TransmissionEnergyArray" 3807
"../../../Engine/Content/EngineMaterials/EnergyConservation/GGX_TransmissionEnergyArray.uasset" 3808
"/Engine/EngineMaterials/EnergyConservation/SheenLegacy_Energy" 3809
"../../../Engine/Content/EngineMaterials/EnergyConservation/SheenLegacy_Energy.uasset" 3810
"/Engine/EngineMaterials/DefaultPhysicalMaterial" 3811
"../../../Engine/Content/EngineMaterials/DefaultPhysicalMaterial.uasset" 3812
"/Engine/EngineMaterials/DefaultDestructiblePhysicalMaterial" 3813
"../../../Engine/Content/EngineMaterials/DefaultDestructiblePhysicalMaterial.uasset" 3814
"/Water/Materials/MPC/MPC_Water" 3815
"../../Plugins/Experimental/Water/Content/Materials/MPC/MPC_Water.uasset" 3816
"/Niagara/ParameterDefinitions/CoreParameters" 3817
"../../Plugins/FX/Niagara/Content/ParameterDefinitions/CoreParameters.uasset" 3818
"/Niagara/ParameterDefinitions/DecalRenderer" 3819
"../../Plugins/FX/Niagara/Content/ParameterDefinitions/DecalRenderer.uasset" 3820
"/Niagara/ParameterDefinitions/LightRenderer" 3821
"../../Plugins/FX/Niagara/Content/ParameterDefinitions/LightRenderer.uasset" 3822
"/Niagara/ParameterDefinitions/MeshRenderer" 3823
"../../Plugins/FX/Niagara/Content/ParameterDefinitions/MeshRenderer.uasset" 3824
"/Niagara/ParameterDefinitions/RibbonRenderer" 3825
"../../Plugins/FX/Niagara/Content/ParameterDefinitions/RibbonRenderer.uasset" 3826
"/Niagara/ParameterDefinitions/SpriteRenderer" 3827
"../../Plugins/FX/Niagara/Content/ParameterDefinitions/SpriteRenderer.uasset" 3828
"/DeformerGraph/Deformers/DG_LinearBlendSkin_Morph_Cloth" 3829
"../../Plugins/Animation/DeformerGraph/Content/Deformers/DG_LinearBlendSkin_Morph_Cloth.uasset" 3830
"../../Plugins/Animation/DeformerGraph/Content/DeformerFunctions/DG_Function_LinearBlendSkin_Morph_Cloth.uasset" 3831
"/DeformerGraph/Deformers/DG_LinearBlendSkin_Morph_Cloth_RecomputeNormals" 3832
"../../Plugins/Animation/DeformerGraph/Content/Deformers/DG_LinearBlendSkin_Morph_Cloth_RecomputeNormals.uasset" 3833
"../../Plugins/Animation/DeformerGraph/Content/DeformerFunctions/DG_Function_ComputeNormalsTangents.uasset" 3834
"../../Plugins/Animation/DeformerGraph/Content/DeformerFunctions/DG_Function_LinearBlendSkin_Morph_Cloth_PositionOnly.uasset" 3835
"/Engine/BasicShapes/Cube" 3836
"../../../Engine/Content/BasicShapes/Cube.uasset" 3837
"/Engine/BasicShapes/Sphere" 3838
"../../../Engine/Content/BasicShapes/Sphere.uasset" 3839
"../../../Engine/Content/EngineMaterials/DefaultMaterial.uasset" 3840
"/Engine/BasicShapes/Cylinder" 3841
"../../../Engine/Content/BasicShapes/Cylinder.uasset" 3842
"/Engine/BasicShapes/Cone" 3843
"../../../Engine/Content/BasicShapes/Cone.uasset" 3844
"/Engine/BasicShapes/Plane" 3845
"../../../Engine/Content/BasicShapes/Plane.uasset" 3846
"/Water/Curves/FloatCurve" 3847
"../../Plugins/Experimental/Water/Content/Curves/FloatCurve.uasset" 3848
"/Water/Curves/FloatCurve_WaterBodyIsland" 3849
"../../Plugins/Experimental/Water/Content/Curves/FloatCurve_WaterBodyIsland.uasset" 3850
"/Water/Waves/GerstnerWaves_Lake" 3851
"../../Plugins/Experimental/Water/Content/Waves/GerstnerWaves_Lake.uasset" 3852
"/Water/Waves/GerstnerWaves_Ocean" 3853
"../../Plugins/Experimental/Water/Content/Waves/GerstnerWaves_Ocean.uasset" 3854
"/Water/Icons/WaterSprite" 3855
"../../Plugins/Experimental/Water/Content/Icons/WaterSprite.uasset" 3856
"/Water/Icons/WaterErrorSprite" 3857
"../../Plugins/Experimental/Water/Content/Icons/WaterErrorSprite.uasset" 3858
"/Water/Icons/WaterLandscapeBrushSprite" 3859
"../../Plugins/Experimental/Water/Content/Icons/WaterLandscapeBrushSprite.uasset" 3860
"/Engine/EditorResources/SequenceRecorder/Countdown" 3861
"../../../Engine/Content/EditorResources/SequenceRecorder/Countdown.uasset" 3862
"/Engine/EditorResources/SequenceRecorder/RecordingIndicator" 3863
"../../../Engine/Content/EditorResources/SequenceRecorder/RecordingIndicator.uasset" 3864
"/Engine/EditorMaterials/PhAT_UnselectedMaterial" 3865
"../../../Engine/Content/EditorMaterials/PhAT_UnselectedMaterial.uasset" 3866
"/Engine/EditorMaterials/PhAT_NoCollisionMaterial" 3867
"../../../Engine/Content/EditorMaterials/PhAT_NoCollisionMaterial.uasset" 3868
"../../../Engine/Plugins/FX/Niagara/Shaders/Private/NiagaraDataInterfaceTexture2DArrayTemplate.ush" 3869
"../../../Engine/Plugins/FX/Niagara/Shaders/Private/NiagaraDataInterfaceActorComponentTemplate.ush" 3870
"../../../Engine/Plugins/FX/Niagara/Shaders/Private/NiagaraDataInterfaceArrayTemplate.ush" 3871
"../../../Engine/Plugins/FX/Niagara/Shaders/Private/NiagaraDataInterfaceArrayRWTemplate.ush" 3872
"../../../Engine/Plugins/FX/Niagara/Shaders/Private/NiagaraDataInterfaceArrayDistributionIntTemplate.ush" 3873
"../../../Engine/Plugins/FX/Niagara/Shaders/Private/NiagaraDataInterfaceAsyncGpuTrace.ush" 3874
"../../../Engine/Shaders/Public/Platform/Metal/MetalCommon.ush" 3875
"../../../Engine/Shaders/Public/Platform/Vulkan/VulkanCommon.ush" 3876
"../../../Engine/Shaders/Public/Platform/GL/GLCommon.ush" 3877
"../../../Engine/Plugins/FX/Niagara/Shaders/Private/NiagaraDataInterfaceAsyncGpuTraceTemplate.ush" 3878
"../../../Engine/Plugins/FX/Niagara/Shaders/Private/NiagaraDataInterfaceAudioCommon.ush" 3879
"../../../Engine/Plugins/FX/Niagara/Shaders/Private/NiagaraDataInterfaceAudioOscilloscopeTemplate.ush" 3880
"../../../Engine/Plugins/FX/Niagara/Shaders/Private/NiagaraDataInterfaceAudioSpectrumTemplate.ush" 3881
"../../../Engine/Plugins/FX/Niagara/Shaders/Private/NiagaraDataInterfaceCamera.ush" 3882
"../../../Engine/Plugins/Experimental/ChaosNiagara/Shaders/NiagaraDataInterfaceChaosDestruction.ush" 3883
"../../../Engine/Plugins/FX/Niagara/Shaders/Private/NiagaraDataInterfaceCollisionQuery.ush" 3884
"../../../Engine/Shaders/Public/Platform/Vulkan/VulkanSubpassSupport.ush" 3885
"../../../Engine/Shaders/Public/Platform/GL/GLSubpassSupport.ush" 3886
"../../../Engine/Shaders/Public/Platform/Metal/MetalSubpassSupport.ush" 3887
"../../../Engine/Plugins/FX/Niagara/Shaders/Private/NiagaraDataInterfaceCollisionQueryTemplate.ush" 3888
"../../../Engine/Plugins/FX/Niagara/Shaders/Private/NiagaraDataInterfaceCurveTemplate.ush" 3889
"../../../Engine/Plugins/FX/Niagara/Shaders/Private/NiagaraDataInterfaceCubeTextureTemplate.ush" 3890
"../../../Engine/Plugins/FX/Niagara/Shaders/Private/DataChannel/NiagaraDataInterfaceDataChannelCommon.ush" 3891
"../../../Engine/Plugins/FX/Niagara/Shaders/Private/DataChannel/NiagaraDataInterfaceDataChannelTemplateCommon.ush" 3892
"../../../Engine/Plugins/FX/Niagara/Shaders/Private/DataChannel/NiagaraDataInterfaceDataChannelTemplateReadCommon.ush" 3893
"../../../Engine/Plugins/FX/Niagara/Shaders/Private/DataChannel/NiagaraDataInterfaceDataChannelTemplate_Read.ush" 3894
"../../../Engine/Plugins/FX/Niagara/Shaders/Private/DataChannel/NiagaraDataInterfaceDataChannelTemplate_Consume.ush" 3895
"../../../Engine/Plugins/FX/Niagara/Shaders/Private/DataChannel/NiagaraDataInterfaceDataChannelTemplateWriteCommon.ush" 3896
"../../../Engine/Plugins/FX/Niagara/Shaders/Private/DataChannel/NiagaraDataInterfaceDataChannelTemplate_Append.ush" 3897
"../../../Engine/Plugins/FX/Niagara/Shaders/Private/NiagaraDataInterfaceDataTableTemplate.ush" 3898
"../../../Engine/Plugins/FX/Niagara/Shaders/Private/NiagaraDataInterfaceDebugDraw.ush" 3899
"../../../Engine/Plugins/FX/Niagara/Shaders/Private/NiagaraDataInterfaceDebugDrawTemplate.ush" 3900
"../../../Engine/Plugins/FX/Niagara/Shaders/Private/NiagaraDataInterfaceDynamicMeshTemplate.ush" 3901
"../../../Engine/Plugins/FX/Niagara/Shaders/Private/NiagaraDataInterfaceEmitterPropertiesTemplate.ush" 3902
"../../../Engine/Plugins/FX/Niagara/Shaders/Private/NiagaraDataInterfaceExportTemplate.ush" 3903
"../../../Engine/Plugins/FX/Niagara/Shaders/Private/NiagaraDataInterfaceGBufferTemplate.ush" 3904
"../../../Engine/Plugins/Experimental/ChaosNiagara/Shaders/NiagaraDataInterfaceGeometryCollection.ush" 3905
"../../../Engine/Plugins/FX/Niagara/Shaders/Private/NiagaraTransformUtils.ush" 3906
"../../../Engine/Plugins/Runtime/HairStrands/Shaders/Private/NiagaraStrandsExternalForce.ush" 3907
"../../../Engine/Plugins/Runtime/HairStrands/Shaders/Private/NiagaraHookeSpringMaterial.ush" 3908
"../../../Engine/Plugins/Runtime/HairStrands/Shaders/Private/NiagaraAngularSpringMaterial.ush" 3909
"../../../Engine/Plugins/Runtime/HairStrands/Shaders/Private/NiagaraConstantVolumeMaterial.ush" 3910
"../../../Engine/Plugins/Runtime/HairStrands/Shaders/Private/NiagaraCosseratRodMaterial.ush" 3911
"../../../Engine/Plugins/Runtime/HairStrands/Shaders/Private/NiagaraStaticCollisionConstraint.ush" 3912
"../../../Engine/Plugins/Runtime/HairStrands/Shaders/Private/NiagaraDataInterfaceHairStrands.ush" 3913
"../../../Engine/Plugins/Runtime/HairStrands/Shaders/Private/NiagaraDataInterfaceHairStrandsTemplate.ush" 3914
"../../../Engine/Plugins/FX/Niagara/Shaders/Private/NiagaraDataInterfaceIntRenderTarget2D.ush" 3915
"../../../Engine/Plugins/FX/Niagara/Shaders/Private/NiagaraDataInterfaceLandscape.ush" 3916
"../../../Engine/Plugins/FX/Niagara/Shaders/Private/NiagaraDataInterfaceMemoryBufferTemplate.ush" 3917
"../../../Engine/Plugins/FX/Niagara/Shaders/Private/NiagaraDataInterfaceMeshRendererInfoTemplate.ush" 3918
"../../../Engine/Plugins/FX/Niagara/Shaders/Private/NiagaraDataInterfaceNeighborQuery.ush" 3919
"../../../Engine/Plugins/FX/Niagara/Shaders/Private/NiagaraDataInterfaceOcclusion.ush" 3920
"../../../Engine/Plugins/FX/Niagara/Shaders/Private/NiagaraDataInterfacePhysicsAsset.ush" 3921
"../../../Engine/Plugins/Experimental/ChaosNiagara/Shaders/NiagaraDataInterfacePhysicsField.ush" 3922
"../../../Engine/Plugins/FX/Niagara/Shaders/Private/NiagaraDataInterfacePlatformSetTemplate.ush" 3923
"../../../Engine/Plugins/Runtime/HairStrands/Shaders/Private/NiagaraDataInterfaceVelocityGrid.ush" 3924
"../../../Engine/Plugins/Runtime/HairStrands/Shaders/Private/NiagaraDataInterfaceVelocityGridTemplate.ush" 3925
"../../../Engine/Plugins/Runtime/HairStrands/Shaders/Private/NiagaraDataInterfacePressureGrid.ush" 3926
"../../../Engine/Plugins/Runtime/HairStrands/Shaders/Private/NiagaraDataInterfacePressureGridTemplate.ush" 3927
"../../../Engine/Plugins/FX/Niagara/Shaders/Private/NiagaraDataInterfacePropertyInterfaceTemplate.ush" 3928
"../../../Engine/Plugins/FX/Niagara/Shaders/Private/NiagaraDataInterfaceRenderTarget2DTemplate.ush" 3929
"../../../Engine/Plugins/FX/Niagara/Shaders/Private/NiagaraDataInterfaceRenderTarget2DArrayTemplate.ush" 3930
"../../../Engine/Plugins/FX/Niagara/Shaders/Private/NiagaraDataInterfaceRenderTargetCubeTemplate.ush" 3931
"../../../Engine/Plugins/FX/Niagara/Shaders/Private/NiagaraDataInterfaceRenderTargetVolumeTemplate.ush" 3932
"../../../Engine/Plugins/FX/Niagara/Shaders/Private/NiagaraDataInterfaceRigidMeshCollisionQuery.ush" 3933
"../../../Engine/Plugins/FX/Niagara/Shaders/Private/NiagaraDistanceFieldQueries.ush" 3934
"../../../Engine/Plugins/FX/Niagara/Shaders/Private/NiagaraDataInterfaceSceneCapture2DTemplate.ush" 3935
"../../../Engine/Plugins/FX/Niagara/Shaders/Private/NiagaraDataInterfaceSimCacheReaderTemplate.ush" 3936
"../../../Engine/Plugins/FX/Niagara/Shaders/Private/NiagaraDataInterfaceSimpleCounterTemplate.ush" 3937
"../../../Engine/Plugins/FX/Niagara/Shaders/Private/NiagaraDataInterfaceSkeletalMesh.ush" 3938
"../../../Engine/Plugins/FX/Niagara/Shaders/Private/NiagaraBaryCentricUtils.ush" 3939
"../../../Engine/Plugins/FX/Niagara/Shaders/Private/NiagaraDataInterfaceSkeletalMeshTemplate.ush" 3940
"../../../Engine/Plugins/FX/Niagara/Shaders/Private/NiagaraDataInterfaceSocketReaderTemplate.ush" 3941
"../../../Engine/Plugins/FX/Niagara/Shaders/Private/NiagaraDataInterfaceSparseVolumeTextureTemplate.ush" 3942
"../../../Engine/Plugins/FX/Niagara/Shaders/Private/NiagaraDataInterfaceSplineTemplate.ush" 3943
"../../../Engine/Plugins/FX/Niagara/Shaders/Private/NiagaraDataInterfaceSpriteRendererInfoTemplate.ush" 3944
"../../../Engine/Plugins/FX/Niagara/Shaders/Private/NiagaraDataInterfaceStaticMeshTemplate.ush" 3945
"../../../Engine/Plugins/FX/Niagara/Shaders/Private/NiagaraDataInterfaceStaticMeshIndirectTemplate.ush" 3946
"../../../Engine/Plugins/FX/Niagara/Shaders/Private/NiagaraSharedDataGPU_StaticMesh.ush" 3947
"../../../Engine/Plugins/FX/Niagara/Shaders/Private/NiagaraDataInterfaceTextureTemplate.ush" 3948
"../../../Engine/Plugins/FX/Niagara/Shaders/Private/NiagaraDataInterfaceVirtualTexture.ush" 3949
"../../../Engine/Plugins/FX/Niagara/Shaders/Private/NiagaraDataInterfaceVirtualTextureTemplate.ush" 3950
"../../../Engine/Plugins/FX/Niagara/Shaders/Private/NiagaraDataInterfaceVirtualTextureSampleTemplate.ush" 3951
"../../../Engine/Plugins/FX/Niagara/Shaders/Private/NiagaraDataInterfaceVolumeCache.ush" 3952
"../../../Engine/Plugins/FX/Niagara/Shaders/Private/NiagaraDataInterfaceVolumeTextureTemplate.ush" 3953
"C:/Workspace/khj/Wanted5th/Part4/UnrealBuildSystem/Saved/Cooked/Windows/ue.projectstore" 3954
"C:/Workspace/khj/Wanted5th/Part4/UnrealBuildSystem/Intermediate/ShaderAutogen/PCD3D_SM5/AutogenShaderHeaders.ush" 3955
"../../../Engine/Content/EngineSounds/Submixes/MasterEQSubmixDefault.uasset" 3956
"../../../Engine/Content/EngineSounds/Submixes/MasterReverbEffectPreset.uasset" 3957
"../../../Engine/Content/EngineSounds/Submixes/MasterReverbSubmixDefault.uasset" 3958
"../../../Engine/Content/EngineSounds/Submixes/MasterSubmixDefault.uasset" 3959
"../../../Engine/Content/EngineSounds/Submixes/MasterEQEffectPreset.uasset" 3960
"/Engine/EngineSounds/Submixes/MasterReverbEffectPreset" 3961
"/Engine/EngineSounds/Submixes/MasterEQEffectPreset" 3962
"/Engine/EngineSounds/Submixes/MasterEQSubmixDefault" 3963
"../../../Engine/Plugins/Interchange/Assets/Content/Functions/MF_IridescenceNoLUT.uasset" 3964
"../../../Engine/Plugins/Interchange/Assets/Content/gltf/MaterialFunctions/MF_Occlusion.uasset" 3965
"../../../Engine/Plugins/Interchange/Assets/Content/gltf/MaterialFunctions/MF_MetallicRoughness.uasset" 3966
"../../../Engine/Plugins/Interchange/Assets/Content/gltf/MaterialFunctions/MF_RotateV2.uasset" 3967
"../../../Engine/Plugins/Interchange/Assets/Content/gltf/Textures/T_Generic_N.uasset" 3968
"../../../Engine/Plugins/Interchange/Assets/Content/gltf/MaterialFunctions/MF_IOR.uasset" 3969
"../../../Engine/Plugins/Interchange/Assets/Content/gltf/MaterialFunctions/MF_Normals.uasset" 3970
"../../../Engine/Plugins/Interchange/Assets/Content/gltf/MaterialFunctions/MF_Emissive.uasset" 3971
"../../../Engine/Plugins/Interchange/Assets/Content/gltf/MaterialFunctions/MF_Iridescence.uasset" 3972
"../../../Engine/Plugins/Interchange/Assets/Content/gltf/MaterialFunctions/MF_BaseColor.uasset" 3973
"../../../Engine/Plugins/Interchange/Assets/Content/gltf/Textures/T_Anisotropy_Direction_Linear.uasset" 3974
"../../../Engine/Plugins/Interchange/Assets/Content/gltf/MaterialFunctions/MF_RotateNormals_TS.uasset" 3975
"../../../Engine/Plugins/Interchange/Assets/Content/gltf/Textures/T_White_srgb.uasset" 3976
"../../../Engine/Plugins/Interchange/Assets/Content/gltf/MaterialFunctions/MF_Clearcoat.uasset" 3977
"../../../Engine/Plugins/Interchange/Assets/Content/gltf/MaterialBodies/MF_ClearCoat_Body.uasset" 3978
"../../../Engine/Plugins/Interchange/Assets/Content/gltf/MaterialFunctions/MF_ScaleNormal.uasset" 3979
"../../../Engine/Plugins/Interchange/Assets/Content/gltf/MaterialFunctions/MF_Specular.uasset" 3980
"../../../Engine/Plugins/Interchange/Assets/Content/gltf/MaterialFunctions/MF_TransformUVs.uasset" 3981
"../../../Engine/Plugins/Interchange/Assets/Content/gltf/MaterialFunctions/MF_SpecularAnisotropy.uasset" 3982
"../../../Engine/Plugins/Interchange/Assets/Content/Utilities/New_LUT.uasset" 3983
"../../../Engine/Content/Functions/Engine_MaterialFunctions03/Math/RemapValueRange.uasset" 3984
"../../../Engine/Content/Functions/Engine_MaterialFunctions01/Texturing/FlattenNormal.uasset" 3985
"../../../Engine/Plugins/Interchange/Assets/Content/gltf/M_ClearCoat.uasset" 3986
"../../../Engine/Plugins/Interchange/Assets/Content/Functions/MF_Iridescence.uasset" 3987
"../../../Engine/Plugins/Interchange/Assets/Content/gltf/MaterialInstances/MI_ClearCoat_Blend.uasset" 3988
"../../../Engine/Plugins/Interchange/Assets/Content/gltf/Textures/T_White_Linear.uasset" 3989
"../../../Engine/Plugins/Interchange/Assets/Content/gltf/MaterialInstances/MI_ClearCoat_Opaque.uasset" 3990
"../../../Engine/Plugins/Interchange/Assets/Content/gltf/MaterialInstances/MI_ClearCoat_Mask.uasset" 3991
"../../../Engine/Plugins/Interchange/Assets/Content/gltf/MaterialInstances/MI_ClearCoat_Mask_DS.uasset" 3992
"../../../Engine/Plugins/Interchange/Assets/Content/gltf/MaterialInstances/MI_ClearCoat_Opaque_DS.uasset" 3993
"../../../Engine/Plugins/Interchange/Assets/Content/gltf/MaterialInstances/MI_ClearCoat_Blend_DS.uasset" 3994
"../../../Engine/Plugins/Interchange/Assets/Content/gltf/MaterialBodies/MF_Default_Body.uasset" 3995
"/InterchangeAssets/gltf/MaterialBodies/MF_Default_Body" 3996
"/InterchangeAssets/gltf/MaterialInstances/MI_ClearCoat_Blend_DS" 3997
"/InterchangeAssets/gltf/MaterialInstances/MI_ClearCoat_Mask_DS" 3998
"/InterchangeAssets/gltf/MaterialInstances/MI_ClearCoat_Opaque_DS" 3999
"/InterchangeAssets/gltf/MaterialInstances/MI_ClearCoat_Blend" 4000
"/InterchangeAssets/gltf/MaterialInstances/MI_ClearCoat_Opaque" 4001
"/InterchangeAssets/gltf/MaterialInstances/MI_ClearCoat_Mask" 4002
"../../../Engine/Plugins/Interchange/Assets/Content/gltf/MaterialInstances/MI_Default_Mask.uasset" 4003
"../../../Engine/Plugins/Interchange/Assets/Content/gltf/MaterialFunctions/MF_Transmission.uasset" 4004
"../../../Engine/Plugins/Interchange/Assets/Content/gltf/MaterialInstances/MI_Sheen_Mask.uasset" 4005
"../../../Engine/Plugins/Interchange/Assets/Content/gltf/MaterialInstances/MI_Default_Blend.uasset" 4006
"../../../Engine/Plugins/Interchange/Assets/Content/gltf/MaterialInstances/MI_Default_Opaque_DS.uasset" 4007
"../../../Engine/Plugins/Interchange/Assets/Content/gltf/MaterialFunctions/MF_Sheen.uasset" 4008
"../../../Engine/Plugins/Interchange/Assets/Content/gltf/MaterialInstances/MI_Sheen_Opaque_DS.uasset" 4009
"../../../Engine/Plugins/Interchange/Assets/Content/gltf/MaterialInstances/MI_Default_Blend_DS.uasset" 4010
"../../../Engine/Plugins/Interchange/Assets/Content/gltf/MaterialFunctions/MF_Temporal_Blur.uasset" 4011
"../../../Engine/Plugins/Interchange/Assets/Content/gltf/MaterialInstances/MI_Sheen_Blend_DS.uasset" 4012
"../../../Engine/Plugins/Interchange/Assets/Content/gltf/MaterialInstances/MI_Default_Mask_DS.uasset" 4013
"../../../Engine/Plugins/Interchange/Assets/Content/gltf/MaterialInstances/MI_Sheen_Blend.uasset" 4014
"../../../Engine/Plugins/Interchange/Assets/Content/gltf/MaterialInstances/MI_Sheen_Mask_DS.uasset" 4015
"../../../Engine/Plugins/Interchange/Assets/Content/gltf/MaterialInstances/MI_Default_Opaque.uasset" 4016
"../../../Engine/Plugins/Interchange/Assets/Content/gltf/M_Default.uasset" 4017
"../../../Engine/Plugins/Interchange/Assets/Content/gltf/MaterialInstances/MI_Sheen_Opaque.uasset" 4018
"../../../Engine/Plugins/Interchange/Assets/Content/gltf/M_Sheen.uasset" 4019
"../../../Engine/Plugins/Interchange/Assets/Content/gltf/MaterialFunctions/MF_Fresnel_DS.uasset" 4020
"../../../Engine/Plugins/Interchange/Assets/Content/gltf/MaterialFunctions/MF_PerceivedBrightness.uasset" 4021
"../../../Engine/Content/Functions/Engine_MaterialFunctions02/Math/AddComponents.uasset" 4022
"../../../Engine/Plugins/Interchange/Assets/Content/gltf/M_Transmission.uasset" 4023
"../../../Engine/Plugins/Interchange/Assets/Content/gltf/MaterialBodies/MF_SpecularGlossiness_Body.uasset" 4024
"../../../Engine/Plugins/Interchange/Assets/Content/gltf/MaterialInstances/MI_Transmission_DS.uasset" 4025
"../../../Engine/Plugins/Interchange/Assets/Content/gltf/MaterialFunctions/MF_MaxComponentValue.uasset" 4026
"../../../Engine/Plugins/Interchange/Assets/Content/gltf/MaterialInstances/MI_Transmission.uasset" 4027
"../../../Engine/Plugins/Interchange/Assets/Content/gltf/MaterialFunctions/MF_SpecGlossToMetalRoughness.uasset" 4028
"../../../Engine/Plugins/Interchange/Assets/Content/gltf/MaterialFunctions/MF_DiffuseSpecGloss.uasset" 4029
"../../../Engine/Plugins/Interchange/Assets/Content/gltf/MaterialBodies/MF_Sheen_Body.uasset" 4030
"../../../Engine/Content/Functions/Engine_MaterialFunctions02/Texturing/ScreenAlignedPixelToPixelUVs.uasset" 4031
"../../../Engine/Plugins/Interchange/Assets/Content/gltf/MaterialBodies/MF_Transmission_Body.uasset" 4032
"../../../Engine/Plugins/Interchange/Assets/Content/gltf/MaterialInstances/MI_SpecularGlossiness_Opaque.uasset" 4033
"../../../Engine/Plugins/Interchange/Assets/Content/gltf/M_SpecularGlossiness.uasset" 4034
"../../../Engine/Plugins/Interchange/Assets/Shaders/ThinFilmFunctions.usf" 4035
"/InterchangeAssets/gltf/MaterialInstances/MI_SpecularGlossiness_Opaque" 4036
"/InterchangeAssets/gltf/MaterialInstances/MI_Transmission_DS" 4037
"/InterchangeAssets/gltf/MaterialInstances/MI_Transmission" 4038
"/InterchangeAssets/gltf/MaterialInstances/MI_Sheen_Blend_DS" 4039
"/InterchangeAssets/gltf/MaterialInstances/MI_Sheen_Mask_DS" 4040
"/InterchangeAssets/gltf/MaterialInstances/MI_Sheen_Opaque_DS" 4041
"/InterchangeAssets/gltf/MaterialInstances/MI_Sheen_Blend" 4042
"/InterchangeAssets/gltf/MaterialInstances/MI_Sheen_Mask" 4043
"/InterchangeAssets/gltf/MaterialInstances/MI_Sheen_Opaque" 4044
"/InterchangeAssets/gltf/MaterialInstances/MI_Default_Blend_DS" 4045
"/InterchangeAssets/gltf/MaterialInstances/MI_Default_Mask_DS" 4046
"/InterchangeAssets/gltf/MaterialInstances/MI_Default_Opaque_DS" 4047
"/InterchangeAssets/gltf/MaterialInstances/MI_Default_Blend" 4048
"/InterchangeAssets/gltf/MaterialInstances/MI_Default_Mask" 4049
"/InterchangeAssets/gltf/MaterialInstances/MI_Default_Opaque" 4050
"../../../Engine/Plugins/Interchange/Assets/Content/gltf/MaterialInstances/MI_SpecularGlossiness_Blend.uasset" 4051
"../../../Engine/Plugins/Interchange/Assets/Content/gltf/MaterialInstances/MI_SpecularGlossiness_Mask_DS.uasset" 4052
"../../../Engine/Plugins/Interchange/Assets/Content/gltf/MaterialInstances/MI_SpecularGlossiness_Mask.uasset" 4053
"../../../Engine/Content/Functions/Engine_MaterialFunctions03/Blends/Blend_Overlay.uasset" 4054
"../../../Engine/Content/OpenWorldTemplate/LandscapeMaterial/T_GridChecker_A.uasset" 4055
"../../../Engine/Content/OpenWorldTemplate/LandscapeMaterial/MF_ProcGrid.uasset" 4056
"../../../Engine/Content/OpenWorldTemplate/LandscapeMaterial/M_ProcGrid.uasset" 4057
"../../../Engine/Content/EngineSky/VolumetricClouds/VT_PerlinWorley_Balanced.uasset" 4058
"../../../Engine/Content/OpenWorldTemplate/LandscapeMaterial/MI_ProcGrid.uasset" 4059
"../../../Engine/Content/EngineSky/VolumetricClouds/T_CloudPattern.uasset" 4060
"../../../Engine/Content/EngineSky/VolumetricClouds/T_CloudMask.uasset" 4061
"../../../Engine/Content/Functions/Engine_MaterialFunctions01/Units/Km-to-Cm.uasset" 4062
"../../../Engine/Content/EngineSky/VolumetricClouds/T_Profile_08.uasset" 4063
"../../../Engine/Plugins/Interchange/Assets/Content/gltf/MaterialInstances/MI_SpecularGlossiness_Opaque_DS.uasset" 4064
"../../../Engine/Content/EngineSky/VolumetricClouds/VT_Lightning.uasset" 4065
"../../../Engine/Content/Functions/Engine_MaterialFunctions02/Utility/BreakOutFloat4Components.uasset" 4066
"../../../Engine/Content/Functions/Engine_MaterialFunctions02/Utility/MakeFloat4.uasset" 4067
"../../../Engine/Content/EngineSky/VolumetricClouds/m_SimpleVolumetricCloud.uasset" 4068
"../../../Engine/Content/EngineSky/VolumetricClouds/m_SimpleVolumetricCloud_Inst.uasset" 4069
"../../../Engine/Content/MapTemplates/SM_Template_Map_Floor.uasset" 4070
"../../../Engine/Content/EngineSky/M_SimpleSkyDome.uasset" 4071
"../../../Engine/Content/EngineSky/T_Sky_Stars.uasset" 4072
"../../../Engine/Content/EngineSky/T_Sky_Clouds_M.uasset" 4073
"../../../Engine/Content/EngineSky/T_Sky_Blue.uasset" 4074
"../../../Engine/Content/EngineSky/M_Sky_Panning_Clouds2.uasset" 4075
"../../../Engine/Content/EngineSky/SM_SkySphere.uasset" 4076
"../../../Engine/Plugins/Interchange/Assets/Content/gltf/MaterialInstances/MI_SpecularGlossiness_Blend_DS.uasset" 4077
"../../../Engine/Plugins/Interchange/Assets/Content/gltf/MaterialInstances/MI_Unlit_Mask.uasset" 4078
"../../../Engine/Plugins/Interchange/Assets/Content/gltf/MaterialBodies/MF_Unlit_Body.uasset" 4079
"../../../Engine/Plugins/Interchange/Assets/Content/gltf/MaterialInstances/MI_Unlit_Opaque.uasset" 4080
"../../../Engine/Plugins/Interchange/Assets/Content/gltf/M_Unlit.uasset" 4081
"/InterchangeAssets/gltf/MaterialInstances/MI_Unlit_Mask" 4082
"/InterchangeAssets/gltf/MaterialInstances/MI_Unlit_Opaque" 4083
"/Game/StartMa" 4084
"C:/Users/user/AppData/Local/UnrealEngine/Common/DerivedDataCache/Buckets/BulkDataList/dc/5e/b5c84ea32cddddedfb2f6c4475a49b16e744.udd" 4085
"C:/Users/user/AppData/Local/UnrealEngine/Common/DerivedDataCache/Buckets/BulkDataList/a1/c1/f6fa814ded9a3c003bcf17b1e86e2cbd31fc.udd" 4086
"C:/Users/user/AppData/Local/UnrealEngine/Common/DerivedDataCache/Buckets/BulkDataList/3e/95/fb52715bd9cf4db0f2db33e3ce7eb5e7db00.udd" 4087
"C:/Users/user/AppData/Local/UnrealEngine/Common/DerivedDataCache/Buckets/BulkDataList/32/c5/a19d7d7776a4097ebbb53904d7cbbebf5cb0.udd" 4088
"C:/Users/user/AppData/Local/UnrealEngine/Common/DerivedDataCache/Buckets/BulkDataList/fa/a7/f56d2f7c7831066388acb1aeb0dd48732629.udd" 4089
"C:/Users/user/AppData/Local/UnrealEngine/Common/DerivedDataCache/Buckets/BulkDataList/8a/00/1628cde620348a5ffef1f96fbcf228802112.udd" 4090
"C:/Users/user/AppData/Local/UnrealEngine/Common/DerivedDataCache/Buckets/BulkDataList/5b/68/8c202366a0b932f5b2dbbe673b1ed2c9b892.udd" 4091
"C:/Users/user/AppData/Local/UnrealEngine/Common/DerivedDataCache/Buckets/BulkDataList/fc/3c/5bfc8d37ab07a965cc1fa2fb3c0cd0c6d1f1.udd" 4092
"C:/Users/user/AppData/Local/UnrealEngine/Common/DerivedDataCache/Buckets/BulkDataList/60/4b/82842bfdaeacfadf7c6101092066aace8eab.udd" 4093
"../../../../../../Workspace/khj/Wanted5th/Part4/UnrealBuildSystem/Content/StartMa.umap" 4094
"/Engine/EditorResources/EmptyActor" 4095
"../../../Engine/Content/EditorResources/EmptyActor.uasset" 4096
"/InterchangeAssets/gltf/MaterialInstances/MI_SpecularGlossiness_Blend_DS" 4097
"/InterchangeAssets/gltf/MaterialInstances/MI_SpecularGlossiness_Mask_DS" 4098
"/InterchangeAssets/gltf/MaterialInstances/MI_SpecularGlossiness_Opaque_DS" 4099
"/InterchangeAssets/gltf/MaterialInstances/MI_SpecularGlossiness_Blend" 4100
"/InterchangeAssets/gltf/MaterialInstances/MI_SpecularGlossiness_Mask" 4101
"../../../Engine/Plugins/Animation/DeformerGraph/Shaders/Private/DataInterfaceCustomComputeKernel.ush" 4102
"../../../Engine/Plugins/Animation/DeformerGraph/Shaders/Private/DataInterfaceCloth.ush" 4103
"../../../Engine/Plugins/Animation/DeformerGraph/Shaders/Private/DataInterfaceSkinnedMeshRead.ush" 4104
"../../../Engine/Plugins/Interchange/Assets/Content/gltf/MaterialInstances/MI_Unlit_Blend_DS.uasset" 4105
"../../../Engine/Plugins/Interchange/Assets/Content/gltf/MaterialInstances/MI_Unlit_Blend.uasset" 4106
"../../../Engine/Plugins/Interchange/Assets/Content/gltf/MaterialInstances/MI_Unlit_Opaque_DS.uasset" 4107
"../../../Engine/Plugins/Animation/DeformerGraph/Shaders/Private/DataInterfaceSkeleton.ush" 4108
"../../../Engine/Content/Functions/Engine_MaterialFunctions01/Volumetrics/BeersLaw.uasset" 4109
"../../../Engine/Plugins/Interchange/Assets/Content/gltf/Substrate/M_GLTF.uasset" 4110
"../../../Engine/Plugins/Interchange/Assets/Content/Functions/MF_OrenNayerView.uasset" 4111
"../../../Engine/Plugins/Interchange/Assets/Content/Functions/MX_TransmissionSurface.uasset" 4112
"../../../Engine/Plugins/Interchange/Assets/Content/Functions/MX_Transmission.uasset" 4113
"../../../Engine/Plugins/Interchange/Assets/Content/gltf/Substrate/MF_GLTFPBR.uasset" 4114
"../../../Engine/Plugins/Interchange/Assets/Content/Functions/MX_OpenPBR_Opaque.uasset" 4115
"../../../Engine/Plugins/Interchange/Assets/Content/Functions/MX_StandardSurface.uasset" 4116
"../../../Engine/Plugins/Animation/ControlRig/Content/Controls/ControlRig_Sphere_solid.uasset" 4117
"../../../Engine/Plugins/Interchange/Assets/Content/Functions/MX_OpenPBR_Translucent.uasset" 4118
"../../../Engine/Plugins/Animation/DeformerGraph/Shaders/Private/DataInterfaceSkeletonCommon.ush" 4119
"../../../Engine/Plugins/Animation/ControlRig/Content/Controls/ControlRig_Arrow4_1mm.uasset" 4120
"../../../Engine/Plugins/Animation/ControlRig/Content/Controls/ControlRig_Arrow2_solid.uasset" 4121
"../../../Engine/Plugins/Animation/ControlRig/Content/Controls/ControlRig_Arrow4_3mm.uasset" 4122
"../../../Engine/Plugins/Animation/ControlRig/Content/Controls/ControlRig_Arrow2_3mm.uasset" 4123
"../../../Engine/Plugins/Animation/ControlRig/Content/Controls/ControlRig_Arrow_3mm.uasset" 4124
"../../../Engine/Plugins/Animation/ControlRig/Content/Controls/ControlRig_Box_1mm.uasset" 4125
"../../../Engine/Plugins/Animation/ControlRig/Content/Controls/ControlRig_Box_3mm.uasset" 4126
"../../../Engine/Plugins/Animation/ControlRig/Content/Controls/ControlRig_Arrow2_1mm.uasset" 4127
"../../../Engine/Plugins/Animation/ControlRig/Content/Controls/ControlRig_Box_solid.uasset" 4128
"../../../Engine/Plugins/Animation/ControlRig/Content/Controls/ControlRig_Circle_solid.uasset" 4129
"../../../Engine/Content/Functions/Substrate/MF_SchlickInternal.uasset" 4130
"../../../Engine/Plugins/Animation/ControlRig/Content/Controls/ControlRig_Arrow_1mm.uasset" 4131
"../../../Engine/Content/Functions/Substrate/Substrate-IOR-To-F0.uasset" 4132
"../../../Engine/Plugins/Interchange/Assets/Content/gltf/MaterialInstances/MI_Unlit_Mask_DS.uasset" 4133
"../../../Engine/Plugins/Animation/DeformerGraph/Shaders/Private/DataInterfaceMorphTarget.ush" 4134
"../../../Engine/Plugins/Animation/ControlRig/Content/Controls/ControlRig_Circle_1mm.uasset" 4135
"../../../Engine/Plugins/Animation/ControlRig/Content/Controls/ControlRig_Arrow4_solid.uasset" 4136
"C:/Users/user/AppData/Local/UnrealEngine/Common/DerivedDataCache/Buckets/BulkDataList/7b/5c/72fd0b44bb1531c79fee12065e861b2a93e0.udd" 4137
"../../../Engine/Plugins/Animation/ControlRig/Content/Controls/ControlRig_Diamond_1mm.uasset" 4138
"../../../Engine/Plugins/Animation/ControlRig/Content/Controls/ControlRig_Arrow_solid.uasset" 4139
"../../../Engine/Plugins/Animation/ControlRig/Content/Controls/ControlRig_Circle_3mm.uasset" 4140
"../../../Engine/Plugins/Animation/DeformerGraph/Shaders/Private/DataInterfaceSkinnedMeshWrite.ush" 4141
"C:/Users/user/AppData/Local/UnrealEngine/Common/DerivedDataCache/Buckets/MaterialShaderMap/2f/c7/c734f6bb29772dd3b3c29b59e0d931c4621d.udd" 4142
"../../../Engine/Plugins/Animation/DeformerGraph/Shaders/Private/DataInterfaceRawBuffer.ush" 4143
"../../../Engine/Plugins/Runtime/ComputeFramework/Shaders/Private/BufferAlias.ush" 4144
"../../../Engine/Plugins/Animation/DeformerGraph/Shaders/Private/DataInterfaceSkinnedMesh.ush" 4145
"../../../Engine/Plugins/Animation/DeformerGraph/Shaders/Private/DataInterfaceHalfEdge.ush" 4146
"/ControlRig/Controls/ControlRig_Diamond_1mm" 4147
"/ControlRig/Controls/ControlRig_Circle_solid" 4148
"/ControlRig/Controls/ControlRig_Circle_3mm" 4149
"/ControlRig/Controls/ControlRig_Circle_1mm" 4150
"/ControlRig/Controls/ControlRig_Box_solid" 4151
"/ControlRig/Controls/ControlRig_Box_3mm" 4152
"/ControlRig/Controls/ControlRig_Box_1mm" 4153
"/ControlRig/Controls/ControlRig_Arrow_solid" 4154
"/ControlRig/Controls/ControlRig_Arrow_3mm" 4155
"/ControlRig/Controls/ControlRig_Arrow_1mm" 4156
"/ControlRig/Controls/ControlRig_Arrow4_solid" 4157
"/ControlRig/Controls/ControlRig_Arrow4_3mm" 4158
"/ControlRig/Controls/ControlRig_Arrow4_1mm" 4159
"/ControlRig/Controls/ControlRig_Arrow2_solid" 4160
"/ControlRig/Controls/ControlRig_Arrow2_3mm" 4161
"/ControlRig/Controls/ControlRig_Arrow2_1mm" 4162
"/ControlRig/Controls/ControlRig_Sphere_solid" 4163
"/InterchangeAssets/Functions/MX_OpenPBR_Opaque" 4164
"/InterchangeAssets/Functions/MX_OpenPBR_Translucent" 4165
"/InterchangeAssets/gltf/Substrate/M_GLTF" 4166
"/InterchangeAssets/gltf/MaterialInstances/MI_Unlit_Blend_DS" 4167
"/InterchangeAssets/gltf/MaterialInstances/MI_Unlit_Mask_DS" 4168
"/InterchangeAssets/gltf/MaterialInstances/MI_Unlit_Opaque_DS" 4169
"/InterchangeAssets/gltf/MaterialInstances/MI_Unlit_Blend" 4170
"../../../Engine/Plugins/Animation/ControlRig/Content/Controls/ControlRig_Diamond_solid.uasset" 4171
"../../../Engine/Plugins/Animation/ControlRig/Content/Controls/ControlRig_HalfCircle_1mm.uasset" 4172
"../../../Engine/Plugins/Animation/ControlRig/Content/Controls/ControlRig_Diamond_3mm.uasset" 4173
"/ControlRig/Controls/ControlRig_HalfCircle_1mm" 4174
"/ControlRig/Controls/ControlRig_Diamond_solid" 4175
"../../../Engine/Plugins/Animation/ControlRig/Content/Controls/ControlRig_Octagon_3mm.uasset" 4176
"/ControlRig/Controls/ControlRig_Diamond_3mm" 4177
"../../../Engine/Plugins/Animation/ControlRig/Content/Controls/ControlRig_Pyramid_1mm.uasset" 4178
"../../../Engine/Plugins/Animation/ControlRig/Content/Controls/ControlRig_Octagon_solid.uasset" 4179
"../../../Engine/Plugins/Animation/ControlRig/Content/Controls/ControlRig_QuarterCircle_solid.uasset" 4180
"/ControlRig/Controls/ControlRig_QuarterCircle_solid" 4181
"../../../Engine/Plugins/Animation/ControlRig/Content/Controls/ControlRig_QuarterCircle_1mm.uasset" 4182
"../../../Engine/Plugins/Animation/ControlRig/Content/Controls/ControlRig_Hexagon_3mm.uasset" 4183
"/ControlRig/Controls/ControlRig_Pyramid_1mm" 4184
"../../../Engine/Plugins/Animation/ControlRig/Content/Controls/ControlRig_Hexagon_1mm.uasset" 4185
"../../../Engine/Plugins/Animation/ControlRig/Content/Controls/ControlRig_HalfCircle_solid.uasset" 4186
"../../../Engine/Plugins/Animation/ControlRig/Content/Controls/ControlRig_HalfCircle_3mm.uasset" 4187
"/ControlRig/Controls/ControlRig_Octagon_solid" 4188
"../../../Engine/Plugins/Animation/ControlRig/Content/Controls/ControlRig_RoundedSquare_solid.uasset" 4189
"../../../Engine/Plugins/Animation/ControlRig/Content/Controls/ControlRig_Octagon_1mm.uasset" 4190
"/ControlRig/Controls/ControlRig_Octagon_3mm" 4191
"../../../Engine/Plugins/Animation/ControlRig/Content/Controls/ControlRig_RoundedTriangle_3mm.uasset" 4192
"/ControlRig/Controls/ControlRig_RoundedTriangle_3mm" 4193
"/ControlRig/Controls/ControlRig_RoundedSquare_solid" 4194
"../../../Engine/Plugins/Animation/ControlRig/Content/Controls/ControlRig_RoundedTriangle_1mm.uasset" 4195
"../../../Engine/Plugins/Animation/ControlRig/Content/Controls/ControlRig_Hexagon_solid.uasset" 4196
"/ControlRig/Controls/ControlRig_QuarterCircle_1mm" 4197
"/ControlRig/Controls/ControlRig_Octagon_1mm" 4198
"../../../Engine/Plugins/Animation/ControlRig/Content/Controls/ControlRig_RoundedSquare_1mm.uasset" 4199
"/ControlRig/Controls/ControlRig_Hexagon_3mm" 4200
"/ControlRig/Controls/ControlRig_Hexagon_1mm" 4201
"/ControlRig/Controls/ControlRig_HalfCircle_solid" 4202
"/ControlRig/Controls/ControlRig_HalfCircle_3mm" 4203
"/ControlRig/Controls/ControlRig_RoundedTriangle_1mm" 4204
"/ControlRig/Controls/ControlRig_RoundedSquare_1mm" 4205
"/ControlRig/Controls/ControlRig_Hexagon_solid" 4206
"../../../Engine/Plugins/Animation/ControlRig/Content/Controls/ControlRig_Pyramid_3mm.uasset" 4207
"../../../Engine/Plugins/Animation/ControlRig/Content/Controls/ControlRig_QuarterCircle_3mm.uasset" 4208
"../../../Engine/Plugins/Animation/ControlRig/Content/Controls/ControlRig_Pyramid_solid.uasset" 4209
"/ControlRig/Controls/ControlRig_QuarterCircle_3mm" 4210
"../../../Engine/Plugins/Animation/ControlRig/Content/Controls/ControlRig_RoundedSquare_3mm.uasset" 4211
"/ControlRig/Controls/ControlRig_Pyramid_solid" 4212
"/ControlRig/Controls/ControlRig_Pyramid_3mm" 4213
"/ControlRig/Controls/ControlRig_RoundedSquare_3mm" 4214
"../../../Engine/Content/Maps/Entry.umap" 4215
"../../../Engine/Content/EditorMaterials/PreviewShadowIndicator.uasset" 4216
"../../../Engine/Content/EditorMaterials/PreviewShadowIndicatorMaterial.uasset" 4217
"/Engine/EditorMaterials/PreviewShadowIndicatorMaterial" 4218
"../../../Engine/Plugins/Animation/ControlRig/Content/Controls/ControlRig_Wedge_1mm.uasset" 4219
"../../../Engine/Plugins/Animation/ControlRig/Content/Controls/ControlRig_Triangle_solid.uasset" 4220
"../../../Engine/Plugins/Animation/ControlRig/Content/Controls/ControlRig_Wedge_3mm.uasset" 4221
"../../../Engine/Plugins/Animation/ControlRig/Content/Controls/ControlRig_Triangle_3mm.uasset" 4222
"../../../Engine/Content/EngineMaterials/Substrate/GLints/dict_16_192_64_0p5_0p02_0063_0013.uasset" 4223
"../../../Engine/Content/EngineMaterials/Substrate/GLints/dict_16_192_64_0p5_0p02_0063_0015.uasset" 4224
"../../../Engine/Plugins/Animation/ControlRig/Content/Controls/ControlRig_Wedge_solid.uasset" 4225
"../../../Engine/Content/EngineMaterials/Substrate/GLints/dict_16_192_64_0p5_0p02_0063_0012.uasset" 4226
"../../../Engine/Content/Maps/Entry_BuiltData.uasset" 4227
"../../../Engine/Content/EngineMaterials/Substrate/GLints/dict_16_192_64_0p5_0p02_0063_0014.uasset" 4228
"/Engine/Maps/Entry" 4229
"../../../Engine/Content/EngineMaterials/Substrate/GLints/dict_16_192_64_0p5_0p02_0063_0010.uasset" 4230
"../../../Engine/Content/EngineMaterials/Substrate/GLints/dict_16_192_64_0p5_0p02_0063_0006.uasset" 4231
"../../../Engine/Content/EngineMaterials/Substrate/GLints/dict_16_192_64_0p5_0p02_0063_0008.uasset" 4232
"../../../Engine/Content/EngineMaterials/Substrate/GLints/dict_16_192_64_0p5_0p02_0063_0007.uasset" 4233
"../../../Engine/Content/EngineMaterials/Substrate/GLints/dict_16_192_64_0p5_0p02_0063_0009.uasset" 4234
"/Engine/EngineMaterials/Substrate/GLints/dict_16_192_64_0p5_0p02_0063_0012" 4235
"../../../Engine/Content/EngineMaterials/Substrate/GLints/dict_16_192_64_0p5_0p02_0063_0005.uasset" 4236
"../../../Engine/Content/EngineMaterials/Substrate/GLints/dict_16_192_64_0p5_0p02_0063_0003.uasset" 4237
"../../../Engine/Content/EngineMaterials/Substrate/GLints/dict_16_192_64_0p5_0p02_0063_0001.uasset" 4238
"/ControlRig/Controls/ControlRig_Wedge_solid" 4239
"../../../Engine/Content/EngineMaterials/Substrate/GLints/dict_16_192_64_0p5_0p02_0063_0004.uasset" 4240
"/ControlRig/Controls/ControlRig_Wedge_3mm" 4241
"../../../Engine/Content/EngineMaterials/Substrate/GLints/dict_16_192_64_0p5_0p02_0063_0002.uasset" 4242
"/Engine/EngineMaterials/Substrate/GLints/dict_16_192_64_0p5_0p02_0063_0013" 4243
"/Engine/EngineMaterials/Substrate/GLints/dict_16_192_64_0p5_0p02_0063_0014" 4244
"/Engine/EngineMaterials/Substrate/GLints/dict_16_192_64_0p5_0p02_0063_0015" 4245
"/ControlRig/Controls/ControlRig_Wedge_1mm" 4246
"/ControlRig/Controls/ControlRig_Triangle_solid" 4247
"/ControlRig/Controls/ControlRig_Triangle_3mm" 4248
"/Engine/EngineMaterials/Substrate/GLints/dict_16_192_64_0p5_0p02_0063_0010" 4249
"/Engine/EngineMaterials/Substrate/GLints/dict_16_192_64_0p5_0p02_0063_0007" 4250
"/Engine/EngineMaterials/Substrate/GLints/dict_16_192_64_0p5_0p02_0063_0003" 4251
"/Engine/EngineMaterials/Substrate/GLints/dict_16_192_64_0p5_0p02_0063_0008" 4252
"/Engine/EngineMaterials/Substrate/GLints/dict_16_192_64_0p5_0p02_0063_0004" 4253
"/Engine/EngineMaterials/Substrate/GLints/dict_16_192_64_0p5_0p02_0063_0005" 4254
"/Engine/EngineMaterials/Substrate/GLints/dict_16_192_64_0p5_0p02_0063_0006" 4255
"/Engine/EngineMaterials/Substrate/GLints/dict_16_192_64_0p5_0p02_0063_0009" 4256
"/Engine/EngineMaterials/Substrate/GLints/dict_16_192_64_0p5_0p02_0063_0001" 4257
"../../../Engine/Content/EngineMaterials/Substrate/GLints/dict_16_192_64_0p5_0p02_0062_0014.uasset" 4258
"../../../Engine/Content/EngineMaterials/Substrate/GLints/dict_16_192_64_0p5_0p02_0062_0015.uasset" 4259
"../../../Engine/Content/EngineMaterials/Substrate/GLints/dict_16_192_64_0p5_0p02_0062_0013.uasset" 4260
"../../../Engine/Content/EngineMaterials/Substrate/GLints/dict_16_192_64_0p5_0p02_0062_0010.uasset" 4261
"/Engine/EngineMaterials/Substrate/GLints/dict_16_192_64_0p5_0p02_0063_0002" 4262
"../../../Engine/Content/EngineMaterials/Substrate/GLints/dict_16_192_64_0p5_0p02_0063_0000.uasset" 4263
"../../../Engine/Content/EngineMaterials/Substrate/GLints/dict_16_192_64_0p5_0p02_0062_0008.uasset" 4264
"/Engine/EngineMaterials/Substrate/GLints/dict_16_192_64_0p5_0p02_0062_0010" 4265
"/Engine/EngineMaterials/Substrate/GLints/dict_16_192_64_0p5_0p02_0062_0013" 4266
"/Engine/EngineMaterials/Substrate/GLints/dict_16_192_64_0p5_0p02_0062_0014" 4267
"../../../Engine/Content/EngineMaterials/Substrate/GLints/dict_16_192_64_0p5_0p02_0062_0006.uasset" 4268
"/Engine/EngineMaterials/Substrate/GLints/dict_16_192_64_0p5_0p02_0062_0015" 4269
"../../../Engine/Content/EngineMaterials/Substrate/GLints/dict_16_192_64_0p5_0p02_0062_0011.uasset" 4270
"/Engine/EngineMaterials/Substrate/GLints/dict_16_192_64_0p5_0p02_0063_0000" 4271
"/Engine/EngineMaterials/Substrate/GLints/dict_16_192_64_0p5_0p02_0062_0006" 4272
"/Engine/EngineMaterials/Substrate/GLints/dict_16_192_64_0p5_0p02_0062_0008" 4273
"/Engine/EngineMaterials/Substrate/GLints/dict_16_192_64_0p5_0p02_0062_0011" 4274
"../../../Engine/Content/EngineMaterials/Substrate/GLints/dict_16_192_64_0p5_0p02_0062_0003.uasset" 4275
"../../../Engine/Content/EngineMaterials/Substrate/GLints/dict_16_192_64_0p5_0p02_0062_0004.uasset" 4276
"../../../Engine/Content/EngineMaterials/Substrate/GLints/dict_16_192_64_0p5_0p02_0062_0005.uasset" 4277
"../../../Engine/Content/EngineMaterials/Substrate/GLints/dict_16_192_64_0p5_0p02_0062_0007.uasset" 4278
"../../../Engine/Content/EngineMaterials/Substrate/GLints/dict_16_192_64_0p5_0p02_0063_0011.uasset" 4279
"../../../Engine/Content/EngineMaterials/Substrate/GLints/dict_16_192_64_0p5_0p02_0062_0012.uasset" 4280
"../../../Engine/Content/EngineMaterials/Substrate/GLints/dict_16_192_64_0p5_0p02_0062_0000.uasset" 4281
"../../../Engine/Content/EngineMaterials/Substrate/GLints/dict_16_192_64_0p5_0p02_0062_0009.uasset" 4282
"../../../Engine/Content/EngineMaterials/Substrate/GLints/dict_16_192_64_0p5_0p02_0062_0001.uasset" 4283
"../../../Engine/Content/EngineMaterials/Substrate/GLints/dict_16_192_64_0p5_0p02_0061_0013.uasset" 4284
"../../../Engine/Content/EngineMaterials/Substrate/GLints/dict_16_192_64_0p5_0p02_0061_0008.uasset" 4285
"../../../Engine/Content/EngineMaterials/Substrate/GLints/dict_16_192_64_0p5_0p02_0061_0014.uasset" 4286
"../../../Engine/Content/EngineMaterials/Substrate/GLints/dict_16_192_64_0p5_0p02_0061_0010.uasset" 4287
"../../../Engine/Content/EngineMaterials/Substrate/GLints/dict_16_192_64_0p5_0p02_0061_0005.uasset" 4288
"../../../Engine/Content/EngineMaterials/Substrate/GLints/dict_16_192_64_0p5_0p02_0061_0009.uasset" 4289
"../../../Engine/Content/EngineMaterials/Substrate/GLints/dict_16_192_64_0p5_0p02_0061_0007.uasset" 4290
"../../../Engine/Content/EngineMaterials/Substrate/GLints/dict_16_192_64_0p5_0p02_0061_0015.uasset" 4291
"../../../Engine/Content/EngineMaterials/Substrate/GLints/dict_16_192_64_0p5_0p02_0061_0006.uasset" 4292
"../../../Engine/Content/EngineMaterials/Substrate/GLints/dict_16_192_64_0p5_0p02_0062_0002.uasset" 4293
"../../../Engine/Content/EngineMaterials/Substrate/GLints/dict_16_192_64_0p5_0p02_0061_0011.uasset" 4294
"../../../Engine/Content/EngineMaterials/Substrate/GLints/dict_16_192_64_0p5_0p02_0061_0004.uasset" 4295
"../../../Engine/Content/EngineMaterials/Substrate/GLints/dict_16_192_64_0p5_0p02_0061_0012.uasset" 4296
"/Engine/EngineMaterials/Substrate/GLints/dict_16_192_64_0p5_0p02_0061_0012" 4297
"/Engine/EngineMaterials/Substrate/GLints/dict_16_192_64_0p5_0p02_0061_0013" 4298
"/Engine/EngineMaterials/Substrate/GLints/dict_16_192_64_0p5_0p02_0063_0011" 4299
"/Engine/EngineMaterials/Substrate/GLints/dict_16_192_64_0p5_0p02_0061_0014" 4300
"/Engine/EngineMaterials/Substrate/GLints/dict_16_192_64_0p5_0p02_0061_0015" 4301
"/Engine/EngineMaterials/Substrate/GLints/dict_16_192_64_0p5_0p02_0061_0004" 4302
"/Engine/EngineMaterials/Substrate/GLints/dict_16_192_64_0p5_0p02_0062_0000" 4303
"/Engine/EngineMaterials/Substrate/GLints/dict_16_192_64_0p5_0p02_0062_0007" 4304
"/Engine/EngineMaterials/Substrate/GLints/dict_16_192_64_0p5_0p02_0062_0001" 4305
"/Engine/EngineMaterials/Substrate/GLints/dict_16_192_64_0p5_0p02_0062_0002" 4306
"/Engine/EngineMaterials/Substrate/GLints/dict_16_192_64_0p5_0p02_0061_0005" 4307
"/Engine/EngineMaterials/Substrate/GLints/dict_16_192_64_0p5_0p02_0062_0009" 4308
"/Engine/EngineMaterials/Substrate/GLints/dict_16_192_64_0p5_0p02_0061_0007" 4309
"/Engine/EngineMaterials/Substrate/GLints/dict_16_192_64_0p5_0p02_0061_0006" 4310
"/Engine/EngineMaterials/Substrate/GLints/dict_16_192_64_0p5_0p02_0062_0003" 4311
"/Engine/EngineMaterials/Substrate/GLints/dict_16_192_64_0p5_0p02_0062_0012" 4312
"/Engine/EngineMaterials/Substrate/GLints/dict_16_192_64_0p5_0p02_0061_0008" 4313
"/Engine/EngineMaterials/Substrate/GLints/dict_16_192_64_0p5_0p02_0062_0004" 4314
"/Engine/EngineMaterials/Substrate/GLints/dict_16_192_64_0p5_0p02_0062_0005" 4315
"/Engine/EngineMaterials/Substrate/GLints/dict_16_192_64_0p5_0p02_0061_0009" 4316
"/Engine/EngineMaterials/Substrate/GLints/dict_16_192_64_0p5_0p02_0061_0010" 4317
"/Engine/EngineMaterials/Substrate/GLints/dict_16_192_64_0p5_0p02_0061_0011" 4318
"../../../Engine/Content/EngineMaterials/Substrate/GLints/dict_16_192_64_0p5_0p02_0061_0001.uasset" 4319
"../../../Engine/Content/EngineMaterials/Substrate/GLints/dict_16_192_64_0p5_0p02_0061_0002.uasset" 4320
"../../../Engine/Content/EngineMaterials/Substrate/GLints/dict_16_192_64_0p5_0p02_0060_0013.uasset" 4321
"../../../Engine/Content/EngineMaterials/Substrate/GLints/dict_16_192_64_0p5_0p02_0060_0015.uasset" 4322
"../../../Engine/Content/EngineMaterials/Substrate/GLints/dict_16_192_64_0p5_0p02_0061_0003.uasset" 4323
"../../../Engine/Content/EngineMaterials/Substrate/GLints/dict_16_192_64_0p5_0p02_0060_0012.uasset" 4324
"/Engine/EngineMaterials/Substrate/GLints/dict_16_192_64_0p5_0p02_0060_0012" 4325
"../../../Engine/Content/EngineMaterials/Substrate/GLints/dict_16_192_64_0p5_0p02_0060_0009.uasset" 4326
"/Engine/EngineMaterials/Substrate/GLints/dict_16_192_64_0p5_0p02_0060_0013" 4327
"/Engine/EngineMaterials/Substrate/GLints/dict_16_192_64_0p5_0p02_0060_0015" 4328
"../../../Engine/Content/EngineMaterials/Substrate/GLints/dict_16_192_64_0p5_0p02_0061_0000.uasset" 4329
"/Engine/EngineMaterials/Substrate/GLints/dict_16_192_64_0p5_0p02_0061_0001" 4330
"../../../Engine/Content/EngineMaterials/Substrate/GLints/dict_16_192_64_0p5_0p02_0060_0011.uasset" 4331
"../../../Engine/Content/EngineMaterials/Substrate/GLints/dict_16_192_64_0p5_0p02_0060_0007.uasset" 4332
"/Engine/EngineMaterials/Substrate/GLints/dict_16_192_64_0p5_0p02_0061_0002" 4333
"../../../Engine/Content/EngineMaterials/Substrate/GLints/dict_16_192_64_0p5_0p02_0060_0010.uasset" 4334
"/Engine/EngineMaterials/Substrate/GLints/dict_16_192_64_0p5_0p02_0061_0003" 4335
"../../../Engine/Content/EngineMaterials/Substrate/GLints/dict_16_192_64_0p5_0p02_0060_0014.uasset" 4336
"../../../Engine/Content/EngineMaterials/Substrate/GLints/dict_16_192_64_0p5_0p02_0060_0008.uasset" 4337
"/Engine/EngineMaterials/Substrate/GLints/dict_16_192_64_0p5_0p02_0060_0007" 4338
"/Engine/EngineMaterials/Substrate/GLints/dict_16_192_64_0p5_0p02_0060_0008" 4339
"../../../Engine/Content/EngineMaterials/Substrate/GLints/dict_16_192_64_0p5_0p02_0060_0006.uasset" 4340
"../../../Engine/Content/EngineMaterials/Substrate/GLints/dict_16_192_64_0p5_0p02_0060_0004.uasset" 4341
"/Engine/EngineMaterials/Substrate/GLints/dict_16_192_64_0p5_0p02_0060_0009" 4342
"../../../Engine/Content/EngineMaterials/Substrate/GLints/dict_16_192_64_0p5_0p02_0060_0001.uasset" 4343
"/Engine/EngineMaterials/Substrate/GLints/dict_16_192_64_0p5_0p02_0060_0010" 4344
"/Engine/EngineMaterials/Substrate/GLints/dict_16_192_64_0p5_0p02_0060_0011" 4345
"/Engine/EngineMaterials/Substrate/GLints/dict_16_192_64_0p5_0p02_0060_0014" 4346
"/Engine/EngineMaterials/Substrate/GLints/dict_16_192_64_0p5_0p02_0061_0000" 4347
"../../../Engine/Content/EngineMaterials/Substrate/GLints/dict_16_192_64_0p5_0p02_0059_0009.uasset" 4348
"../../../Engine/Content/EngineMaterials/Substrate/GLints/dict_16_192_64_0p5_0p02_0059_0014.uasset" 4349
"../../../Engine/Content/EngineMaterials/Substrate/GLints/dict_16_192_64_0p5_0p02_0060_0005.uasset" 4350
"/Engine/EngineMaterials/Substrate/GLints/dict_16_192_64_0p5_0p02_0059_0014" 4351
"../../../Engine/Content/EngineMaterials/Substrate/GLints/dict_16_192_64_0p5_0p02_0059_0012.uasset" 4352
"../../../Engine/Content/EngineMaterials/Substrate/GLints/dict_16_192_64_0p5_0p02_0059_0013.uasset" 4353
"../../../Engine/Content/EngineMaterials/Substrate/GLints/dict_16_192_64_0p5_0p02_0060_0000.uasset" 4354
"/Engine/EngineMaterials/Substrate/GLints/dict_16_192_64_0p5_0p02_0060_0001" 4355
"../../../Engine/Content/EngineMaterials/Substrate/GLints/dict_16_192_64_0p5_0p02_0060_0003.uasset" 4356
"/Engine/EngineMaterials/Substrate/GLints/dict_16_192_64_0p5_0p02_0060_0004" 4357
"/Engine/EngineMaterials/Substrate/GLints/dict_16_192_64_0p5_0p02_0060_0006" 4358
"../../../Engine/Content/EngineMaterials/Substrate/GLints/dict_16_192_64_0p5_0p02_0059_0011.uasset" 4359
"/Engine/EngineMaterials/Substrate/GLints/dict_16_192_64_0p5_0p02_0059_0009" 4360
"/Engine/EngineMaterials/Substrate/GLints/dict_16_192_64_0p5_0p02_0060_0000" 4361
"/Engine/EngineMaterials/Substrate/GLints/dict_16_192_64_0p5_0p02_0060_0003" 4362
"../../../Engine/Content/EngineMaterials/Substrate/GLints/dict_16_192_64_0p5_0p02_0060_0002.uasset" 4363
"/Engine/EngineMaterials/Substrate/GLints/dict_16_192_64_0p5_0p02_0060_0005" 4364
"/Engine/EngineMaterials/Substrate/GLints/dict_16_192_64_0p5_0p02_0059_0011" 4365
"/Engine/EngineMaterials/Substrate/GLints/dict_16_192_64_0p5_0p02_0059_0012" 4366
"/Engine/EngineMaterials/Substrate/GLints/dict_16_192_64_0p5_0p02_0059_0013" 4367
"../../../Engine/Content/EngineMaterials/Substrate/GLints/dict_16_192_64_0p5_0p02_0059_0005.uasset" 4368
"/Engine/EngineMaterials/Substrate/GLints/dict_16_192_64_0p5_0p02_0060_0002" 4369
"/Engine/EngineMaterials/Substrate/GLints/dict_16_192_64_0p5_0p02_0059_0005" 4370
"../../../Engine/Content/EngineMaterials/Substrate/GLints/dict_16_192_64_0p5_0p02_0059_0002.uasset" 4371
"../../../Engine/Content/EngineMaterials/Substrate/GLints/dict_16_192_64_0p5_0p02_0059_0006.uasset" 4372
"../../../Engine/Content/EngineMaterials/Substrate/GLints/dict_16_192_64_0p5_0p02_0059_0010.uasset" 4373
"../../../Engine/Content/EngineMaterials/Substrate/GLints/dict_16_192_64_0p5_0p02_0059_0015.uasset" 4374
"../../../Engine/Content/EngineMaterials/Substrate/GLints/dict_16_192_64_0p5_0p02_0059_0007.uasset" 4375
"../../../Engine/Content/EngineMaterials/Substrate/GLints/dict_16_192_64_0p5_0p02_0059_0004.uasset" 4376
"../../../Engine/Content/EngineMaterials/Substrate/GLints/dict_16_192_64_0p5_0p02_0059_0008.uasset" 4377
"../../../Engine/Content/EngineMaterials/Substrate/GLints/dict_16_192_64_0p5_0p02_0058_0015.uasset" 4378
"../../../Engine/Content/EngineMaterials/Substrate/GLints/dict_16_192_64_0p5_0p02_0058_0013.uasset" 4379
"/Engine/EngineMaterials/Substrate/GLints/dict_16_192_64_0p5_0p02_0059_0015" 4380
"../../../Engine/Content/EngineMaterials/Substrate/GLints/dict_16_192_64_0p5_0p02_0058_0012.uasset" 4381
"/Engine/EngineMaterials/Substrate/GLints/dict_16_192_64_0p5_0p02_0058_0013" 4382
"../../../Engine/Content/EngineMaterials/Substrate/GLints/dict_16_192_64_0p5_0p02_0059_0003.uasset" 4383
"../../../Engine/Content/EngineMaterials/Substrate/GLints/dict_16_192_64_0p5_0p02_0058_0006.uasset" 4384
"/Engine/EngineMaterials/Substrate/GLints/dict_16_192_64_0p5_0p02_0058_0015" 4385
"../../../Engine/Content/EngineMaterials/Substrate/GLints/dict_16_192_64_0p5_0p02_0059_0000.uasset" 4386
"/Engine/EngineMaterials/Substrate/GLints/dict_16_192_64_0p5_0p02_0059_0002" 4387
"/Engine/EngineMaterials/Substrate/GLints/dict_16_192_64_0p5_0p02_0059_0004" 4388
"/Engine/EngineMaterials/Substrate/GLints/dict_16_192_64_0p5_0p02_0059_0008" 4389
"../../../Engine/Content/EngineMaterials/Substrate/GLints/dict_16_192_64_0p5_0p02_0058_0007.uasset" 4390
"../../../Engine/Content/EngineMaterials/Substrate/GLints/dict_16_192_64_0p5_0p02_0058_0010.uasset" 4391
"/Engine/EngineMaterials/Substrate/GLints/dict_16_192_64_0p5_0p02_0059_0006" 4392
"/Engine/EngineMaterials/Substrate/GLints/dict_16_192_64_0p5_0p02_0059_0010" 4393
"/Engine/EngineMaterials/Substrate/GLints/dict_16_192_64_0p5_0p02_0059_0007" 4394
"../../../Engine/Content/EngineMaterials/Substrate/GLints/dict_16_192_64_0p5_0p02_0058_0004.uasset" 4395
"/Engine/EngineMaterials/Substrate/GLints/dict_16_192_64_0p5_0p02_0058_0012" 4396
"../../../Engine/Content/EngineMaterials/Substrate/GLints/dict_16_192_64_0p5_0p02_0058_0014.uasset" 4397
"/Engine/EngineMaterials/Substrate/GLints/dict_16_192_64_0p5_0p02_0058_0006" 4398
"/Engine/EngineMaterials/Substrate/GLints/dict_16_192_64_0p5_0p02_0058_0004" 4399
"/Engine/EngineMaterials/Substrate/GLints/dict_16_192_64_0p5_0p02_0058_0007" 4400
"/Engine/EngineMaterials/Substrate/GLints/dict_16_192_64_0p5_0p02_0059_0003" 4401
"../../../Engine/Content/EngineMaterials/Substrate/GLints/dict_16_192_64_0p5_0p02_0058_0008.uasset" 4402
"../../../Engine/Content/EngineMaterials/Substrate/GLints/dict_16_192_64_0p5_0p02_0058_0011.uasset" 4403
"../../../Engine/Content/EngineMaterials/Substrate/GLints/dict_16_192_64_0p5_0p02_0058_0009.uasset" 4404
"/Engine/EngineMaterials/Substrate/GLints/dict_16_192_64_0p5_0p02_0059_0000" 4405
"../../../Engine/Content/EngineMaterials/Substrate/GLints/dict_16_192_64_0p5_0p02_0058_0005.uasset" 4406
"../../../Engine/Content/EngineMaterials/Substrate/GLints/dict_16_192_64_0p5_0p02_0059_0001.uasset" 4407
"/Engine/EngineMaterials/Substrate/GLints/dict_16_192_64_0p5_0p02_0058_0010" 4408
"/Engine/EngineMaterials/Substrate/GLints/dict_16_192_64_0p5_0p02_0058_0014" 4409
"/Engine/EngineMaterials/Substrate/GLints/dict_16_192_64_0p5_0p02_0058_0008" 4410
"/Engine/EngineMaterials/Substrate/GLints/dict_16_192_64_0p5_0p02_0059_0001" 4411
"/Engine/EngineMaterials/Substrate/GLints/dict_16_192_64_0p5_0p02_0058_0005" 4412
"/Engine/EngineMaterials/Substrate/GLints/dict_16_192_64_0p5_0p02_0058_0009" 4413
"/Engine/EngineMaterials/Substrate/GLints/dict_16_192_64_0p5_0p02_0058_0011" 4414
"../../../Engine/Content/EngineMaterials/Substrate/GLints/dict_16_192_64_0p5_0p02_0058_0000.uasset" 4415
"../../../Engine/Content/EngineMaterials/Substrate/GLints/dict_16_192_64_0p5_0p02_0057_0015.uasset" 4416
"../../../Engine/Content/EngineMaterials/Substrate/GLints/dict_16_192_64_0p5_0p02_0058_0002.uasset" 4417
"/Engine/EngineMaterials/Substrate/GLints/dict_16_192_64_0p5_0p02_0057_0015" 4418
"../../../Engine/Content/EngineMaterials/Substrate/GLints/dict_16_192_64_0p5_0p02_0057_0014.uasset" 4419
"../../../Engine/Content/EngineMaterials/Substrate/GLints/dict_16_192_64_0p5_0p02_0057_0013.uasset" 4420
"../../../Engine/Content/EngineMaterials/Substrate/GLints/dict_16_192_64_0p5_0p02_0058_0003.uasset" 4421
"../../../Engine/Content/EngineMaterials/Substrate/GLints/dict_16_192_64_0p5_0p02_0058_0001.uasset" 4422
"/Engine/EngineMaterials/Substrate/GLints/dict_16_192_64_0p5_0p02_0058_0000" 4423
"/Engine/EngineMaterials/Substrate/GLints/dict_16_192_64_0p5_0p02_0058_0002" 4424
"/Engine/EngineMaterials/Substrate/GLints/dict_16_192_64_0p5_0p02_0057_0013" 4425
"/Engine/EngineMaterials/Substrate/GLints/dict_16_192_64_0p5_0p02_0057_0014" 4426
"/Engine/EngineMaterials/Substrate/GLints/dict_16_192_64_0p5_0p02_0058_0001" 4427
"/Engine/EngineMaterials/Substrate/GLints/dict_16_192_64_0p5_0p02_0058_0003" 4428
"../../../Engine/Content/EngineMaterials/Substrate/GLints/dict_16_192_64_0p5_0p02_0057_0005.uasset" 4429
"../../../Engine/Content/EngineMaterials/Substrate/GLints/dict_16_192_64_0p5_0p02_0057_0011.uasset" 4430
"../../../Engine/Content/EngineMaterials/Substrate/GLints/dict_16_192_64_0p5_0p02_0057_0007.uasset" 4431
"../../../Engine/Content/EngineMaterials/Substrate/GLints/dict_16_192_64_0p5_0p02_0057_0009.uasset" 4432
"../../../Engine/Content/EngineMaterials/Substrate/GLints/dict_16_192_64_0p5_0p02_0057_0010.uasset" 4433
"/Engine/EngineMaterials/Substrate/GLints/dict_16_192_64_0p5_0p02_0057_0011" 4434
"../../../Engine/Content/EngineMaterials/Substrate/GLints/dict_16_192_64_0p5_0p02_0057_0006.uasset" 4435
"/Engine/EngineMaterials/Substrate/GLints/dict_16_192_64_0p5_0p02_0057_0005" 4436
"/Engine/EngineMaterials/Substrate/GLints/dict_16_192_64_0p5_0p02_0057_0007" 4437
"/Engine/EngineMaterials/Substrate/GLints/dict_16_192_64_0p5_0p02_0057_0009" 4438
"../../../Engine/Content/EngineMaterials/Substrate/GLints/dict_16_192_64_0p5_0p02_0056_0014.uasset" 4439
"/Engine/EngineMaterials/Substrate/GLints/dict_16_192_64_0p5_0p02_0057_0010" 4440
"/Engine/EngineMaterials/Substrate/GLints/dict_16_192_64_0p5_0p02_0057_0006" 4441
"../../../Engine/Content/EngineMaterials/Substrate/GLints/dict_16_192_64_0p5_0p02_0057_0002.uasset" 4442
"/Engine/EngineMaterials/Substrate/GLints/dict_16_192_64_0p5_0p02_0056_0014" 4443
"../../../Engine/Content/EngineMaterials/Substrate/GLints/dict_16_192_64_0p5_0p02_0057_0004.uasset" 4444
"/Engine/EngineMaterials/Substrate/GLints/dict_16_192_64_0p5_0p02_0057_0002" 4445
"../../../Engine/Content/EngineMaterials/Substrate/GLints/dict_16_192_64_0p5_0p02_0057_0003.uasset" 4446
"../../../Engine/Content/EngineMaterials/Substrate/GLints/dict_16_192_64_0p5_0p02_0057_0000.uasset" 4447
"../../../Engine/Content/EngineMaterials/Substrate/GLints/dict_16_192_64_0p5_0p02_0056_0012.uasset" 4448
"../../../Engine/Content/EngineMaterials/Substrate/GLints/dict_16_192_64_0p5_0p02_0056_0011.uasset" 4449
"../../../Engine/Content/EngineMaterials/Substrate/GLints/dict_16_192_64_0p5_0p02_0056_0013.uasset" 4450
"../../../Engine/Content/EngineMaterials/Substrate/GLints/dict_16_192_64_0p5_0p02_0057_0012.uasset" 4451
"../../../Engine/Content/EngineMaterials/Substrate/GLints/dict_16_192_64_0p5_0p02_0056_0015.uasset" 4452
"../../../Engine/Content/EngineMaterials/Substrate/GLints/dict_16_192_64_0p5_0p02_0056_0010.uasset" 4453
"../../../Engine/Content/EngineMaterials/Substrate/GLints/dict_16_192_64_0p5_0p02_0056_0009.uasset" 4454
"../../../Engine/Content/EngineMaterials/Substrate/GLints/dict_16_192_64_0p5_0p02_0057_0008.uasset" 4455
"../../../Engine/Content/EngineMaterials/Substrate/GLints/dict_16_192_64_0p5_0p02_0056_0008.uasset" 4456
"../../../Engine/Content/EngineMaterials/Substrate/GLints/dict_16_192_64_0p5_0p02_0056_0002.uasset" 4457
"../../../Engine/Content/EngineMaterials/Substrate/GLints/dict_16_192_64_0p5_0p02_0056_0005.uasset" 4458
"../../../Engine/Content/EngineMaterials/Substrate/GLints/dict_16_192_64_0p5_0p02_0056_0004.uasset" 4459
"../../../Engine/Content/EngineMaterials/Substrate/GLints/dict_16_192_64_0p5_0p02_0056_0006.uasset" 4460
"../../../Engine/Content/EngineMaterials/Substrate/GLints/dict_16_192_64_0p5_0p02_0056_0003.uasset" 4461
"../../../Engine/Content/EngineMaterials/Substrate/GLints/dict_16_192_64_0p5_0p02_0056_0007.uasset" 4462
"../../../Engine/Content/EngineMaterials/Substrate/GLints/dict_16_192_64_0p5_0p02_0056_0000.uasset" 4463
"../../../Engine/Content/EngineMaterials/Substrate/GLints/dict_16_192_64_0p5_0p02_0055_0015.uasset" 4464
"../../../Engine/Content/EngineMaterials/Substrate/GLints/dict_16_192_64_0p5_0p02_0057_0001.uasset" 4465
"../../../Engine/Content/EngineMaterials/Substrate/GLints/dict_16_192_64_0p5_0p02_0056_0001.uasset" 4466
"/Engine/EngineMaterials/Substrate/GLints/dict_16_192_64_0p5_0p02_0057_0004" 4467
"/Engine/EngineMaterials/Substrate/GLints/dict_16_192_64_0p5_0p02_0056_0002" 4468
"/Engine/EngineMaterials/Substrate/GLints/dict_16_192_64_0p5_0p02_0056_0003" 4469
"/Engine/EngineMaterials/Substrate/GLints/dict_16_192_64_0p5_0p02_0057_0012" 4470
"/Engine/EngineMaterials/Substrate/GLints/dict_16_192_64_0p5_0p02_0056_0000" 4471
"/Engine/EngineMaterials/Substrate/GLints/dict_16_192_64_0p5_0p02_0056_0004" 4472
"/Engine/EngineMaterials/Substrate/GLints/dict_16_192_64_0p5_0p02_0056_0001" 4473
"/Engine/EngineMaterials/Substrate/GLints/dict_16_192_64_0p5_0p02_0056_0015" 4474
"/Engine/EngineMaterials/Substrate/GLints/dict_16_192_64_0p5_0p02_0056_0007" 4475
"/Engine/EngineMaterials/Substrate/GLints/dict_16_192_64_0p5_0p02_0057_0000" 4476
"/Engine/EngineMaterials/Substrate/GLints/dict_16_192_64_0p5_0p02_0056_0008" 4477
"/Engine/EngineMaterials/Substrate/GLints/dict_16_192_64_0p5_0p02_0057_0008" 4478
"/Engine/EngineMaterials/Substrate/GLints/dict_16_192_64_0p5_0p02_0056_0011" 4479
"/Engine/EngineMaterials/Substrate/GLints/dict_16_192_64_0p5_0p02_0057_0001" 4480
"/Engine/EngineMaterials/Substrate/GLints/dict_16_192_64_0p5_0p02_0056_0012" 4481
"/Engine/EngineMaterials/Substrate/GLints/dict_16_192_64_0p5_0p02_0056_0005" 4482
"/Engine/EngineMaterials/Substrate/GLints/dict_16_192_64_0p5_0p02_0056_0009" 4483
"/Engine/EngineMaterials/Substrate/GLints/dict_16_192_64_0p5_0p02_0056_0013" 4484
"/Engine/EngineMaterials/Substrate/GLints/dict_16_192_64_0p5_0p02_0056_0010" 4485
"/Engine/EngineMaterials/Substrate/GLints/dict_16_192_64_0p5_0p02_0055_0015" 4486
"/Engine/EngineMaterials/Substrate/GLints/dict_16_192_64_0p5_0p02_0056_0006" 4487
"/Engine/EngineMaterials/Substrate/GLints/dict_16_192_64_0p5_0p02_0057_0003" 4488
"../../../Engine/Content/EngineMaterials/Substrate/GLints/dict_16_192_64_0p5_0p02_0055_0014.uasset" 4489
"../../../Engine/Content/EngineMaterials/Substrate/GLints/dict_16_192_64_0p5_0p02_0055_0012.uasset" 4490
"../../../Engine/Content/EngineMaterials/Substrate/GLints/dict_16_192_64_0p5_0p02_0055_0010.uasset" 4491
"../../../Engine/Content/EngineMaterials/Substrate/GLints/dict_16_192_64_0p5_0p02_0055_0008.uasset" 4492
"../../../Engine/Content/EngineMaterials/Substrate/GLints/dict_16_192_64_0p5_0p02_0055_0009.uasset" 4493
"../../../Engine/Content/EngineMaterials/Substrate/GLints/dict_16_192_64_0p5_0p02_0055_0011.uasset" 4494
"../../../Engine/Content/EngineMaterials/Substrate/GLints/dict_16_192_64_0p5_0p02_0055_0007.uasset" 4495
"../../../Engine/Content/EngineMaterials/Substrate/GLints/dict_16_192_64_0p5_0p02_0055_0002.uasset" 4496
"../../../Engine/Content/EngineMaterials/Substrate/GLints/dict_16_192_64_0p5_0p02_0055_0003.uasset" 4497
"../../../Engine/Content/EngineMaterials/Substrate/GLints/dict_16_192_64_0p5_0p02_0054_0013.uasset" 4498
"../../../Engine/Content/EngineMaterials/Substrate/GLints/dict_16_192_64_0p5_0p02_0054_0014.uasset" 4499
"../../../Engine/Content/EngineMaterials/Substrate/GLints/dict_16_192_64_0p5_0p02_0055_0001.uasset" 4500
"../../../Engine/Content/EngineMaterials/Substrate/GLints/dict_16_192_64_0p5_0p02_0055_0013.uasset" 4501
"../../../Engine/Content/EngineMaterials/Substrate/GLints/dict_16_192_64_0p5_0p02_0054_0012.uasset" 4502
"/Engine/EngineMaterials/Substrate/GLints/dict_16_192_64_0p5_0p02_0054_0013" 4503
"/Engine/EngineMaterials/Substrate/GLints/dict_16_192_64_0p5_0p02_0054_0014" 4504
"../../../Engine/Content/EngineMaterials/Substrate/GLints/dict_16_192_64_0p5_0p02_0055_0006.uasset" 4505
"/Engine/EngineMaterials/Substrate/GLints/dict_16_192_64_0p5_0p02_0055_0001" 4506
"/Engine/EngineMaterials/Substrate/GLints/dict_16_192_64_0p5_0p02_0055_0002" 4507
"../../../Engine/Content/EngineMaterials/Substrate/GLints/dict_16_192_64_0p5_0p02_0055_0000.uasset" 4508
"../../../Engine/Content/EngineMaterials/Substrate/GLints/dict_16_192_64_0p5_0p02_0055_0004.uasset" 4509
"/Engine/EngineMaterials/Substrate/GLints/dict_16_192_64_0p5_0p02_0055_0003" 4510
"/Engine/EngineMaterials/Substrate/GLints/dict_16_192_64_0p5_0p02_0055_0007" 4511
"/Engine/EngineMaterials/Substrate/GLints/dict_16_192_64_0p5_0p02_0055_0008" 4512
"../../../Engine/Content/EngineMaterials/Substrate/GLints/dict_16_192_64_0p5_0p02_0054_0011.uasset" 4513
"/Engine/EngineMaterials/Substrate/GLints/dict_16_192_64_0p5_0p02_0055_0009" 4514
"/Engine/EngineMaterials/Substrate/GLints/dict_16_192_64_0p5_0p02_0055_0010" 4515
"/Engine/EngineMaterials/Substrate/GLints/dict_16_192_64_0p5_0p02_0055_0011" 4516
"/Engine/EngineMaterials/Substrate/GLints/dict_16_192_64_0p5_0p02_0055_0012" 4517
"/Engine/EngineMaterials/Substrate/GLints/dict_16_192_64_0p5_0p02_0055_0013" 4518
"/Engine/EngineMaterials/Substrate/GLints/dict_16_192_64_0p5_0p02_0055_0014" 4519
"/Engine/EngineMaterials/Substrate/GLints/dict_16_192_64_0p5_0p02_0054_0011" 4520
"/Engine/EngineMaterials/Substrate/GLints/dict_16_192_64_0p5_0p02_0054_0012" 4521
"../../../Engine/Content/EngineMaterials/Substrate/GLints/dict_16_192_64_0p5_0p02_0054_0010.uasset" 4522
"/Engine/EngineMaterials/Substrate/GLints/dict_16_192_64_0p5_0p02_0055_0000" 4523
"../../../Engine/Content/EngineMaterials/Substrate/GLints/dict_16_192_64_0p5_0p02_0055_0005.uasset" 4524
"/Engine/EngineMaterials/Substrate/GLints/dict_16_192_64_0p5_0p02_0055_0004" 4525
"../../../Engine/Content/EngineMaterials/Substrate/GLints/dict_16_192_64_0p5_0p02_0054_0015.uasset" 4526
"/Engine/EngineMaterials/Substrate/GLints/dict_16_192_64_0p5_0p02_0055_0006" 4527
"/Engine/EngineMaterials/Substrate/GLints/dict_16_192_64_0p5_0p02_0054_0010" 4528
"/Engine/EngineMaterials/Substrate/GLints/dict_16_192_64_0p5_0p02_0054_0015" 4529
"/Engine/EngineMaterials/Substrate/GLints/dict_16_192_64_0p5_0p02_0055_0005" 4530
"../../../Engine/Content/EngineMaterials/Substrate/GLints/dict_16_192_64_0p5_0p02_0054_0009.uasset" 4531
"/Engine/EngineMaterials/Substrate/GLints/dict_16_192_64_0p5_0p02_0054_0009" 4532
"../../../Engine/Content/EngineMaterials/Substrate/GLints/dict_16_192_64_0p5_0p02_0054_0005.uasset" 4533
"../../../Engine/Content/EngineMaterials/Substrate/GLints/dict_16_192_64_0p5_0p02_0054_0007.uasset" 4534
"../../../Engine/Content/EngineMaterials/Substrate/GLints/dict_16_192_64_0p5_0p02_0054_0004.uasset" 4535
"../../../Engine/Content/EngineMaterials/Substrate/GLints/dict_16_192_64_0p5_0p02_0054_0006.uasset" 4536
"../../../Engine/Content/EngineMaterials/Substrate/GLints/dict_16_192_64_0p5_0p02_0054_0001.uasset" 4537
"../../../Engine/Content/EngineMaterials/Substrate/GLints/dict_16_192_64_0p5_0p02_0054_0003.uasset" 4538
"../../../Engine/Content/EngineMaterials/Substrate/GLints/dict_16_192_64_0p5_0p02_0054_0008.uasset" 4539
"../../../Engine/Content/EngineMaterials/Substrate/GLints/dict_16_192_64_0p5_0p02_0054_0000.uasset" 4540
"../../../Engine/Content/EngineMaterials/Substrate/GLints/dict_16_192_64_0p5_0p02_0053_0011.uasset" 4541
"../../../Engine/Content/EngineMaterials/Substrate/GLints/dict_16_192_64_0p5_0p02_0053_0014.uasset" 4542
"/Engine/EngineMaterials/Substrate/GLints/dict_16_192_64_0p5_0p02_0053_0014" 4543
"../../../Engine/Content/EngineMaterials/Substrate/GLints/dict_16_192_64_0p5_0p02_0053_0015.uasset" 4544
"../../../Engine/Content/EngineMaterials/Substrate/GLints/dict_16_192_64_0p5_0p02_0053_0007.uasset" 4545
"/Engine/EngineMaterials/Substrate/GLints/dict_16_192_64_0p5_0p02_0054_0000" 4546
"/Engine/EngineMaterials/Substrate/GLints/dict_16_192_64_0p5_0p02_0053_0011" 4547
"../../../Engine/Content/EngineMaterials/Substrate/GLints/dict_16_192_64_0p5_0p02_0054_0002.uasset" 4548
"/Engine/EngineMaterials/Substrate/GLints/dict_16_192_64_0p5_0p02_0054_0001" 4549
"../../../Engine/Content/EngineMaterials/Substrate/GLints/dict_16_192_64_0p5_0p02_0053_0009.uasset" 4550
"/Engine/EngineMaterials/Substrate/GLints/dict_16_192_64_0p5_0p02_0054_0003" 4551
"/Engine/EngineMaterials/Substrate/GLints/dict_16_192_64_0p5_0p02_0054_0004" 4552
"/Engine/EngineMaterials/Substrate/GLints/dict_16_192_64_0p5_0p02_0054_0005" 4553
"/Engine/EngineMaterials/Substrate/GLints/dict_16_192_64_0p5_0p02_0054_0006" 4554
"../../../Engine/Content/EngineMaterials/Substrate/GLints/dict_16_192_64_0p5_0p02_0053_0006.uasset" 4555
"../../../Engine/Content/EngineMaterials/Substrate/GLints/dict_16_192_64_0p5_0p02_0053_0010.uasset" 4556
"/Engine/EngineMaterials/Substrate/GLints/dict_16_192_64_0p5_0p02_0054_0007" 4557
"../../../Engine/Content/EngineMaterials/Substrate/GLints/dict_16_192_64_0p5_0p02_0053_0008.uasset" 4558
"/Engine/EngineMaterials/Substrate/GLints/dict_16_192_64_0p5_0p02_0054_0008" 4559
"/Engine/EngineMaterials/Substrate/GLints/dict_16_192_64_0p5_0p02_0053_0007" 4560
"/Engine/EngineMaterials/Substrate/GLints/dict_16_192_64_0p5_0p02_0053_0008" 4561
"/Engine/EngineMaterials/Substrate/GLints/dict_16_192_64_0p5_0p02_0053_0009" 4562
"../../../Engine/Content/EngineMaterials/Substrate/GLints/dict_16_192_64_0p5_0p02_0053_0003.uasset" 4563
"../../../Engine/Content/EngineMaterials/Substrate/GLints/dict_16_192_64_0p5_0p02_0053_0013.uasset" 4564
"/Engine/EngineMaterials/Substrate/GLints/dict_16_192_64_0p5_0p02_0053_0015" 4565
"../../../Engine/Content/EngineMaterials/Substrate/GLints/dict_16_192_64_0p5_0p02_0053_0012.uasset" 4566
"/Engine/EngineMaterials/Substrate/GLints/dict_16_192_64_0p5_0p02_0053_0010" 4567
"/Engine/EngineMaterials/Substrate/GLints/dict_16_192_64_0p5_0p02_0053_0006" 4568
"/Engine/EngineMaterials/Substrate/GLints/dict_16_192_64_0p5_0p02_0054_0002" 4569
"/Engine/EngineMaterials/Substrate/GLints/dict_16_192_64_0p5_0p02_0053_0003" 4570
"/Engine/EngineMaterials/Substrate/GLints/dict_16_192_64_0p5_0p02_0053_0012" 4571
"/Engine/EngineMaterials/Substrate/GLints/dict_16_192_64_0p5_0p02_0053_0013" 4572
"../../../Engine/Content/EngineMaterials/Substrate/GLints/dict_16_192_64_0p5_0p02_0053_0005.uasset" 4573
"../../../Engine/Content/EngineMaterials/Substrate/GLints/dict_16_192_64_0p5_0p02_0053_0001.uasset" 4574
"../../../Engine/Content/EngineMaterials/Substrate/GLints/dict_16_192_64_0p5_0p02_0053_0004.uasset" 4575
"../../../Engine/Content/EngineMaterials/Substrate/GLints/dict_16_192_64_0p5_0p02_0053_0000.uasset" 4576
"../../../Engine/Content/EngineMaterials/Substrate/GLints/dict_16_192_64_0p5_0p02_0053_0002.uasset" 4577
"/Engine/EngineMaterials/Substrate/GLints/dict_16_192_64_0p5_0p02_0053_0004" 4578
"/Engine/EngineMaterials/Substrate/GLints/dict_16_192_64_0p5_0p02_0053_0005" 4579
"/Engine/EngineMaterials/Substrate/GLints/dict_16_192_64_0p5_0p02_0053_0000" 4580
"../../../Engine/Content/EngineMaterials/Substrate/GLints/dict_16_192_64_0p5_0p02_0052_0011.uasset" 4581
"/Engine/EngineMaterials/Substrate/GLints/dict_16_192_64_0p5_0p02_0053_0001" 4582
"/Engine/EngineMaterials/Substrate/GLints/dict_16_192_64_0p5_0p02_0053_0002" 4583
"/Engine/EngineMaterials/Substrate/GLints/dict_16_192_64_0p5_0p02_0052_0011" 4584
"../../../Engine/Content/EngineMaterials/Substrate/GLints/dict_16_192_64_0p5_0p02_0052_0013.uasset" 4585
"../../../Engine/Content/EngineMaterials/Substrate/GLints/dict_16_192_64_0p5_0p02_0052_0014.uasset" 4586
"/Engine/EngineMaterials/Substrate/GLints/dict_16_192_64_0p5_0p02_0052_0013" 4587
"/Engine/EngineMaterials/Substrate/GLints/dict_16_192_64_0p5_0p02_0052_0014" 4588
"../../../Engine/Content/EngineMaterials/Substrate/GLints/dict_16_192_64_0p5_0p02_0052_0010.uasset" 4589
"/Engine/EngineMaterials/Substrate/GLints/dict_16_192_64_0p5_0p02_0052_0010" 4590
"../../../Engine/Content/EngineMaterials/Substrate/GLints/dict_16_192_64_0p5_0p02_0052_0007.uasset" 4591
"/Engine/EngineMaterials/Substrate/GLints/dict_16_192_64_0p5_0p02_0052_0007" 4592
"../../../Engine/Content/EngineMaterials/Substrate/GLints/dict_16_192_64_0p5_0p02_0052_0003.uasset" 4593
"../../../Engine/Content/EngineMaterials/Substrate/GLints/dict_16_192_64_0p5_0p02_0052_0008.uasset" 4594
"../../../Engine/Content/EngineMaterials/Substrate/GLints/dict_16_192_64_0p5_0p02_0052_0012.uasset" 4595
"../../../Engine/Content/EngineMaterials/Substrate/GLints/dict_16_192_64_0p5_0p02_0052_0009.uasset" 4596
"../../../Engine/Content/EngineMaterials/Substrate/GLints/dict_16_192_64_0p5_0p02_0052_0002.uasset" 4597
"../../../Engine/Content/EngineMaterials/Substrate/GLints/dict_16_192_64_0p5_0p02_0052_0005.uasset" 4598
"../../../Engine/Content/EngineMaterials/Substrate/GLints/dict_16_192_64_0p5_0p02_0052_0006.uasset" 4599
"../../../Engine/Content/EngineMaterials/Substrate/GLints/dict_16_192_64_0p5_0p02_0051_0015.uasset" 4600
"../../../Engine/Content/EngineMaterials/Substrate/GLints/dict_16_192_64_0p5_0p02_0051_0011.uasset" 4601
"../../../Engine/Content/EngineMaterials/Substrate/GLints/dict_16_192_64_0p5_0p02_0051_0014.uasset" 4602
"../../../Engine/Content/EngineMaterials/Substrate/GLints/dict_16_192_64_0p5_0p02_0051_0013.uasset" 4603
"../../../Engine/Content/EngineMaterials/Substrate/GLints/dict_16_192_64_0p5_0p02_0052_0000.uasset" 4604
"../../../Engine/Content/EngineMaterials/Substrate/GLints/dict_16_192_64_0p5_0p02_0051_0012.uasset" 4605
"/Engine/EngineMaterials/Substrate/GLints/dict_16_192_64_0p5_0p02_0051_0015" 4606
"../../../Engine/Content/EngineMaterials/Substrate/GLints/dict_16_192_64_0p5_0p02_0052_0001.uasset" 4607
"/Engine/EngineMaterials/Substrate/GLints/dict_16_192_64_0p5_0p02_0052_0002" 4608
"/Engine/EngineMaterials/Substrate/GLints/dict_16_192_64_0p5_0p02_0052_0003" 4609
"/Engine/EngineMaterials/Substrate/GLints/dict_16_192_64_0p5_0p02_0052_0000" 4610
"/Engine/EngineMaterials/Substrate/GLints/dict_16_192_64_0p5_0p02_0051_0011" 4611
"/Engine/EngineMaterials/Substrate/GLints/dict_16_192_64_0p5_0p02_0052_0009" 4612
"/Engine/EngineMaterials/Substrate/GLints/dict_16_192_64_0p5_0p02_0052_0005" 4613
"/Engine/EngineMaterials/Substrate/GLints/dict_16_192_64_0p5_0p02_0052_0006" 4614
"../../../Engine/Content/EngineMaterials/Substrate/GLints/dict_16_192_64_0p5_0p02_0051_0008.uasset" 4615
"../../../Engine/Content/EngineMaterials/Substrate/GLints/dict_16_192_64_0p5_0p02_0051_0005.uasset" 4616
"/Engine/EngineMaterials/Substrate/GLints/dict_16_192_64_0p5_0p02_0052_0012" 4617
"/Engine/EngineMaterials/Substrate/GLints/dict_16_192_64_0p5_0p02_0052_0008" 4618
"/Engine/EngineMaterials/Substrate/GLints/dict_16_192_64_0p5_0p02_0051_0013" 4619
"/Engine/EngineMaterials/Substrate/GLints/dict_16_192_64_0p5_0p02_0051_0014" 4620
"/Engine/EngineMaterials/Substrate/GLints/dict_16_192_64_0p5_0p02_0052_0001" 4621
"/Engine/EngineMaterials/Substrate/GLints/dict_16_192_64_0p5_0p02_0051_0005" 4622
"../../../Engine/Content/EngineMaterials/Substrate/GLints/dict_16_192_64_0p5_0p02_0051_0006.uasset" 4623
"/Engine/EngineMaterials/Substrate/GLints/dict_16_192_64_0p5_0p02_0051_0008" 4624
"/Engine/EngineMaterials/Substrate/GLints/dict_16_192_64_0p5_0p02_0051_0012" 4625
"/Engine/EngineMaterials/Substrate/GLints/dict_16_192_64_0p5_0p02_0051_0006" 4626
"../../../Engine/Content/EngineMaterials/Substrate/GLints/dict_16_192_64_0p5_0p02_0052_0015.uasset" 4627
"../../../Engine/Content/EngineMaterials/Substrate/GLints/dict_16_192_64_0p5_0p02_0052_0004.uasset" 4628
"../../../Engine/Content/EngineMaterials/Substrate/GLints/dict_16_192_64_0p5_0p02_0051_0004.uasset" 4629
"../../../Engine/Content/EngineMaterials/Substrate/GLints/dict_16_192_64_0p5_0p02_0051_0001.uasset" 4630
"../../../Engine/Content/EngineMaterials/Substrate/GLints/dict_16_192_64_0p5_0p02_0051_0010.uasset" 4631
"../../../Engine/Content/EngineMaterials/Substrate/GLints/dict_16_192_64_0p5_0p02_0051_0007.uasset" 4632
"../../../Engine/Content/EngineMaterials/Substrate/GLints/dict_16_192_64_0p5_0p02_0051_0002.uasset" 4633
"../../../Engine/Content/EngineMaterials/Substrate/GLints/dict_16_192_64_0p5_0p02_0051_0009.uasset" 4634
"../../../Engine/Content/EngineMaterials/Substrate/GLints/dict_16_192_64_0p5_0p02_0051_0000.uasset" 4635
"../../../Engine/Content/EngineMaterials/Substrate/GLints/dict_16_192_64_0p5_0p02_0051_0003.uasset" 4636
"/Engine/EngineMaterials/Substrate/GLints/dict_16_192_64_0p5_0p02_0051_0010" 4637
"/Engine/EngineMaterials/Substrate/GLints/dict_16_192_64_0p5_0p02_0052_0004" 4638
"/Engine/EngineMaterials/Substrate/GLints/dict_16_192_64_0p5_0p02_0051_0000" 4639
"../../../Engine/Content/EngineMaterials/Substrate/GLints/dict_16_192_64_0p5_0p02_0050_0012.uasset" 4640
"/Engine/EngineMaterials/Substrate/GLints/dict_16_192_64_0p5_0p02_0051_0009" 4641
"../../../Engine/Content/EngineMaterials/Substrate/GLints/dict_16_192_64_0p5_0p02_0050_0015.uasset" 4642
"/Engine/EngineMaterials/Substrate/GLints/dict_16_192_64_0p5_0p02_0051_0001" 4643
"../../../Engine/Content/EngineMaterials/Substrate/GLints/dict_16_192_64_0p5_0p02_0050_0014.uasset" 4644
"../../../Engine/Content/EngineMaterials/Substrate/GLints/dict_16_192_64_0p5_0p02_0050_0006.uasset" 4645
"/Engine/EngineMaterials/Substrate/GLints/dict_16_192_64_0p5_0p02_0051_0002" 4646
"/Engine/EngineMaterials/Substrate/GLints/dict_16_192_64_0p5_0p02_0051_0007" 4647
"../../../Engine/Content/EngineMaterials/Substrate/GLints/dict_16_192_64_0p5_0p02_0050_0013.uasset" 4648
"/Engine/EngineMaterials/Substrate/GLints/dict_16_192_64_0p5_0p02_0052_0015" 4649
"/Engine/EngineMaterials/Substrate/GLints/dict_16_192_64_0p5_0p02_0051_0003" 4650
"/Engine/EngineMaterials/Substrate/GLints/dict_16_192_64_0p5_0p02_0051_0004" 4651
"/Engine/EngineMaterials/Substrate/GLints/dict_16_192_64_0p5_0p02_0050_0012" 4652
"/Engine/EngineMaterials/Substrate/GLints/dict_16_192_64_0p5_0p02_0050_0013" 4653
"/Engine/EngineMaterials/Substrate/GLints/dict_16_192_64_0p5_0p02_0050_0014" 4654
"../../../Engine/Content/EngineMaterials/Substrate/GLints/dict_16_192_64_0p5_0p02_0050_0008.uasset" 4655
"../../../Engine/Content/EngineMaterials/Substrate/GLints/dict_16_192_64_0p5_0p02_0050_0011.uasset" 4656
"/Engine/EngineMaterials/Substrate/GLints/dict_16_192_64_0p5_0p02_0050_0015" 4657
"../../../Engine/Content/EngineMaterials/Substrate/GLints/dict_16_192_64_0p5_0p02_0050_0005.uasset" 4658
"../../../Engine/Content/EngineMaterials/Substrate/GLints/dict_16_192_64_0p5_0p02_0050_0009.uasset" 4659
"/Engine/EngineMaterials/Substrate/GLints/dict_16_192_64_0p5_0p02_0050_0006" 4660
"/Engine/EngineMaterials/Substrate/GLints/dict_16_192_64_0p5_0p02_0050_0009" 4661
"/Engine/EngineMaterials/Substrate/GLints/dict_16_192_64_0p5_0p02_0050_0011" 4662
"/Engine/EngineMaterials/Substrate/GLints/dict_16_192_64_0p5_0p02_0050_0005" 4663
"../../../Engine/Content/EngineMaterials/Substrate/GLints/dict_16_192_64_0p5_0p02_0050_0007.uasset" 4664
"/Engine/EngineMaterials/Substrate/GLints/dict_16_192_64_0p5_0p02_0050_0008" 4665
"/Engine/EngineMaterials/Substrate/GLints/dict_16_192_64_0p5_0p02_0050_0007" 4666
"../../../Engine/Content/EngineMaterials/Substrate/GLints/dict_16_192_64_0p5_0p02_0050_0010.uasset" 4667
"../../../Engine/Content/EngineMaterials/Substrate/GLints/dict_16_192_64_0p5_0p02_0050_0003.uasset" 4668
"../../../Engine/Content/EngineMaterials/Substrate/GLints/dict_16_192_64_0p5_0p02_0050_0002.uasset" 4669
"../../../Engine/Content/EngineMaterials/Substrate/GLints/dict_16_192_64_0p5_0p02_0050_0000.uasset" 4670
"../../../Engine/Content/EngineMaterials/Substrate/GLints/dict_16_192_64_0p5_0p02_0049_0015.uasset" 4671
"../../../Engine/Content/EngineMaterials/Substrate/GLints/dict_16_192_64_0p5_0p02_0050_0004.uasset" 4672
"../../../Engine/Content/EngineMaterials/Substrate/GLints/dict_16_192_64_0p5_0p02_0049_0012.uasset" 4673
"../../../Engine/Content/EngineMaterials/Substrate/GLints/dict_16_192_64_0p5_0p02_0049_0011.uasset" 4674
"/Engine/EngineMaterials/Substrate/GLints/dict_16_192_64_0p5_0p02_0050_0010" 4675
"/Engine/EngineMaterials/Substrate/GLints/dict_16_192_64_0p5_0p02_0050_0004" 4676
"/Engine/EngineMaterials/Substrate/GLints/dict_16_192_64_0p5_0p02_0049_0012" 4677
"../../../Engine/Content/EngineMaterials/Substrate/GLints/dict_16_192_64_0p5_0p02_0049_0007.uasset" 4678
"/Engine/EngineMaterials/Substrate/GLints/dict_16_192_64_0p5_0p02_0049_0015" 4679
"/Engine/EngineMaterials/Substrate/GLints/dict_16_192_64_0p5_0p02_0050_0000" 4680
"../../../Engine/Content/EngineMaterials/Substrate/GLints/dict_16_192_64_0p5_0p02_0049_0014.uasset" 4681
"/Engine/EngineMaterials/Substrate/GLints/dict_16_192_64_0p5_0p02_0050_0002" 4682
"../../../Engine/Content/EngineMaterials/Substrate/GLints/dict_16_192_64_0p5_0p02_0049_0010.uasset" 4683
"/Engine/EngineMaterials/Substrate/GLints/dict_16_192_64_0p5_0p02_0050_0003" 4684
"../../../Engine/Content/EngineMaterials/Substrate/GLints/dict_16_192_64_0p5_0p02_0049_0008.uasset" 4685
"../../../Engine/Content/EngineMaterials/Substrate/GLints/dict_16_192_64_0p5_0p02_0049_0009.uasset" 4686
"/Engine/EngineMaterials/Substrate/GLints/dict_16_192_64_0p5_0p02_0049_0010" 4687
"../../../Engine/Content/EngineMaterials/Substrate/GLints/dict_16_192_64_0p5_0p02_0049_0004.uasset" 4688
"/Engine/EngineMaterials/Substrate/GLints/dict_16_192_64_0p5_0p02_0049_0011" 4689
"../../../Engine/Content/EngineMaterials/Substrate/GLints/dict_16_192_64_0p5_0p02_0049_0002.uasset" 4690
"../../../Engine/Content/EngineMaterials/Substrate/GLints/dict_16_192_64_0p5_0p02_0049_0003.uasset" 4691
"../../../Engine/Content/EngineMaterials/Substrate/GLints/dict_16_192_64_0p5_0p02_0049_0000.uasset" 4692
"../../../Engine/Content/EngineMaterials/Substrate/GLints/dict_16_192_64_0p5_0p02_0049_0001.uasset" 4693
"/Engine/EngineMaterials/Substrate/GLints/dict_16_192_64_0p5_0p02_0049_0007" 4694
"../../../Engine/Content/EngineMaterials/Substrate/GLints/dict_16_192_64_0p5_0p02_0049_0005.uasset" 4695
"/Engine/EngineMaterials/Substrate/GLints/dict_16_192_64_0p5_0p02_0049_0008" 4696
"/Engine/EngineMaterials/Substrate/GLints/dict_16_192_64_0p5_0p02_0049_0014" 4697
"/Engine/EngineMaterials/Substrate/GLints/dict_16_192_64_0p5_0p02_0049_0001" 4698
"/Engine/EngineMaterials/Substrate/GLints/dict_16_192_64_0p5_0p02_0049_0002" 4699
"/Engine/EngineMaterials/Substrate/GLints/dict_16_192_64_0p5_0p02_0049_0005" 4700
"/Engine/EngineMaterials/Substrate/GLints/dict_16_192_64_0p5_0p02_0049_0003" 4701
"/Engine/EngineMaterials/Substrate/GLints/dict_16_192_64_0p5_0p02_0049_0009" 4702
"/Engine/EngineMaterials/Substrate/GLints/dict_16_192_64_0p5_0p02_0049_0000" 4703
"../../../Engine/Content/EngineMaterials/Substrate/GLints/dict_16_192_64_0p5_0p02_0048_0012.uasset" 4704
"../../../Engine/Content/EngineMaterials/Substrate/GLints/dict_16_192_64_0p5_0p02_0048_0011.uasset" 4705
"/Engine/EngineMaterials/Substrate/GLints/dict_16_192_64_0p5_0p02_0049_0004" 4706
"../../../Engine/Content/EngineMaterials/Substrate/GLints/dict_16_192_64_0p5_0p02_0049_0006.uasset" 4707
"../../../Engine/Content/EngineMaterials/Substrate/GLints/dict_16_192_64_0p5_0p02_0048_0015.uasset" 4708
"/Engine/EngineMaterials/Substrate/GLints/dict_16_192_64_0p5_0p02_0049_0006" 4709
"/Engine/EngineMaterials/Substrate/GLints/dict_16_192_64_0p5_0p02_0048_0011" 4710
"../../../Engine/Content/EngineMaterials/Substrate/GLints/dict_16_192_64_0p5_0p02_0050_0001.uasset" 4711
"/Engine/EngineMaterials/Substrate/GLints/dict_16_192_64_0p5_0p02_0048_0012" 4712
"../../../Engine/Content/EngineMaterials/Substrate/GLints/dict_16_192_64_0p5_0p02_0048_0013.uasset" 4713
"../../../Engine/Content/EngineMaterials/Substrate/GLints/dict_16_192_64_0p5_0p02_0048_0014.uasset" 4714
"../../../Engine/Content/EngineMaterials/Substrate/GLints/dict_16_192_64_0p5_0p02_0048_0010.uasset" 4715
"/Engine/EngineMaterials/Substrate/GLints/dict_16_192_64_0p5_0p02_0048_0015" 4716
"/Engine/EngineMaterials/Substrate/GLints/dict_16_192_64_0p5_0p02_0048_0010" 4717
"/Engine/EngineMaterials/Substrate/GLints/dict_16_192_64_0p5_0p02_0048_0013" 4718
"/Engine/EngineMaterials/Substrate/GLints/dict_16_192_64_0p5_0p02_0050_0001" 4719
"../../../Engine/Content/EngineMaterials/Substrate/GLints/dict_16_192_64_0p5_0p02_0049_0013.uasset" 4720
"/Engine/EngineMaterials/Substrate/GLints/dict_16_192_64_0p5_0p02_0048_0014" 4721
"/Engine/EngineMaterials/Substrate/GLints/dict_16_192_64_0p5_0p02_0049_0013" 4722
"../../../Engine/Content/EngineMaterials/Substrate/GLints/dict_16_192_64_0p5_0p02_0048_0006.uasset" 4723
"../../../Engine/Content/EngineMaterials/Substrate/GLints/dict_16_192_64_0p5_0p02_0048_0002.uasset" 4724
"../../../Engine/Content/EngineMaterials/Substrate/GLints/dict_16_192_64_0p5_0p02_0048_0009.uasset" 4725
"../../../Engine/Content/EngineMaterials/Substrate/GLints/dict_16_192_64_0p5_0p02_0048_0003.uasset" 4726
"../../../Engine/Content/EngineMaterials/Substrate/GLints/dict_16_192_64_0p5_0p02_0048_0005.uasset" 4727
"../../../Engine/Content/EngineMaterials/Substrate/GLints/dict_16_192_64_0p5_0p02_0048_0007.uasset" 4728
"../../../Engine/Content/EngineMaterials/Substrate/GLints/dict_16_192_64_0p5_0p02_0048_0004.uasset" 4729
"../../../Engine/Content/EngineMaterials/Substrate/GLints/dict_16_192_64_0p5_0p02_0047_0013.uasset" 4730
"../../../Engine/Content/EngineMaterials/Substrate/GLints/dict_16_192_64_0p5_0p02_0047_0011.uasset" 4731
"../../../Engine/Content/EngineMaterials/Substrate/GLints/dict_16_192_64_0p5_0p02_0047_0015.uasset" 4732
"../../../Engine/Content/EngineMaterials/Substrate/GLints/dict_16_192_64_0p5_0p02_0047_0010.uasset" 4733
"../../../Engine/Content/EngineMaterials/Substrate/GLints/dict_16_192_64_0p5_0p02_0047_0009.uasset" 4734
"../../../Engine/Content/EngineMaterials/Substrate/GLints/dict_16_192_64_0p5_0p02_0047_0008.uasset" 4735
"/Engine/EngineMaterials/Substrate/GLints/dict_16_192_64_0p5_0p02_0047_0013" 4736
"../../../Engine/Content/EngineMaterials/Substrate/GLints/dict_16_192_64_0p5_0p02_0047_0007.uasset" 4737
"/Engine/EngineMaterials/Substrate/GLints/dict_16_192_64_0p5_0p02_0048_0004" 4738
"../../../Engine/Content/EngineMaterials/Substrate/GLints/dict_16_192_64_0p5_0p02_0047_0014.uasset" 4739
"../../../Engine/Content/EngineMaterials/Substrate/GLints/dict_16_192_64_0p5_0p02_0047_0006.uasset" 4740
"../../../Engine/Content/EngineMaterials/Substrate/GLints/dict_16_192_64_0p5_0p02_0047_0005.uasset" 4741
"/Engine/EngineMaterials/Substrate/GLints/dict_16_192_64_0p5_0p02_0048_0009" 4742
"../../../Engine/Content/EngineMaterials/Substrate/GLints/dict_16_192_64_0p5_0p02_0047_0012.uasset" 4743
"../../../Engine/Content/EngineMaterials/Substrate/GLints/dict_16_192_64_0p5_0p02_0048_0001.uasset" 4744
"/Engine/EngineMaterials/Substrate/GLints/dict_16_192_64_0p5_0p02_0047_0015" 4745
"/Engine/EngineMaterials/Substrate/GLints/dict_16_192_64_0p5_0p02_0047_0009" 4746
"/Engine/EngineMaterials/Substrate/GLints/dict_16_192_64_0p5_0p02_0048_0005" 4747
"../../../Engine/Content/EngineMaterials/Substrate/GLints/dict_16_192_64_0p5_0p02_0047_0004.uasset" 4748
"/Engine/EngineMaterials/Substrate/GLints/dict_16_192_64_0p5_0p02_0048_0006" 4749
"/Engine/EngineMaterials/Substrate/GLints/dict_16_192_64_0p5_0p02_0048_0007" 4750
"/Engine/EngineMaterials/Substrate/GLints/dict_16_192_64_0p5_0p02_0047_0010" 4751
"/Engine/EngineMaterials/Substrate/GLints/dict_16_192_64_0p5_0p02_0047_0011" 4752
"/Engine/EngineMaterials/Substrate/GLints/dict_16_192_64_0p5_0p02_0048_0002" 4753
"../../../Engine/Content/EngineMaterials/Substrate/GLints/dict_16_192_64_0p5_0p02_0048_0000.uasset" 4754
"/Engine/EngineMaterials/Substrate/GLints/dict_16_192_64_0p5_0p02_0048_0003" 4755
"/Engine/EngineMaterials/Substrate/GLints/dict_16_192_64_0p5_0p02_0047_0014" 4756
"/Engine/EngineMaterials/Substrate/GLints/dict_16_192_64_0p5_0p02_0048_0000" 4757
"/Engine/EngineMaterials/Substrate/GLints/dict_16_192_64_0p5_0p02_0047_0005" 4758
"/Engine/EngineMaterials/Substrate/GLints/dict_16_192_64_0p5_0p02_0048_0001" 4759
"/Engine/EngineMaterials/Substrate/GLints/dict_16_192_64_0p5_0p02_0047_0004" 4760
"/Engine/EngineMaterials/Substrate/GLints/dict_16_192_64_0p5_0p02_0047_0006" 4761
"/Engine/EngineMaterials/Substrate/GLints/dict_16_192_64_0p5_0p02_0047_0007" 4762
"/Engine/EngineMaterials/Substrate/GLints/dict_16_192_64_0p5_0p02_0047_0008" 4763
"/Engine/EngineMaterials/Substrate/GLints/dict_16_192_64_0p5_0p02_0047_0012" 4764
"../../../Engine/Content/EngineMaterials/Substrate/GLints/dict_16_192_64_0p5_0p02_0048_0008.uasset" 4765
"/Engine/EngineMaterials/Substrate/GLints/dict_16_192_64_0p5_0p02_0048_0008" 4766
"../../../Engine/Content/EngineMaterials/Substrate/GLints/dict_16_192_64_0p5_0p02_0047_0003.uasset" 4767
"../../../Engine/Content/EngineMaterials/Substrate/GLints/dict_16_192_64_0p5_0p02_0047_0000.uasset" 4768
"../../../Engine/Content/EngineMaterials/Substrate/GLints/dict_16_192_64_0p5_0p02_0046_0011.uasset" 4769
"../../../Engine/Content/EngineMaterials/Substrate/GLints/dict_16_192_64_0p5_0p02_0046_0013.uasset" 4770
"../../../Engine/Content/EngineMaterials/Substrate/GLints/dict_16_192_64_0p5_0p02_0046_0014.uasset" 4771
"../../../Engine/Content/EngineMaterials/Substrate/GLints/dict_16_192_64_0p5_0p02_0046_0010.uasset" 4772
"../../../Engine/Content/EngineMaterials/Substrate/GLints/dict_16_192_64_0p5_0p02_0046_0015.uasset" 4773
"/Engine/EngineMaterials/Substrate/GLints/dict_16_192_64_0p5_0p02_0046_0010" 4774
"/Engine/EngineMaterials/Substrate/GLints/dict_16_192_64_0p5_0p02_0046_0011" 4775
"../../../Engine/Content/EngineMaterials/Substrate/GLints/dict_16_192_64_0p5_0p02_0046_0007.uasset" 4776
"../../../Engine/Content/EngineMaterials/Substrate/GLints/dict_16_192_64_0p5_0p02_0047_0002.uasset" 4777
"/Engine/EngineMaterials/Substrate/GLints/dict_16_192_64_0p5_0p02_0046_0013" 4778
"/Engine/EngineMaterials/Substrate/GLints/dict_16_192_64_0p5_0p02_0046_0014" 4779
"../../../Engine/Content/EngineMaterials/Substrate/GLints/dict_16_192_64_0p5_0p02_0046_0009.uasset" 4780
"/Engine/EngineMaterials/Substrate/GLints/dict_16_192_64_0p5_0p02_0046_0015" 4781
"../../../Engine/Content/EngineMaterials/Substrate/GLints/dict_16_192_64_0p5_0p02_0047_0001.uasset" 4782
"/Engine/EngineMaterials/Substrate/GLints/dict_16_192_64_0p5_0p02_0047_0000" 4783
"../../../Engine/Content/EngineMaterials/Substrate/GLints/dict_16_192_64_0p5_0p02_0046_0004.uasset" 4784
"/Engine/EngineMaterials/Substrate/GLints/dict_16_192_64_0p5_0p02_0047_0003" 4785
"../../../Engine/Content/EngineMaterials/Substrate/GLints/dict_16_192_64_0p5_0p02_0046_0008.uasset" 4786
"/Engine/EngineMaterials/Substrate/GLints/dict_16_192_64_0p5_0p02_0046_0008" 4787
"/Engine/EngineMaterials/Substrate/GLints/dict_16_192_64_0p5_0p02_0046_0009" 4788
"/Engine/EngineMaterials/Substrate/GLints/dict_16_192_64_0p5_0p02_0047_0001" 4789
"/Engine/EngineMaterials/Substrate/GLints/dict_16_192_64_0p5_0p02_0046_0004" 4790
"/Engine/EngineMaterials/Substrate/GLints/dict_16_192_64_0p5_0p02_0047_0002" 4791
"../../../Engine/Content/EngineMaterials/Substrate/GLints/dict_16_192_64_0p5_0p02_0046_0006.uasset" 4792
"/Engine/EngineMaterials/Substrate/GLints/dict_16_192_64_0p5_0p02_0046_0007" 4793
"/Engine/EngineMaterials/Substrate/GLints/dict_16_192_64_0p5_0p02_0046_0006" 4794
"../../../Engine/Content/EngineMaterials/Substrate/GLints/dict_16_192_64_0p5_0p02_0046_0003.uasset" 4795
"../../../Engine/Content/EngineMaterials/Substrate/GLints/dict_16_192_64_0p5_0p02_0046_0000.uasset" 4796
"../../../Engine/Content/EngineMaterials/Substrate/GLints/dict_16_192_64_0p5_0p02_0046_0012.uasset" 4797
"../../../Engine/Content/EngineMaterials/Substrate/GLints/dict_16_192_64_0p5_0p02_0045_0015.uasset" 4798
"../../../Engine/Content/EngineMaterials/Substrate/GLints/dict_16_192_64_0p5_0p02_0046_0005.uasset" 4799
"../../../Engine/Content/EngineMaterials/Substrate/GLints/dict_16_192_64_0p5_0p02_0046_0001.uasset" 4800
"../../../Engine/Content/EngineMaterials/Substrate/GLints/dict_16_192_64_0p5_0p02_0046_0002.uasset" 4801
"../../../Engine/Content/EngineMaterials/Substrate/GLints/dict_16_192_64_0p5_0p02_0045_0010.uasset" 4802
"/Engine/EngineMaterials/Substrate/GLints/dict_16_192_64_0p5_0p02_0045_0015" 4803
"/Engine/EngineMaterials/Substrate/GLints/dict_16_192_64_0p5_0p02_0046_0000" 4804
"/Engine/EngineMaterials/Substrate/GLints/dict_16_192_64_0p5_0p02_0046_0012" 4805
"/Engine/EngineMaterials/Substrate/GLints/dict_16_192_64_0p5_0p02_0046_0001" 4806
"/Engine/EngineMaterials/Substrate/GLints/dict_16_192_64_0p5_0p02_0046_0003" 4807
"../../../Engine/Content/EngineMaterials/Substrate/GLints/dict_16_192_64_0p5_0p02_0045_0013.uasset" 4808
"/Engine/EngineMaterials/Substrate/GLints/dict_16_192_64_0p5_0p02_0046_0005" 4809
"/Engine/EngineMaterials/Substrate/GLints/dict_16_192_64_0p5_0p02_0045_0010" 4810
"../../../Engine/Content/EngineMaterials/Substrate/GLints/dict_16_192_64_0p5_0p02_0045_0006.uasset" 4811
"/Engine/EngineMaterials/Substrate/GLints/dict_16_192_64_0p5_0p02_0046_0002" 4812
"/Engine/EngineMaterials/Substrate/GLints/dict_16_192_64_0p5_0p02_0045_0013" 4813
"../../../Engine/Content/EngineMaterials/Substrate/GLints/dict_16_192_64_0p5_0p02_0045_0005.uasset" 4814
"../../../Engine/Content/EngineMaterials/Substrate/GLints/dict_16_192_64_0p5_0p02_0045_0012.uasset" 4815
"/Engine/EngineMaterials/Substrate/GLints/dict_16_192_64_0p5_0p02_0045_0005" 4816
"../../../Engine/Content/EngineMaterials/Substrate/GLints/dict_16_192_64_0p5_0p02_0045_0011.uasset" 4817
"/Engine/EngineMaterials/Substrate/GLints/dict_16_192_64_0p5_0p02_0045_0006" 4818
"/Engine/EngineMaterials/Substrate/GLints/dict_16_192_64_0p5_0p02_0045_0011" 4819
"../../../Engine/Content/EngineMaterials/Substrate/GLints/dict_16_192_64_0p5_0p02_0045_0003.uasset" 4820
"../../../Engine/Content/EngineMaterials/Substrate/GLints/dict_16_192_64_0p5_0p02_0045_0001.uasset" 4821
"/Engine/EngineMaterials/Substrate/GLints/dict_16_192_64_0p5_0p02_0045_0012" 4822
"/Engine/EngineMaterials/Substrate/GLints/dict_16_192_64_0p5_0p02_0045_0001" 4823
"../../../Engine/Content/EngineMaterials/Substrate/GLints/dict_16_192_64_0p5_0p02_0045_0002.uasset" 4824
"/Engine/EngineMaterials/Substrate/GLints/dict_16_192_64_0p5_0p02_0045_0003" 4825
"../../../Engine/Content/EngineMaterials/Substrate/GLints/dict_16_192_64_0p5_0p02_0045_0009.uasset" 4826
"../../../Engine/Content/EngineMaterials/Substrate/GLints/dict_16_192_64_0p5_0p02_0045_0014.uasset" 4827
"../../../Engine/Content/EngineMaterials/Substrate/GLints/dict_16_192_64_0p5_0p02_0044_0013.uasset" 4828
"../../../Engine/Content/EngineMaterials/Substrate/GLints/dict_16_192_64_0p5_0p02_0044_0015.uasset" 4829
"../../../Engine/Content/EngineMaterials/Substrate/GLints/dict_16_192_64_0p5_0p02_0045_0007.uasset" 4830
"../../../Engine/Content/EngineMaterials/Substrate/GLints/dict_16_192_64_0p5_0p02_0045_0004.uasset" 4831
"../../../Engine/Content/EngineMaterials/Substrate/GLints/dict_16_192_64_0p5_0p02_0044_0011.uasset" 4832
"../../../Engine/Content/EngineMaterials/Substrate/GLints/dict_16_192_64_0p5_0p02_0045_0000.uasset" 4833
"../../../Engine/Content/EngineMaterials/Substrate/GLints/dict_16_192_64_0p5_0p02_0044_0010.uasset" 4834
"../../../Engine/Content/EngineMaterials/Substrate/GLints/dict_16_192_64_0p5_0p02_0044_0009.uasset" 4835
"../../../Engine/Content/EngineMaterials/Substrate/GLints/dict_16_192_64_0p5_0p02_0044_0014.uasset" 4836
"/Engine/EngineMaterials/Substrate/GLints/dict_16_192_64_0p5_0p02_0045_0002" 4837
"/Engine/EngineMaterials/Substrate/GLints/dict_16_192_64_0p5_0p02_0045_0007" 4838
"/Engine/EngineMaterials/Substrate/GLints/dict_16_192_64_0p5_0p02_0044_0010" 4839
"../../../Engine/Content/EngineMaterials/Substrate/GLints/dict_16_192_64_0p5_0p02_0044_0006.uasset" 4840
"../../../Engine/Content/EngineMaterials/Substrate/GLints/dict_16_192_64_0p5_0p02_0044_0008.uasset" 4841
"../../../Engine/Content/EngineMaterials/Substrate/GLints/dict_16_192_64_0p5_0p02_0044_0005.uasset" 4842
"../../../Engine/Content/EngineMaterials/Substrate/GLints/dict_16_192_64_0p5_0p02_0045_0008.uasset" 4843
"/Engine/EngineMaterials/Substrate/GLints/dict_16_192_64_0p5_0p02_0044_0011" 4844
"/Engine/EngineMaterials/Substrate/GLints/dict_16_192_64_0p5_0p02_0045_0009" 4845
"../../../Engine/Content/EngineMaterials/Substrate/GLints/dict_16_192_64_0p5_0p02_0044_0012.uasset" 4846
"../../../Engine/Content/EngineMaterials/Substrate/GLints/dict_16_192_64_0p5_0p02_0044_0007.uasset" 4847
"/Engine/EngineMaterials/Substrate/GLints/dict_16_192_64_0p5_0p02_0044_0013" 4848
"../../../Engine/Content/EngineMaterials/Substrate/GLints/dict_16_192_64_0p5_0p02_0044_0004.uasset" 4849
"/Engine/EngineMaterials/Substrate/GLints/dict_16_192_64_0p5_0p02_0044_0014" 4850
"/Engine/EngineMaterials/Substrate/GLints/dict_16_192_64_0p5_0p02_0045_0014" 4851
"/Engine/EngineMaterials/Substrate/GLints/dict_16_192_64_0p5_0p02_0045_0004" 4852
"/Engine/EngineMaterials/Substrate/GLints/dict_16_192_64_0p5_0p02_0044_0015" 4853
"/Engine/EngineMaterials/Substrate/GLints/dict_16_192_64_0p5_0p02_0044_0009" 4854
"/Engine/EngineMaterials/Substrate/GLints/dict_16_192_64_0p5_0p02_0045_0000" 4855
"/Engine/EngineMaterials/Substrate/GLints/dict_16_192_64_0p5_0p02_0045_0008" 4856
"../../../Engine/Content/EngineMaterials/Substrate/GLints/dict_16_192_64_0p5_0p02_0044_0001.uasset" 4857
"/Engine/EngineMaterials/Substrate/GLints/dict_16_192_64_0p5_0p02_0044_0012" 4858
"../../../Engine/Content/EngineMaterials/Substrate/GLints/dict_16_192_64_0p5_0p02_0044_0003.uasset" 4859
"../../../Engine/Content/EngineMaterials/Substrate/GLints/dict_16_192_64_0p5_0p02_0044_0002.uasset" 4860
"/Engine/EngineMaterials/Substrate/GLints/dict_16_192_64_0p5_0p02_0044_0007" 4861
"/Engine/EngineMaterials/Substrate/GLints/dict_16_192_64_0p5_0p02_0044_0004" 4862
"/Engine/EngineMaterials/Substrate/GLints/dict_16_192_64_0p5_0p02_0044_0008" 4863
"/Engine/EngineMaterials/Substrate/GLints/dict_16_192_64_0p5_0p02_0044_0005" 4864
"/Engine/EngineMaterials/Substrate/GLints/dict_16_192_64_0p5_0p02_0044_0006" 4865
"/Engine/EngineMaterials/Substrate/GLints/dict_16_192_64_0p5_0p02_0044_0001" 4866
"/Engine/EngineMaterials/Substrate/GLints/dict_16_192_64_0p5_0p02_0044_0003" 4867
"/Engine/EngineMaterials/Substrate/GLints/dict_16_192_64_0p5_0p02_0044_0002" 4868
"../../../Engine/Content/EngineMaterials/Substrate/GLints/dict_16_192_64_0p5_0p02_0043_0014.uasset" 4869
"../../../Engine/Content/EngineMaterials/Substrate/GLints/dict_16_192_64_0p5_0p02_0044_0000.uasset" 4870
"../../../Engine/Content/EngineMaterials/Substrate/GLints/dict_16_192_64_0p5_0p02_0043_0012.uasset" 4871
"../../../Engine/Content/EngineMaterials/Substrate/GLints/dict_16_192_64_0p5_0p02_0043_0008.uasset" 4872
"/Engine/EngineMaterials/Substrate/GLints/dict_16_192_64_0p5_0p02_0043_0014" 4873
"../../../Engine/Content/EngineMaterials/Substrate/GLints/dict_16_192_64_0p5_0p02_0043_0013.uasset" 4874
"../../../Engine/Content/EngineMaterials/Substrate/GLints/dict_16_192_64_0p5_0p02_0043_0009.uasset" 4875
"/Engine/EngineMaterials/Substrate/GLints/dict_16_192_64_0p5_0p02_0044_0000" 4876
"/Engine/EngineMaterials/Substrate/GLints/dict_16_192_64_0p5_0p02_0043_0008" 4877
"/Engine/EngineMaterials/Substrate/GLints/dict_16_192_64_0p5_0p02_0043_0009" 4878
"/Engine/EngineMaterials/Substrate/GLints/dict_16_192_64_0p5_0p02_0043_0012" 4879
"/Engine/EngineMaterials/Substrate/GLints/dict_16_192_64_0p5_0p02_0043_0013" 4880
"../../../Engine/Content/EngineMaterials/Substrate/GLints/dict_16_192_64_0p5_0p02_0043_0007.uasset" 4881
"../../../Engine/Content/EngineMaterials/Substrate/GLints/dict_16_192_64_0p5_0p02_0043_0006.uasset" 4882
"../../../Engine/Content/EngineMaterials/Substrate/GLints/dict_16_192_64_0p5_0p02_0043_0011.uasset" 4883
"../../../Engine/Content/EngineMaterials/Substrate/GLints/dict_16_192_64_0p5_0p02_0043_0001.uasset" 4884
"../../../Engine/Content/EngineMaterials/Substrate/GLints/dict_16_192_64_0p5_0p02_0043_0004.uasset" 4885
"../../../Engine/Content/EngineMaterials/Substrate/GLints/dict_16_192_64_0p5_0p02_0043_0010.uasset" 4886
"../../../Engine/Content/EngineMaterials/Substrate/GLints/dict_16_192_64_0p5_0p02_0043_0015.uasset" 4887
"../../../Engine/Content/EngineMaterials/Substrate/GLints/dict_16_192_64_0p5_0p02_0043_0000.uasset" 4888
"../../../Engine/Content/EngineMaterials/Substrate/GLints/dict_16_192_64_0p5_0p02_0043_0003.uasset" 4889
"../../../Engine/Content/EngineMaterials/Substrate/GLints/dict_16_192_64_0p5_0p02_0043_0005.uasset" 4890
"/Engine/EngineMaterials/Substrate/GLints/dict_16_192_64_0p5_0p02_0043_0005" 4891
"../../../Engine/Content/EngineMaterials/Substrate/GLints/dict_16_192_64_0p5_0p02_0042_0013.uasset" 4892
"../../../Engine/Content/EngineMaterials/Substrate/GLints/dict_16_192_64_0p5_0p02_0042_0009.uasset" 4893
"/Engine/EngineMaterials/Substrate/GLints/dict_16_192_64_0p5_0p02_0043_0006" 4894
"../../../Engine/Content/EngineMaterials/Substrate/GLints/dict_16_192_64_0p5_0p02_0042_0005.uasset" 4895
"../../../Engine/Content/EngineMaterials/Substrate/GLints/dict_16_192_64_0p5_0p02_0042_0010.uasset" 4896
"../../../Engine/Content/EngineMaterials/Substrate/GLints/dict_16_192_64_0p5_0p02_0043_0002.uasset" 4897
"/Engine/EngineMaterials/Substrate/GLints/dict_16_192_64_0p5_0p02_0043_0007" 4898
"../../../Engine/Content/EngineMaterials/Substrate/GLints/dict_16_192_64_0p5_0p02_0042_0011.uasset" 4899
"/Engine/EngineMaterials/Substrate/GLints/dict_16_192_64_0p5_0p02_0043_0000" 4900
"/Engine/EngineMaterials/Substrate/GLints/dict_16_192_64_0p5_0p02_0043_0010" 4901
"../../../Engine/Content/EngineMaterials/Substrate/GLints/dict_16_192_64_0p5_0p02_0042_0006.uasset" 4902
"/Engine/EngineMaterials/Substrate/GLints/dict_16_192_64_0p5_0p02_0043_0001" 4903
"../../../Engine/Content/EngineMaterials/Substrate/GLints/dict_16_192_64_0p5_0p02_0042_0014.uasset" 4904
"../../../Engine/Content/EngineMaterials/Substrate/GLints/dict_16_192_64_0p5_0p02_0042_0012.uasset" 4905
"/Engine/EngineMaterials/Substrate/GLints/dict_16_192_64_0p5_0p02_0043_0011" 4906
"/Engine/EngineMaterials/Substrate/GLints/dict_16_192_64_0p5_0p02_0043_0003" 4907
"/Engine/EngineMaterials/Substrate/GLints/dict_16_192_64_0p5_0p02_0043_0015" 4908
"/Engine/EngineMaterials/Substrate/GLints/dict_16_192_64_0p5_0p02_0043_0004" 4909
"/Engine/EngineMaterials/Substrate/GLints/dict_16_192_64_0p5_0p02_0042_0011" 4910
"/Engine/EngineMaterials/Substrate/GLints/dict_16_192_64_0p5_0p02_0042_0014" 4911
"/Engine/EngineMaterials/Substrate/GLints/dict_16_192_64_0p5_0p02_0042_0005" 4912
"/Engine/EngineMaterials/Substrate/GLints/dict_16_192_64_0p5_0p02_0042_0006" 4913
"/Engine/EngineMaterials/Substrate/GLints/dict_16_192_64_0p5_0p02_0042_0012" 4914
"../../../Engine/Content/EngineMaterials/Substrate/GLints/dict_16_192_64_0p5_0p02_0042_0008.uasset" 4915
"/Engine/EngineMaterials/Substrate/GLints/dict_16_192_64_0p5_0p02_0043_0002" 4916
"../../../Engine/Content/EngineMaterials/Substrate/GLints/dict_16_192_64_0p5_0p02_0042_0007.uasset" 4917
"/Engine/EngineMaterials/Substrate/GLints/dict_16_192_64_0p5_0p02_0042_0013" 4918
"/Engine/EngineMaterials/Substrate/GLints/dict_16_192_64_0p5_0p02_0042_0009" 4919
"/Engine/EngineMaterials/Substrate/GLints/dict_16_192_64_0p5_0p02_0042_0010" 4920
"../../../Engine/Content/EngineMaterials/Substrate/GLints/dict_16_192_64_0p5_0p02_0042_0015.uasset" 4921
"/Engine/EngineMaterials/Substrate/GLints/dict_16_192_64_0p5_0p02_0042_0007" 4922
"/Engine/EngineMaterials/Substrate/GLints/dict_16_192_64_0p5_0p02_0042_0008" 4923
"/Engine/EngineMaterials/Substrate/GLints/dict_16_192_64_0p5_0p02_0042_0015" 4924
"../../../Engine/Content/EngineMaterials/Substrate/GLints/dict_16_192_64_0p5_0p02_0042_0002.uasset" 4925
"../../../Engine/Content/EngineMaterials/Substrate/GLints/dict_16_192_64_0p5_0p02_0042_0001.uasset" 4926
"../../../Engine/Content/EngineMaterials/Substrate/GLints/dict_16_192_64_0p5_0p02_0041_0014.uasset" 4927
"../../../Engine/Content/EngineMaterials/Substrate/GLints/dict_16_192_64_0p5_0p02_0041_0015.uasset" 4928
"/Engine/EngineMaterials/Substrate/GLints/dict_16_192_64_0p5_0p02_0041_0014" 4929
"/Engine/EngineMaterials/Substrate/GLints/dict_16_192_64_0p5_0p02_0041_0015" 4930
"/Engine/EngineMaterials/Substrate/GLints/dict_16_192_64_0p5_0p02_0042_0001" 4931
"/Engine/EngineMaterials/Substrate/GLints/dict_16_192_64_0p5_0p02_0042_0002" 4932
"../../../Engine/Content/EngineMaterials/Substrate/GLints/dict_16_192_64_0p5_0p02_0042_0000.uasset" 4933
"../../../Engine/Content/EngineMaterials/Substrate/GLints/dict_16_192_64_0p5_0p02_0042_0004.uasset" 4934
"../../../Engine/Content/EngineMaterials/Substrate/GLints/dict_16_192_64_0p5_0p02_0041_0007.uasset" 4935
"../../../Engine/Content/EngineMaterials/Substrate/GLints/dict_16_192_64_0p5_0p02_0041_0011.uasset" 4936
"../../../Engine/Content/EngineMaterials/Substrate/GLints/dict_16_192_64_0p5_0p02_0041_0008.uasset" 4937
"../../../Engine/Content/EngineMaterials/Substrate/GLints/dict_16_192_64_0p5_0p02_0041_0009.uasset" 4938
"../../../Engine/Content/EngineMaterials/Substrate/GLints/dict_16_192_64_0p5_0p02_0041_0012.uasset" 4939
"../../../Engine/Content/EngineMaterials/Substrate/GLints/dict_16_192_64_0p5_0p02_0042_0003.uasset" 4940
"/Engine/EngineMaterials/Substrate/GLints/dict_16_192_64_0p5_0p02_0041_0011" 4941
"../../../Engine/Content/EngineMaterials/Substrate/GLints/dict_16_192_64_0p5_0p02_0041_0010.uasset" 4942
"../../../Engine/Content/EngineMaterials/Substrate/GLints/dict_16_192_64_0p5_0p02_0041_0013.uasset" 4943
"../../../Engine/Content/EngineMaterials/Substrate/GLints/dict_16_192_64_0p5_0p02_0041_0005.uasset" 4944
"/Engine/EngineMaterials/Substrate/GLints/dict_16_192_64_0p5_0p02_0041_0012" 4945
"/Engine/EngineMaterials/Substrate/GLints/dict_16_192_64_0p5_0p02_0042_0000" 4946
"/Engine/EngineMaterials/Substrate/GLints/dict_16_192_64_0p5_0p02_0041_0007" 4947
"../../../Engine/Content/EngineMaterials/Substrate/GLints/dict_16_192_64_0p5_0p02_0040_0013.uasset" 4948
"/Engine/EngineMaterials/Substrate/GLints/dict_16_192_64_0p5_0p02_0041_0008" 4949
"../../../Engine/Content/EngineMaterials/Substrate/GLints/dict_16_192_64_0p5_0p02_0041_0006.uasset" 4950
"../../../Engine/Content/EngineMaterials/Substrate/GLints/dict_16_192_64_0p5_0p02_0041_0000.uasset" 4951
"/Engine/EngineMaterials/Substrate/GLints/dict_16_192_64_0p5_0p02_0041_0009" 4952
"../../../Engine/Content/EngineMaterials/Substrate/GLints/dict_16_192_64_0p5_0p02_0040_0014.uasset" 4953
"/Engine/EngineMaterials/Substrate/GLints/dict_16_192_64_0p5_0p02_0042_0003" 4954
"/Engine/EngineMaterials/Substrate/GLints/dict_16_192_64_0p5_0p02_0042_0004" 4955
"../../../Engine/Content/EngineMaterials/Substrate/GLints/dict_16_192_64_0p5_0p02_0040_0012.uasset" 4956
"/Engine/EngineMaterials/Substrate/GLints/dict_16_192_64_0p5_0p02_0041_0013" 4957
"/Engine/EngineMaterials/Substrate/GLints/dict_16_192_64_0p5_0p02_0041_0005" 4958
"/Engine/EngineMaterials/Substrate/GLints/dict_16_192_64_0p5_0p02_0041_0006" 4959
"/Engine/EngineMaterials/Substrate/GLints/dict_16_192_64_0p5_0p02_0040_0012" 4960
"../../../Engine/Content/EngineMaterials/Substrate/GLints/dict_16_192_64_0p5_0p02_0041_0001.uasset" 4961
"../../../Engine/Content/EngineMaterials/Substrate/GLints/dict_16_192_64_0p5_0p02_0041_0003.uasset" 4962
"/Engine/EngineMaterials/Substrate/GLints/dict_16_192_64_0p5_0p02_0040_0013" 4963
"/Engine/EngineMaterials/Substrate/GLints/dict_16_192_64_0p5_0p02_0041_0000" 4964
"/Engine/EngineMaterials/Substrate/GLints/dict_16_192_64_0p5_0p02_0040_0014" 4965
"../../../Engine/Content/EngineMaterials/Substrate/GLints/dict_16_192_64_0p5_0p02_0041_0004.uasset" 4966
"/Engine/EngineMaterials/Substrate/GLints/dict_16_192_64_0p5_0p02_0041_0010" 4967
"../../../Engine/Content/EngineMaterials/Substrate/GLints/dict_16_192_64_0p5_0p02_0040_0015.uasset" 4968
"/Engine/EngineMaterials/Substrate/GLints/dict_16_192_64_0p5_0p02_0041_0003" 4969
"../../../Engine/Content/EngineMaterials/Substrate/GLints/dict_16_192_64_0p5_0p02_0041_0002.uasset" 4970
"../../../Engine/Plugins/Animation/ControlRig/Content/Controls/ControlRig_RoundedTriangle_solid.uasset" 4971
"/Engine/EngineMaterials/Substrate/GLints/dict_16_192_64_0p5_0p02_0041_0004" 4972
"/Engine/EngineMaterials/Substrate/GLints/dict_16_192_64_0p5_0p02_0041_0001" 4973
"/ControlRig/Controls/ControlRig_RoundedTriangle_solid" 4974
"../../../Engine/Content/EngineMaterials/Substrate/GLints/dict_16_192_64_0p5_0p02_0040_0011.uasset" 4975
"../../../Engine/Plugins/Animation/ControlRig/Content/Controls/ControlRig_Sphere_1mm.uasset" 4976
"/Engine/EngineMaterials/Substrate/GLints/dict_16_192_64_0p5_0p02_0041_0002" 4977
"/Engine/EngineMaterials/Substrate/GLints/dict_16_192_64_0p5_0p02_0040_0015" 4978
"/ControlRig/Controls/ControlRig_Sphere_1mm" 4979
"../../../Engine/Content/EngineMaterials/Substrate/GLints/dict_16_192_64_0p5_0p02_0040_0010.uasset" 4980
"/Engine/EngineMaterials/Substrate/GLints/dict_16_192_64_0p5_0p02_0040_0011" 4981
"../../../Engine/Content/EngineMaterials/Substrate/GLints/dict_16_192_64_0p5_0p02_0040_0009.uasset" 4982
"../../../Engine/Content/EngineMaterials/Substrate/GLints/dict_16_192_64_0p5_0p02_0040_0005.uasset" 4983
"../../../Engine/Content/EngineMaterials/Substrate/GLints/dict_16_192_64_0p5_0p02_0040_0007.uasset" 4984
"../../../Engine/Plugins/Animation/ControlRig/Content/Controls/ControlRig_Sphere_3mm.uasset" 4985
"../../../Engine/Content/EngineMaterials/Substrate/GLints/dict_16_192_64_0p5_0p02_0040_0008.uasset" 4986
"/ControlRig/Controls/ControlRig_Sphere_3mm" 4987
"../../../Engine/Content/EngineMaterials/Substrate/GLints/dict_16_192_64_0p5_0p02_0040_0006.uasset" 4988
"/Engine/EngineMaterials/Substrate/GLints/dict_16_192_64_0p5_0p02_0040_0005" 4989
"/Engine/EngineMaterials/Substrate/GLints/dict_16_192_64_0p5_0p02_0040_0007" 4990
"../../../Engine/Content/EngineMaterials/Substrate/GLints/dict_16_192_64_0p5_0p02_0040_0002.uasset" 4991
"/Engine/EngineMaterials/Substrate/GLints/dict_16_192_64_0p5_0p02_0040_0009" 4992
"/Engine/EngineMaterials/Substrate/GLints/dict_16_192_64_0p5_0p02_0040_0010" 4993
"/Engine/EngineMaterials/Substrate/GLints/dict_16_192_64_0p5_0p02_0040_0006" 4994
"/Engine/EngineMaterials/Substrate/GLints/dict_16_192_64_0p5_0p02_0040_0008" 4995
"/Engine/EngineMaterials/Substrate/GLints/dict_16_192_64_0p5_0p02_0040_0002" 4996
"../../../Engine/Content/EngineMaterials/Substrate/GLints/dict_16_192_64_0p5_0p02_0040_0004.uasset" 4997
"../../../Engine/Content/EngineMaterials/Substrate/GLints/dict_16_192_64_0p5_0p02_0039_0011.uasset" 4998
"../../../Engine/Content/EngineMaterials/Substrate/GLints/dict_16_192_64_0p5_0p02_0039_0014.uasset" 4999
"../../../Engine/Content/EngineMaterials/Substrate/GLints/dict_16_192_64_0p5_0p02_0040_0003.uasset" 5000
"../../../Engine/Content/EngineMaterials/Substrate/GLints/dict_16_192_64_0p5_0p02_0039_0008.uasset" 5001
"../../../Engine/Content/EngineMaterials/Substrate/GLints/dict_16_192_64_0p5_0p02_0039_0013.uasset" 5002
"../../../Engine/Content/EngineMaterials/Substrate/GLints/dict_16_192_64_0p5_0p02_0040_0001.uasset" 5003
"../../../Engine/Content/EngineMaterials/Substrate/GLints/dict_16_192_64_0p5_0p02_0039_0010.uasset" 5004
"../../../Engine/Content/EngineMaterials/Substrate/GLints/dict_16_192_64_0p5_0p02_0039_0007.uasset" 5005
"../../../Engine/Content/EngineMaterials/Substrate/GLints/dict_16_192_64_0p5_0p02_0040_0000.uasset" 5006
"../../../Engine/Content/EngineMaterials/Substrate/GLints/dict_16_192_64_0p5_0p02_0039_0015.uasset" 5007
"../../../Engine/Content/EngineMaterials/Substrate/GLints/dict_16_192_64_0p5_0p02_0039_0012.uasset" 5008
"/Engine/EngineMaterials/Substrate/GLints/dict_16_192_64_0p5_0p02_0040_0003" 5009
"../../../Engine/Content/EngineMaterials/Substrate/GLints/dict_16_192_64_0p5_0p02_0039_0001.uasset" 5010
"../../../Engine/Content/EngineMaterials/Substrate/GLints/dict_16_192_64_0p5_0p02_0039_0003.uasset" 5011
"/Engine/EngineMaterials/Substrate/GLints/dict_16_192_64_0p5_0p02_0040_0004" 5012
"../../../Engine/Content/EngineMaterials/Substrate/GLints/dict_16_192_64_0p5_0p02_0039_0004.uasset" 5013
"/Engine/EngineMaterials/Substrate/GLints/dict_16_192_64_0p5_0p02_0039_0011" 5014
"/Engine/EngineMaterials/Substrate/GLints/dict_16_192_64_0p5_0p02_0039_0008" 5015
"../../../Engine/Content/EngineMaterials/Substrate/GLints/dict_16_192_64_0p5_0p02_0039_0005.uasset" 5016
"../../../Engine/Content/EngineMaterials/Substrate/GLints/dict_16_192_64_0p5_0p02_0038_0015.uasset" 5017
"../../../Engine/Content/EngineMaterials/Substrate/GLints/dict_16_192_64_0p5_0p02_0039_0009.uasset" 5018
"/Engine/EngineMaterials/Substrate/GLints/dict_16_192_64_0p5_0p02_0039_0007" 5019
"/Engine/EngineMaterials/Substrate/GLints/dict_16_192_64_0p5_0p02_0039_0012" 5020
"../../../Engine/Content/EngineMaterials/Substrate/GLints/dict_16_192_64_0p5_0p02_0039_0000.uasset" 5021
"/Engine/EngineMaterials/Substrate/GLints/dict_16_192_64_0p5_0p02_0039_0013" 5022
"../../../Engine/Plugins/Animation/ControlRig/Content/Controls/ControlRig_Square_3mm.uasset" 5023
"/Engine/EngineMaterials/Substrate/GLints/dict_16_192_64_0p5_0p02_0039_0014" 5024
"../../../Engine/Plugins/Animation/ControlRig/Content/Controls/ControlRig_Square_1mm.uasset" 5025
"/Engine/EngineMaterials/Substrate/GLints/dict_16_192_64_0p5_0p02_0039_0015" 5026
"../../../Engine/Content/EngineMaterials/Substrate/GLints/dict_16_192_64_0p5_0p02_0038_0011.uasset" 5027
"/Engine/EngineMaterials/Substrate/GLints/dict_16_192_64_0p5_0p02_0040_0000" 5028
"/Engine/EngineMaterials/Substrate/GLints/dict_16_192_64_0p5_0p02_0039_0010" 5029
"../../../Engine/Plugins/Animation/ControlRig/Content/Controls/ControlRig_Square_solid.uasset" 5030
"/Engine/EngineMaterials/Substrate/GLints/dict_16_192_64_0p5_0p02_0040_0001" 5031
"../../../Engine/Content/EngineMaterials/Substrate/GLints/dict_16_192_64_0p5_0p02_0039_0006.uasset" 5032
"../../../Engine/Content/EngineMaterials/Substrate/GLints/dict_16_192_64_0p5_0p02_0039_0002.uasset" 5033
"/ControlRig/Controls/ControlRig_Square_solid" 5034
"../../../Engine/Plugins/Animation/ControlRig/Content/Controls/ControlRig_Star4_solid.uasset" 5035
"../../../Engine/Plugins/Animation/ControlRig/Content/Controls/ControlRig_Star4_3mm.uasset" 5036
"/ControlRig/Controls/ControlRig_Square_3mm" 5037
"../../../Engine/Plugins/Animation/ControlRig/Content/Controls/ControlRig_Star4_1mm.uasset" 5038
"/ControlRig/Controls/ControlRig_Square_1mm" 5039
"../../../Engine/Content/EngineMaterials/Substrate/GLints/dict_16_192_64_0p5_0p02_0038_0005.uasset" 5040
"../../../Engine/Content/EngineMaterials/Substrate/GLints/dict_16_192_64_0p5_0p02_0038_0004.uasset" 5041
"../../../Engine/Plugins/Animation/ControlRig/Content/Controls/ControlRig_Triangle_1mm.uasset" 5042
"../../../Engine/Content/EngineMaterials/Substrate/GLints/dict_16_192_64_0p5_0p02_0038_0006.uasset" 5043
"/Engine/EngineMaterials/Substrate/GLints/dict_16_192_64_0p5_0p02_0039_0003" 5044
"../../../Engine/Content/EngineMaterials/Substrate/GLints/dict_16_192_64_0p5_0p02_0038_0008.uasset" 5045
"/Engine/EngineMaterials/Substrate/GLints/dict_16_192_64_0p5_0p02_0039_0005" 5046
"../../../Engine/Content/EngineMaterials/Substrate/GLints/dict_16_192_64_0p5_0p02_0038_0007.uasset" 5047
"/Engine/EngineMaterials/Substrate/GLints/dict_16_192_64_0p5_0p02_0039_0009" 5048
"/Engine/EngineMaterials/Substrate/GLints/dict_16_192_64_0p5_0p02_0039_0004" 5049
"../../../Engine/Content/EngineMaterials/Substrate/GLints/dict_16_192_64_0p5_0p02_0038_0014.uasset" 5050
"/Engine/EngineMaterials/Substrate/GLints/dict_16_192_64_0p5_0p02_0038_0015" 5051
"../../../Engine/Content/EngineMaterials/Substrate/GLints/dict_16_192_64_0p5_0p02_0038_0012.uasset" 5052
"/Engine/EngineMaterials/Substrate/GLints/dict_16_192_64_0p5_0p02_0038_0011" 5053
"../../../Engine/Content/EngineMaterials/Substrate/GLints/dict_16_192_64_0p5_0p02_0038_0013.uasset" 5054
"/Engine/EngineMaterials/Substrate/GLints/dict_16_192_64_0p5_0p02_0039_0000" 5055
"../../../Engine/Content/EngineMaterials/Substrate/GLints/dict_16_192_64_0p5_0p02_0038_0003.uasset" 5056
"/Engine/EngineMaterials/Substrate/GLints/dict_16_192_64_0p5_0p02_0039_0001" 5057
"/Engine/EngineMaterials/Substrate/GLints/dict_16_192_64_0p5_0p02_0039_0002" 5058
"/ControlRig/Controls/ControlRig_Triangle_1mm" 5059
"../../../Engine/Content/EngineMaterials/Substrate/GLints/dict_16_192_64_0p5_0p02_0038_0001.uasset" 5060
"/ControlRig/Controls/ControlRig_Star4_solid" 5061
"/ControlRig/Controls/ControlRig_Star4_3mm" 5062
"../../../Engine/Content/EngineMaterials/Substrate/GLints/dict_16_192_64_0p5_0p02_0038_0000.uasset" 5063
"../../../Engine/Content/EngineMaterials/Substrate/GLints/dict_16_192_64_0p5_0p02_0037_0015.uasset" 5064
"/ControlRig/Controls/ControlRig_Star4_1mm" 5065
"../../../Engine/Content/EngineMaterials/Substrate/GLints/dict_16_192_64_0p5_0p02_0038_0009.uasset" 5066
"/Engine/EngineMaterials/Substrate/GLints/dict_16_192_64_0p5_0p02_0038_0014" 5067
"../../../Engine/Content/EngineMaterials/Substrate/GLints/dict_16_192_64_0p5_0p02_0038_0002.uasset" 5068
"/Engine/EngineMaterials/Substrate/GLints/dict_16_192_64_0p5_0p02_0039_0006" 5069
"../../../Engine/Content/EngineMaterials/Substrate/GLints/dict_16_192_64_0p5_0p02_0037_0013.uasset" 5070
"/Engine/EngineMaterials/Substrate/GLints/dict_16_192_64_0p5_0p02_0038_0003" 5071
"../../../Engine/Content/EngineMaterials/Substrate/GLints/dict_16_192_64_0p5_0p02_0037_0012.uasset" 5072
"/Engine/EngineMaterials/Substrate/GLints/dict_16_192_64_0p5_0p02_0038_0004" 5073
"/Engine/EngineMaterials/Substrate/GLints/dict_16_192_64_0p5_0p02_0038_0005" 5074
"../../../Engine/Content/EngineMaterials/Substrate/GLints/dict_16_192_64_0p5_0p02_0038_0010.uasset" 5075
"../../../Engine/Content/EngineMaterials/Substrate/GLints/dict_16_192_64_0p5_0p02_0037_0014.uasset" 5076
"/Engine/EngineMaterials/Substrate/GLints/dict_16_192_64_0p5_0p02_0038_0006" 5077
"/Engine/EngineMaterials/Substrate/GLints/dict_16_192_64_0p5_0p02_0038_0007" 5078
"../../../Engine/Content/EngineMaterials/Substrate/GLints/dict_16_192_64_0p5_0p02_0037_0009.uasset" 5079
"/Engine/EngineMaterials/Substrate/GLints/dict_16_192_64_0p5_0p02_0038_0008" 5080
"../../../Engine/Content/EngineMaterials/Substrate/GLints/dict_16_192_64_0p5_0p02_0037_0007.uasset" 5081
"../../../Engine/Content/EngineMaterials/Substrate/GLints/dict_16_192_64_0p5_0p02_0037_0010.uasset" 5082
"/Engine/EngineMaterials/Substrate/GLints/dict_16_192_64_0p5_0p02_0038_0012" 5083
"../../../Engine/Content/EngineMaterials/Substrate/GLints/dict_16_192_64_0p5_0p02_0037_0008.uasset" 5084
"../../../Engine/Content/EngineMaterials/Substrate/GLints/dict_16_192_64_0p5_0p02_0037_0011.uasset" 5085
"/Engine/EngineMaterials/Substrate/GLints/dict_16_192_64_0p5_0p02_0038_0013" 5086
"../../../Engine/Content/EngineMaterials/Substrate/GLints/dict_16_192_64_0p5_0p02_0037_0005.uasset" 5087
"../../../Engine/Content/EngineMaterials/Substrate/GLints/dict_16_192_64_0p5_0p02_0037_0006.uasset" 5088
"/Engine/EngineMaterials/Substrate/GLints/dict_16_192_64_0p5_0p02_0037_0005" 5089
"/Engine/EngineMaterials/Substrate/GLints/dict_16_192_64_0p5_0p02_0037_0007" 5090
"/Engine/EngineMaterials/Substrate/GLints/dict_16_192_64_0p5_0p02_0037_0015" 5091
"/Engine/EngineMaterials/Substrate/GLints/dict_16_192_64_0p5_0p02_0038_0000" 5092
"/Engine/EngineMaterials/Substrate/GLints/dict_16_192_64_0p5_0p02_0038_0001" 5093
"/Engine/EngineMaterials/Substrate/GLints/dict_16_192_64_0p5_0p02_0038_0002" 5094
"/Engine/EngineMaterials/Substrate/GLints/dict_16_192_64_0p5_0p02_0037_0008" 5095
"../../../Engine/Content/EngineMaterials/Substrate/GLints/dict_16_192_64_0p5_0p02_0037_0003.uasset" 5096
"/Engine/EngineMaterials/Substrate/GLints/dict_16_192_64_0p5_0p02_0037_0009" 5097
"/Engine/EngineMaterials/Substrate/GLints/dict_16_192_64_0p5_0p02_0037_0010" 5098
"../../../Engine/Content/EngineMaterials/Substrate/GLints/dict_16_192_64_0p5_0p02_0037_0004.uasset" 5099
"../../../Engine/Content/EngineMaterials/Substrate/GLints/dict_16_192_64_0p5_0p02_0037_0002.uasset" 5100
"/Engine/EngineMaterials/Substrate/GLints/dict_16_192_64_0p5_0p02_0037_0011" 5101
"/Engine/EngineMaterials/Substrate/GLints/dict_16_192_64_0p5_0p02_0037_0012" 5102
"/Engine/EngineMaterials/Substrate/GLints/dict_16_192_64_0p5_0p02_0038_0009" 5103
"/Engine/EngineMaterials/Substrate/GLints/dict_16_192_64_0p5_0p02_0038_0010" 5104
"/Engine/EngineMaterials/Substrate/GLints/dict_16_192_64_0p5_0p02_0037_0013" 5105
"/Engine/EngineMaterials/Substrate/GLints/dict_16_192_64_0p5_0p02_0037_0014" 5106
"/Engine/EngineMaterials/Substrate/GLints/dict_16_192_64_0p5_0p02_0037_0003" 5107
"/Engine/EngineMaterials/Substrate/GLints/dict_16_192_64_0p5_0p02_0037_0004" 5108
"../../../Engine/Content/EngineMaterials/Substrate/GLints/dict_16_192_64_0p5_0p02_0037_0001.uasset" 5109
"../../../Engine/Content/EngineMaterials/Substrate/GLints/dict_16_192_64_0p5_0p02_0036_0015.uasset" 5110
"/Engine/EngineMaterials/Substrate/GLints/dict_16_192_64_0p5_0p02_0037_0006" 5111
"../../../Engine/Content/EngineMaterials/Substrate/GLints/dict_16_192_64_0p5_0p02_0036_0012.uasset" 5112
"/Engine/EngineMaterials/Substrate/GLints/dict_16_192_64_0p5_0p02_0037_0002" 5113
"../../../Engine/Content/EngineMaterials/Substrate/GLints/dict_16_192_64_0p5_0p02_0036_0011.uasset" 5114
"/Engine/EngineMaterials/Substrate/GLints/dict_16_192_64_0p5_0p02_0036_0011" 5115
"/Engine/EngineMaterials/Substrate/GLints/dict_16_192_64_0p5_0p02_0036_0012" 5116
"../../../Engine/Content/EngineMaterials/Substrate/GLints/dict_16_192_64_0p5_0p02_0036_0009.uasset" 5117
"/Engine/EngineMaterials/Substrate/GLints/dict_16_192_64_0p5_0p02_0036_0015" 5118
"../../../Engine/Content/EngineMaterials/Substrate/GLints/dict_16_192_64_0p5_0p02_0036_0006.uasset" 5119
"/Engine/EngineMaterials/Substrate/GLints/dict_16_192_64_0p5_0p02_0037_0001" 5120
"/Engine/EngineMaterials/Substrate/GLints/dict_16_192_64_0p5_0p02_0036_0006" 5121
"../../../Engine/Content/EngineMaterials/Substrate/GLints/dict_16_192_64_0p5_0p02_0036_0013.uasset" 5122
"/Engine/EngineMaterials/Substrate/GLints/dict_16_192_64_0p5_0p02_0036_0009" 5123
"/Engine/EngineMaterials/Substrate/GLints/dict_16_192_64_0p5_0p02_0036_0013" 5124
"../../../Engine/Content/EngineMaterials/Substrate/GLints/dict_16_192_64_0p5_0p02_0036_0010.uasset" 5125
"../../../Engine/Content/EngineMaterials/Substrate/GLints/dict_16_192_64_0p5_0p02_0036_0008.uasset" 5126
"../../../Engine/Content/EngineMaterials/Substrate/GLints/dict_16_192_64_0p5_0p02_0036_0005.uasset" 5127
"../../../Engine/Content/EngineMaterials/Substrate/GLints/dict_16_192_64_0p5_0p02_0036_0003.uasset" 5128
"../../../Engine/Content/EngineMaterials/Substrate/GLints/dict_16_192_64_0p5_0p02_0036_0002.uasset" 5129
"../../../Engine/Content/EngineMaterials/Substrate/GLints/dict_16_192_64_0p5_0p02_0036_0004.uasset" 5130
"../../../Engine/Content/EngineMaterials/Substrate/GLints/dict_16_192_64_0p5_0p02_0036_0007.uasset" 5131
"../../../Engine/Content/EngineMaterials/Substrate/GLints/dict_16_192_64_0p5_0p02_0036_0001.uasset" 5132
"../../../Engine/Content/EngineMaterials/Substrate/GLints/dict_16_192_64_0p5_0p02_0035_0015.uasset" 5133
"../../../Engine/Content/EngineMaterials/Substrate/GLints/dict_16_192_64_0p5_0p02_0035_0014.uasset" 5134
"../../../Engine/Content/EngineMaterials/Substrate/GLints/dict_16_192_64_0p5_0p02_0035_0013.uasset" 5135
"../../../Engine/Content/EngineMaterials/Substrate/GLints/dict_16_192_64_0p5_0p02_0036_0000.uasset" 5136
"../../../Engine/Content/EngineMaterials/Substrate/GLints/dict_16_192_64_0p5_0p02_0035_0012.uasset" 5137
"../../../Engine/Content/EngineMaterials/Substrate/GLints/dict_16_192_64_0p5_0p02_0035_0005.uasset" 5138
"../../../Engine/Content/EngineMaterials/Substrate/GLints/dict_16_192_64_0p5_0p02_0035_0011.uasset" 5139
"../../../Engine/Content/EngineMaterials/Substrate/GLints/dict_16_192_64_0p5_0p02_0035_0009.uasset" 5140
"../../../Engine/Content/EngineMaterials/Substrate/GLints/dict_16_192_64_0p5_0p02_0035_0006.uasset" 5141
"../../../Engine/Content/EngineMaterials/Substrate/GLints/dict_16_192_64_0p5_0p02_0035_0002.uasset" 5142
"../../../Engine/Content/EngineMaterials/Substrate/GLints/dict_16_192_64_0p5_0p02_0035_0010.uasset" 5143
"../../../Engine/Content/EngineMaterials/Substrate/GLints/dict_16_192_64_0p5_0p02_0035_0007.uasset" 5144
"../../../Engine/Content/EngineMaterials/Substrate/GLints/dict_16_192_64_0p5_0p02_0035_0003.uasset" 5145
"../../../Engine/Content/EngineMaterials/Substrate/GLints/dict_16_192_64_0p5_0p02_0035_0008.uasset" 5146
"../../../Engine/Content/EngineMaterials/Substrate/GLints/dict_16_192_64_0p5_0p02_0037_0000.uasset" 5147
"../../../Engine/Content/EngineMaterials/Substrate/GLints/dict_16_192_64_0p5_0p02_0035_0004.uasset" 5148
"../../../Engine/Content/EngineMaterials/Substrate/GLints/dict_16_192_64_0p5_0p02_0035_0000.uasset" 5149
"../../../Engine/Content/EngineMaterials/Substrate/GLints/dict_16_192_64_0p5_0p02_0035_0001.uasset" 5150
"../../../Engine/Content/EngineMaterials/Substrate/GLints/dict_16_192_64_0p5_0p02_0034_0012.uasset" 5151
"../../../Engine/Content/EngineMaterials/Substrate/GLints/dict_16_192_64_0p5_0p02_0034_0013.uasset" 5152
"../../../Engine/Content/EngineMaterials/Substrate/GLints/dict_16_192_64_0p5_0p02_0034_0015.uasset" 5153
"../../../Engine/Content/EngineMaterials/Substrate/GLints/dict_16_192_64_0p5_0p02_0034_0014.uasset" 5154
"../../../Engine/Content/EngineMaterials/Substrate/GLints/dict_16_192_64_0p5_0p02_0034_0011.uasset" 5155
"../../../Engine/Content/EngineMaterials/Substrate/GLints/dict_16_192_64_0p5_0p02_0036_0014.uasset" 5156
"/Engine/EngineMaterials/Substrate/GLints/dict_16_192_64_0p5_0p02_0036_0005" 5157
"/Engine/EngineMaterials/Substrate/GLints/dict_16_192_64_0p5_0p02_0034_0012" 5158
"/Engine/EngineMaterials/Substrate/GLints/dict_16_192_64_0p5_0p02_0036_0007" 5159
"/Engine/EngineMaterials/Substrate/GLints/dict_16_192_64_0p5_0p02_0036_0008" 5160
"/Engine/EngineMaterials/Substrate/GLints/dict_16_192_64_0p5_0p02_0035_0002" 5161
"/Engine/EngineMaterials/Substrate/GLints/dict_16_192_64_0p5_0p02_0035_0003" 5162
"/Engine/EngineMaterials/Substrate/GLints/dict_16_192_64_0p5_0p02_0035_0006" 5163
"/Engine/EngineMaterials/Substrate/GLints/dict_16_192_64_0p5_0p02_0034_0013" 5164
"/Engine/EngineMaterials/Substrate/GLints/dict_16_192_64_0p5_0p02_0035_0004" 5165
"/Engine/EngineMaterials/Substrate/GLints/dict_16_192_64_0p5_0p02_0035_0007" 5166
"/Engine/EngineMaterials/Substrate/GLints/dict_16_192_64_0p5_0p02_0036_0010" 5167
"/Engine/EngineMaterials/Substrate/GLints/dict_16_192_64_0p5_0p02_0035_0008" 5168
"/Engine/EngineMaterials/Substrate/GLints/dict_16_192_64_0p5_0p02_0035_0009" 5169
"/Engine/EngineMaterials/Substrate/GLints/dict_16_192_64_0p5_0p02_0035_0010" 5170
"/Engine/EngineMaterials/Substrate/GLints/dict_16_192_64_0p5_0p02_0035_0011" 5171
"/Engine/EngineMaterials/Substrate/GLints/dict_16_192_64_0p5_0p02_0035_0012" 5172
"/Engine/EngineMaterials/Substrate/GLints/dict_16_192_64_0p5_0p02_0034_0014" 5173
"/Engine/EngineMaterials/Substrate/GLints/dict_16_192_64_0p5_0p02_0034_0015" 5174
"/Engine/EngineMaterials/Substrate/GLints/dict_16_192_64_0p5_0p02_0035_0013" 5175
"/Engine/EngineMaterials/Substrate/GLints/dict_16_192_64_0p5_0p02_0034_0011" 5176
"/Engine/EngineMaterials/Substrate/GLints/dict_16_192_64_0p5_0p02_0036_0014" 5177
"/Engine/EngineMaterials/Substrate/GLints/dict_16_192_64_0p5_0p02_0035_0014" 5178
"/Engine/EngineMaterials/Substrate/GLints/dict_16_192_64_0p5_0p02_0035_0015" 5179
"/Engine/EngineMaterials/Substrate/GLints/dict_16_192_64_0p5_0p02_0035_0000" 5180
"/Engine/EngineMaterials/Substrate/GLints/dict_16_192_64_0p5_0p02_0037_0000" 5181
"/Engine/EngineMaterials/Substrate/GLints/dict_16_192_64_0p5_0p02_0036_0000" 5182
"/Engine/EngineMaterials/Substrate/GLints/dict_16_192_64_0p5_0p02_0036_0001" 5183
"/Engine/EngineMaterials/Substrate/GLints/dict_16_192_64_0p5_0p02_0036_0002" 5184
"/Engine/EngineMaterials/Substrate/GLints/dict_16_192_64_0p5_0p02_0035_0001" 5185
"/Engine/EngineMaterials/Substrate/GLints/dict_16_192_64_0p5_0p02_0036_0003" 5186
"/Engine/EngineMaterials/Substrate/GLints/dict_16_192_64_0p5_0p02_0035_0005" 5187
"/Engine/EngineMaterials/Substrate/GLints/dict_16_192_64_0p5_0p02_0036_0004" 5188
"../../../Engine/Content/EngineMaterials/Substrate/GLints/dict_16_192_64_0p5_0p02_0034_0007.uasset" 5189
"../../../Engine/Content/EngineMaterials/Substrate/GLints/dict_16_192_64_0p5_0p02_0034_0003.uasset" 5190
"/Engine/EngineMaterials/Substrate/GLints/dict_16_192_64_0p5_0p02_0034_0007" 5191
"../../../Engine/Content/EngineMaterials/Substrate/GLints/dict_16_192_64_0p5_0p02_0034_0010.uasset" 5192
"../../../Engine/Content/EngineMaterials/Substrate/GLints/dict_16_192_64_0p5_0p02_0034_0004.uasset" 5193
"/Engine/EngineMaterials/Substrate/GLints/dict_16_192_64_0p5_0p02_0034_0003" 5194
"../../../Engine/Content/EngineMaterials/Substrate/GLints/dict_16_192_64_0p5_0p02_0034_0002.uasset" 5195
"../../../Engine/Content/EngineMaterials/Substrate/GLints/dict_16_192_64_0p5_0p02_0034_0001.uasset" 5196
"../../../Engine/Content/EngineMaterials/Substrate/GLints/dict_16_192_64_0p5_0p02_0034_0006.uasset" 5197
"../../../Engine/Content/EngineMaterials/Substrate/GLints/dict_16_192_64_0p5_0p02_0034_0005.uasset" 5198
"/Engine/EngineMaterials/Substrate/GLints/dict_16_192_64_0p5_0p02_0034_0010" 5199
"../../../Engine/Content/EngineMaterials/Substrate/GLints/dict_16_192_64_0p5_0p02_0034_0008.uasset" 5200
"/Engine/EngineMaterials/Substrate/GLints/dict_16_192_64_0p5_0p02_0034_0001" 5201
"/Engine/EngineMaterials/Substrate/GLints/dict_16_192_64_0p5_0p02_0034_0002" 5202
"/Engine/EngineMaterials/Substrate/GLints/dict_16_192_64_0p5_0p02_0034_0004" 5203
"../../../Engine/Content/EngineMaterials/Substrate/GLints/dict_16_192_64_0p5_0p02_0034_0009.uasset" 5204
"/Engine/EngineMaterials/Substrate/GLints/dict_16_192_64_0p5_0p02_0034_0005" 5205
"/Engine/EngineMaterials/Substrate/GLints/dict_16_192_64_0p5_0p02_0034_0006" 5206
"/Engine/EngineMaterials/Substrate/GLints/dict_16_192_64_0p5_0p02_0034_0008" 5207
"/Engine/EngineMaterials/Substrate/GLints/dict_16_192_64_0p5_0p02_0034_0009" 5208
"../../../Engine/Content/EngineMaterials/Substrate/GLints/dict_16_192_64_0p5_0p02_0034_0000.uasset" 5209
"/Engine/EngineMaterials/Substrate/GLints/dict_16_192_64_0p5_0p02_0034_0000" 5210
"../../../Engine/Content/EngineMaterials/Substrate/GLints/dict_16_192_64_0p5_0p02_0033_0013.uasset" 5211
"../../../Engine/Content/EngineMaterials/Substrate/GLints/dict_16_192_64_0p5_0p02_0033_0011.uasset" 5212
"../../../Engine/Content/EngineMaterials/Substrate/GLints/dict_16_192_64_0p5_0p02_0033_0009.uasset" 5213
"../../../Engine/Content/EngineMaterials/Substrate/GLints/dict_16_192_64_0p5_0p02_0033_0015.uasset" 5214
"/Engine/EngineMaterials/Substrate/GLints/dict_16_192_64_0p5_0p02_0033_0009" 5215
"/Engine/EngineMaterials/Substrate/GLints/dict_16_192_64_0p5_0p02_0033_0011" 5216
"/Engine/EngineMaterials/Substrate/GLints/dict_16_192_64_0p5_0p02_0033_0013" 5217
"/Engine/EngineMaterials/Substrate/GLints/dict_16_192_64_0p5_0p02_0033_0015" 5218
"../../../Engine/Content/EngineMaterials/Substrate/GLints/dict_16_192_64_0p5_0p02_0033_0014.uasset" 5219
"../../../Engine/Content/EngineMaterials/Substrate/GLints/dict_16_192_64_0p5_0p02_0033_0004.uasset" 5220
"../../../Engine/Content/EngineMaterials/Substrate/GLints/dict_16_192_64_0p5_0p02_0033_0002.uasset" 5221
"../../../Engine/Content/EngineMaterials/Substrate/GLints/dict_16_192_64_0p5_0p02_0033_0008.uasset" 5222
"../../../Engine/Content/EngineMaterials/Substrate/GLints/dict_16_192_64_0p5_0p02_0033_0005.uasset" 5223
"../../../Engine/Content/EngineMaterials/Substrate/GLints/dict_16_192_64_0p5_0p02_0033_0006.uasset" 5224
"../../../Engine/Content/EngineMaterials/Substrate/GLints/dict_16_192_64_0p5_0p02_0033_0010.uasset" 5225
"../../../Engine/Content/EngineMaterials/Substrate/GLints/dict_16_192_64_0p5_0p02_0032_0015.uasset" 5226
"../../../Engine/Content/EngineMaterials/Substrate/GLints/dict_16_192_64_0p5_0p02_0033_0007.uasset" 5227
"../../../Engine/Content/EngineMaterials/Substrate/GLints/dict_16_192_64_0p5_0p02_0033_0001.uasset" 5228
"../../../Engine/Content/EngineMaterials/Substrate/GLints/dict_16_192_64_0p5_0p02_0033_0012.uasset" 5229
"../../../Engine/Content/EngineMaterials/Substrate/GLints/dict_16_192_64_0p5_0p02_0033_0000.uasset" 5230
"/Engine/EngineMaterials/Substrate/GLints/dict_16_192_64_0p5_0p02_0032_0015" 5231
"../../../Engine/Content/EngineMaterials/Substrate/GLints/dict_16_192_64_0p5_0p02_0033_0003.uasset" 5232
"/Engine/EngineMaterials/Substrate/GLints/dict_16_192_64_0p5_0p02_0033_0000" 5233
"/Engine/EngineMaterials/Substrate/GLints/dict_16_192_64_0p5_0p02_0033_0001" 5234
"/Engine/EngineMaterials/Substrate/GLints/dict_16_192_64_0p5_0p02_0033_0002" 5235
"../../../Engine/Content/EngineMaterials/Substrate/GLints/dict_16_192_64_0p5_0p02_0032_0008.uasset" 5236
"../../../Engine/Content/EngineMaterials/Substrate/GLints/dict_16_192_64_0p5_0p02_0032_0009.uasset" 5237
"/Engine/EngineMaterials/Substrate/GLints/dict_16_192_64_0p5_0p02_0033_0004" 5238
"../../../Engine/Content/EngineMaterials/Substrate/GLints/dict_16_192_64_0p5_0p02_0032_0011.uasset" 5239
"../../../Engine/Content/EngineMaterials/Substrate/GLints/dict_16_192_64_0p5_0p02_0032_0013.uasset" 5240
"/Engine/EngineMaterials/Substrate/GLints/dict_16_192_64_0p5_0p02_0033_0005" 5241
"../../../Engine/Content/EngineMaterials/Substrate/GLints/dict_16_192_64_0p5_0p02_0032_0007.uasset" 5242
"../../../Engine/Content/EngineMaterials/Substrate/GLints/dict_16_192_64_0p5_0p02_0032_0006.uasset" 5243
"/Engine/EngineMaterials/Substrate/GLints/dict_16_192_64_0p5_0p02_0033_0006" 5244
"../../../Engine/Content/EngineMaterials/Substrate/GLints/dict_16_192_64_0p5_0p02_0032_0005.uasset" 5245
"../../../Engine/Content/EngineMaterials/Substrate/GLints/dict_16_192_64_0p5_0p02_0032_0010.uasset" 5246
"../../../Engine/Content/EngineMaterials/Substrate/GLints/dict_16_192_64_0p5_0p02_0032_0014.uasset" 5247
"../../../Engine/Content/EngineMaterials/Substrate/GLints/dict_16_192_64_0p5_0p02_0031_0014.uasset" 5248
"../../../Engine/Content/EngineMaterials/Substrate/GLints/dict_16_192_64_0p5_0p02_0032_0003.uasset" 5249
"/Engine/EngineMaterials/Substrate/GLints/dict_16_192_64_0p5_0p02_0033_0007" 5250
"../../../Engine/Content/EngineMaterials/Substrate/GLints/dict_16_192_64_0p5_0p02_0032_0012.uasset" 5251
"/Engine/EngineMaterials/Substrate/GLints/dict_16_192_64_0p5_0p02_0033_0008" 5252
"../../../Engine/Content/EngineMaterials/Substrate/GLints/dict_16_192_64_0p5_0p02_0031_0015.uasset" 5253
"../../../Engine/Content/EngineMaterials/Substrate/GLints/dict_16_192_64_0p5_0p02_0032_0004.uasset" 5254
"/Engine/EngineMaterials/Substrate/GLints/dict_16_192_64_0p5_0p02_0033_0010" 5255
"../../../Engine/Content/EngineMaterials/Substrate/GLints/dict_16_192_64_0p5_0p02_0032_0000.uasset" 5256
"../../../Engine/Content/EngineMaterials/Substrate/GLints/dict_16_192_64_0p5_0p02_0031_0013.uasset" 5257
"/Engine/EngineMaterials/Substrate/GLints/dict_16_192_64_0p5_0p02_0033_0012" 5258
"/Engine/EngineMaterials/Substrate/GLints/dict_16_192_64_0p5_0p02_0033_0014" 5259
"../../../Engine/Content/EngineMaterials/Substrate/GLints/dict_16_192_64_0p5_0p02_0031_0012.uasset" 5260
"../../../Engine/Content/EngineMaterials/Substrate/GLints/dict_16_192_64_0p5_0p02_0032_0001.uasset" 5261
"/Engine/EngineMaterials/Substrate/GLints/dict_16_192_64_0p5_0p02_0032_0011" 5262
"../../../Engine/Content/EngineMaterials/Substrate/GLints/dict_16_192_64_0p5_0p02_0032_0002.uasset" 5263
"/Engine/EngineMaterials/Substrate/GLints/dict_16_192_64_0p5_0p02_0032_0012" 5264
"/Engine/EngineMaterials/Substrate/GLints/dict_16_192_64_0p5_0p02_0032_0013" 5265
"/Engine/EngineMaterials/Substrate/GLints/dict_16_192_64_0p5_0p02_0032_0014" 5266
"../../../Engine/Content/EngineMaterials/Substrate/GLints/dict_16_192_64_0p5_0p02_0031_0007.uasset" 5267
"../../../Engine/Content/EngineMaterials/Substrate/GLints/dict_16_192_64_0p5_0p02_0031_0010.uasset" 5268
"../../../Engine/Content/EngineMaterials/Substrate/GLints/dict_16_192_64_0p5_0p02_0031_0011.uasset" 5269
"../../../Engine/Content/EngineMaterials/Substrate/GLints/dict_16_192_64_0p5_0p02_0031_0006.uasset" 5270
"/Engine/EngineMaterials/Substrate/GLints/dict_16_192_64_0p5_0p02_0033_0003" 5271
"../../../Engine/Content/EngineMaterials/Substrate/GLints/dict_16_192_64_0p5_0p02_0031_0003.uasset" 5272
"/Engine/EngineMaterials/Substrate/GLints/dict_16_192_64_0p5_0p02_0031_0013" 5273
"../../../Engine/Content/EngineMaterials/Substrate/GLints/dict_16_192_64_0p5_0p02_0031_0005.uasset" 5274
"/Engine/EngineMaterials/Substrate/GLints/dict_16_192_64_0p5_0p02_0031_0014" 5275
"../../../Engine/Content/EngineMaterials/Substrate/GLints/dict_16_192_64_0p5_0p02_0031_0004.uasset" 5276
"/Engine/EngineMaterials/Substrate/GLints/dict_16_192_64_0p5_0p02_0031_0015" 5277
"/Engine/EngineMaterials/Substrate/GLints/dict_16_192_64_0p5_0p02_0031_0012" 5278
"/Engine/EngineMaterials/Substrate/GLints/dict_16_192_64_0p5_0p02_0032_0000" 5279
"../../../Engine/Content/EngineMaterials/Substrate/GLints/dict_16_192_64_0p5_0p02_0031_0008.uasset" 5280
"/Engine/EngineMaterials/Substrate/GLints/dict_16_192_64_0p5_0p02_0032_0003" 5281
"/Engine/EngineMaterials/Substrate/GLints/dict_16_192_64_0p5_0p02_0032_0004" 5282
"/Engine/EngineMaterials/Substrate/GLints/dict_16_192_64_0p5_0p02_0032_0008" 5283
"/Engine/EngineMaterials/Substrate/GLints/dict_16_192_64_0p5_0p02_0032_0005" 5284
"../../../Engine/Content/EngineMaterials/Substrate/GLints/dict_16_192_64_0p5_0p02_0031_0009.uasset" 5285
"../../../Engine/Content/EngineMaterials/Substrate/GLints/dict_16_192_64_0p5_0p02_0031_0000.uasset" 5286
"../../../Engine/Content/EngineMaterials/Substrate/GLints/dict_16_192_64_0p5_0p02_0031_0002.uasset" 5287
"/Engine/EngineMaterials/Substrate/GLints/dict_16_192_64_0p5_0p02_0032_0006" 5288
"/Engine/EngineMaterials/Substrate/GLints/dict_16_192_64_0p5_0p02_0032_0007" 5289
"/Engine/EngineMaterials/Substrate/GLints/dict_16_192_64_0p5_0p02_0032_0010" 5290
"../../../Engine/Content/EngineMaterials/Substrate/GLints/dict_16_192_64_0p5_0p02_0031_0001.uasset" 5291
"/Engine/EngineMaterials/Substrate/GLints/dict_16_192_64_0p5_0p02_0032_0009" 5292
"/Engine/EngineMaterials/Substrate/GLints/dict_16_192_64_0p5_0p02_0031_0000" 5293
"/Engine/EngineMaterials/Substrate/GLints/dict_16_192_64_0p5_0p02_0031_0001" 5294
"/Engine/EngineMaterials/Substrate/GLints/dict_16_192_64_0p5_0p02_0031_0002" 5295
"/Engine/EngineMaterials/Substrate/GLints/dict_16_192_64_0p5_0p02_0031_0003" 5296
"/Engine/EngineMaterials/Substrate/GLints/dict_16_192_64_0p5_0p02_0031_0004" 5297
"/Engine/EngineMaterials/Substrate/GLints/dict_16_192_64_0p5_0p02_0031_0005" 5298
"/Engine/EngineMaterials/Substrate/GLints/dict_16_192_64_0p5_0p02_0031_0006" 5299
"/Engine/EngineMaterials/Substrate/GLints/dict_16_192_64_0p5_0p02_0031_0007" 5300
"../../../Engine/Content/EngineMaterials/Substrate/GLints/dict_16_192_64_0p5_0p02_0030_0014.uasset" 5301
"../../../Engine/Content/EngineMaterials/Substrate/GLints/dict_16_192_64_0p5_0p02_0030_0015.uasset" 5302
"/Engine/EngineMaterials/Substrate/GLints/dict_16_192_64_0p5_0p02_0031_0008" 5303
"../../../Engine/Content/EngineMaterials/Substrate/GLints/dict_16_192_64_0p5_0p02_0030_0008.uasset" 5304
"/Engine/EngineMaterials/Substrate/GLints/dict_16_192_64_0p5_0p02_0031_0009" 5305
"../../../Engine/Content/EngineMaterials/Substrate/GLints/dict_16_192_64_0p5_0p02_0030_0007.uasset" 5306
"/Engine/EngineMaterials/Substrate/GLints/dict_16_192_64_0p5_0p02_0031_0010" 5307
"../../../Engine/Content/EngineMaterials/Substrate/GLints/dict_16_192_64_0p5_0p02_0030_0005.uasset" 5308
"/Engine/EngineMaterials/Substrate/GLints/dict_16_192_64_0p5_0p02_0031_0011" 5309
"../../../Engine/Content/EngineMaterials/Substrate/GLints/dict_16_192_64_0p5_0p02_0030_0013.uasset" 5310
"/Engine/EngineMaterials/Substrate/GLints/dict_16_192_64_0p5_0p02_0032_0001" 5311
"../../../Engine/Content/EngineMaterials/Substrate/GLints/dict_16_192_64_0p5_0p02_0030_0010.uasset" 5312
"/Engine/EngineMaterials/Substrate/GLints/dict_16_192_64_0p5_0p02_0032_0002" 5313
"../../../Engine/Content/EngineMaterials/Substrate/GLints/dict_16_192_64_0p5_0p02_0030_0004.uasset" 5314
"/Engine/EngineMaterials/Substrate/GLints/dict_16_192_64_0p5_0p02_0030_0005" 5315
"../../../Engine/Content/EngineMaterials/Substrate/GLints/dict_16_192_64_0p5_0p02_0030_0006.uasset" 5316
"../../../Engine/Content/EngineMaterials/Substrate/GLints/dict_16_192_64_0p5_0p02_0030_0011.uasset" 5317
"../../../Engine/Content/EngineMaterials/Substrate/GLints/dict_16_192_64_0p5_0p02_0030_0012.uasset" 5318
"../../../Engine/Content/EngineMaterials/Substrate/GLints/dict_16_192_64_0p5_0p02_0030_0009.uasset" 5319
"/Engine/EngineMaterials/Substrate/GLints/dict_16_192_64_0p5_0p02_0030_0007" 5320
"/Engine/EngineMaterials/Substrate/GLints/dict_16_192_64_0p5_0p02_0030_0008" 5321
"/Engine/EngineMaterials/Substrate/GLints/dict_16_192_64_0p5_0p02_0030_0010" 5322
"/Engine/EngineMaterials/Substrate/GLints/dict_16_192_64_0p5_0p02_0030_0013" 5323
"../../../Engine/Content/EngineMaterials/Substrate/GLints/dict_16_192_64_0p5_0p02_0030_0003.uasset" 5324
"/Engine/EngineMaterials/Substrate/GLints/dict_16_192_64_0p5_0p02_0030_0014" 5325
"../../../Engine/Content/EngineMaterials/Substrate/GLints/dict_16_192_64_0p5_0p02_0030_0002.uasset" 5326
"../../../Engine/Content/EngineMaterials/Substrate/GLints/dict_16_192_64_0p5_0p02_0030_0001.uasset" 5327
"/Engine/EngineMaterials/Substrate/GLints/dict_16_192_64_0p5_0p02_0030_0015" 5328
"../../../Engine/Content/EngineMaterials/Substrate/GLints/dict_16_192_64_0p5_0p02_0029_0011.uasset" 5329
"../../../Engine/Content/EngineMaterials/Substrate/GLints/dict_16_192_64_0p5_0p02_0029_0012.uasset" 5330
"../../../Engine/Content/EngineMaterials/Substrate/GLints/dict_16_192_64_0p5_0p02_0029_0009.uasset" 5331
"/Engine/EngineMaterials/Substrate/GLints/dict_16_192_64_0p5_0p02_0030_0001" 5332
"../../../Engine/Content/EngineMaterials/Substrate/GLints/dict_16_192_64_0p5_0p02_0029_0008.uasset" 5333
"../../../Engine/Content/EngineMaterials/Substrate/GLints/dict_16_192_64_0p5_0p02_0029_0013.uasset" 5334
"../../../Engine/Content/EngineMaterials/Substrate/GLints/dict_16_192_64_0p5_0p02_0029_0007.uasset" 5335
"/Engine/EngineMaterials/Substrate/GLints/dict_16_192_64_0p5_0p02_0030_0002" 5336
"../../../Engine/Content/EngineMaterials/Substrate/GLints/dict_16_192_64_0p5_0p02_0029_0014.uasset" 5337
"/Engine/EngineMaterials/Substrate/GLints/dict_16_192_64_0p5_0p02_0030_0003" 5338
"/Engine/EngineMaterials/Substrate/GLints/dict_16_192_64_0p5_0p02_0029_0009" 5339
"/Engine/EngineMaterials/Substrate/GLints/dict_16_192_64_0p5_0p02_0030_0004" 5340
"/Engine/EngineMaterials/Substrate/GLints/dict_16_192_64_0p5_0p02_0029_0011" 5341
"../../../Engine/Content/EngineMaterials/Substrate/GLints/dict_16_192_64_0p5_0p02_0029_0006.uasset" 5342
"../../../Engine/Content/EngineMaterials/Substrate/GLints/dict_16_192_64_0p5_0p02_0029_0004.uasset" 5343
"/Engine/EngineMaterials/Substrate/GLints/dict_16_192_64_0p5_0p02_0030_0006" 5344
"../../../Engine/Content/EngineMaterials/Substrate/GLints/dict_16_192_64_0p5_0p02_0029_0005.uasset" 5345
"../../../Engine/Content/EngineMaterials/Substrate/GLints/dict_16_192_64_0p5_0p02_0029_0015.uasset" 5346
"/Engine/EngineMaterials/Substrate/GLints/dict_16_192_64_0p5_0p02_0030_0009" 5347
"../../../Engine/Content/EngineMaterials/Substrate/GLints/dict_16_192_64_0p5_0p02_0030_0000.uasset" 5348
"/Engine/EngineMaterials/Substrate/GLints/dict_16_192_64_0p5_0p02_0030_0011" 5349
"/Engine/EngineMaterials/Substrate/GLints/dict_16_192_64_0p5_0p02_0030_0012" 5350
"../../../Engine/Content/EngineMaterials/Substrate/GLints/dict_16_192_64_0p5_0p02_0028_0015.uasset" 5351
"../../../Engine/Content/EngineMaterials/Substrate/GLints/dict_16_192_64_0p5_0p02_0029_0002.uasset" 5352
"/Engine/EngineMaterials/Substrate/GLints/dict_16_192_64_0p5_0p02_0029_0012" 5353
"../../../Engine/Content/EngineMaterials/Substrate/GLints/dict_16_192_64_0p5_0p02_0029_0010.uasset" 5354
"../../../Engine/Content/EngineMaterials/Substrate/GLints/dict_16_192_64_0p5_0p02_0029_0003.uasset" 5355
"/Engine/EngineMaterials/Substrate/GLints/dict_16_192_64_0p5_0p02_0029_0014" 5356
"/Engine/EngineMaterials/Substrate/GLints/dict_16_192_64_0p5_0p02_0029_0015" 5357
"/Engine/EngineMaterials/Substrate/GLints/dict_16_192_64_0p5_0p02_0030_0000" 5358
"../../../Engine/Content/EngineMaterials/Substrate/GLints/dict_16_192_64_0p5_0p02_0028_0014.uasset" 5359
"/Engine/EngineMaterials/Substrate/GLints/dict_16_192_64_0p5_0p02_0029_0002" 5360
"/Engine/EngineMaterials/Substrate/GLints/dict_16_192_64_0p5_0p02_0029_0004" 5361
"/Engine/EngineMaterials/Substrate/GLints/dict_16_192_64_0p5_0p02_0029_0005" 5362
"../../../Engine/Content/EngineMaterials/Substrate/GLints/dict_16_192_64_0p5_0p02_0028_0010.uasset" 5363
"../../../Engine/Content/EngineMaterials/Substrate/GLints/dict_16_192_64_0p5_0p02_0028_0013.uasset" 5364
"/Engine/EngineMaterials/Substrate/GLints/dict_16_192_64_0p5_0p02_0029_0006" 5365
"../../../Engine/Content/EngineMaterials/Substrate/GLints/dict_16_192_64_0p5_0p02_0028_0012.uasset" 5366
"../../../Engine/Content/EngineMaterials/Substrate/GLints/dict_16_192_64_0p5_0p02_0029_0000.uasset" 5367
"/Engine/EngineMaterials/Substrate/GLints/dict_16_192_64_0p5_0p02_0029_0007" 5368
"/Engine/EngineMaterials/Substrate/GLints/dict_16_192_64_0p5_0p02_0029_0008" 5369
"/Engine/EngineMaterials/Substrate/GLints/dict_16_192_64_0p5_0p02_0029_0013" 5370
"/Engine/EngineMaterials/Substrate/GLints/dict_16_192_64_0p5_0p02_0028_0015" 5371
"/Engine/EngineMaterials/Substrate/GLints/dict_16_192_64_0p5_0p02_0029_0000" 5372
"../../../Engine/Content/EngineMaterials/Substrate/GLints/dict_16_192_64_0p5_0p02_0028_0008.uasset" 5373
"/Engine/EngineMaterials/Substrate/GLints/dict_16_192_64_0p5_0p02_0029_0003" 5374
"/Engine/EngineMaterials/Substrate/GLints/dict_16_192_64_0p5_0p02_0029_0010" 5375
"../../../Engine/Content/EngineMaterials/Substrate/GLints/dict_16_192_64_0p5_0p02_0028_0004.uasset" 5376
"../../../Engine/Content/EngineMaterials/Substrate/GLints/dict_16_192_64_0p5_0p02_0028_0005.uasset" 5377
"/Engine/EngineMaterials/Substrate/GLints/dict_16_192_64_0p5_0p02_0028_0010" 5378
"../../../Engine/Content/EngineMaterials/Substrate/GLints/dict_16_192_64_0p5_0p02_0028_0006.uasset" 5379
"../../../Engine/Content/EngineMaterials/Substrate/GLints/dict_16_192_64_0p5_0p02_0028_0011.uasset" 5380
"../../../Engine/Content/EngineMaterials/Substrate/GLints/dict_16_192_64_0p5_0p02_0029_0001.uasset" 5381
"/Engine/EngineMaterials/Substrate/GLints/dict_16_192_64_0p5_0p02_0028_0012" 5382
"../../../Engine/Content/EngineMaterials/Substrate/GLints/dict_16_192_64_0p5_0p02_0028_0007.uasset" 5383
"/Engine/EngineMaterials/Substrate/GLints/dict_16_192_64_0p5_0p02_0028_0013" 5384
"/Engine/EngineMaterials/Substrate/GLints/dict_16_192_64_0p5_0p02_0028_0014" 5385
"../../../Engine/Content/EngineMaterials/Substrate/GLints/dict_16_192_64_0p5_0p02_0028_0002.uasset" 5386
"/Engine/EngineMaterials/Substrate/GLints/dict_16_192_64_0p5_0p02_0029_0001" 5387
"../../../Engine/Content/EngineMaterials/Substrate/GLints/dict_16_192_64_0p5_0p02_0028_0000.uasset" 5388
"/Engine/EngineMaterials/Substrate/GLints/dict_16_192_64_0p5_0p02_0028_0004" 5389
"/Engine/EngineMaterials/Substrate/GLints/dict_16_192_64_0p5_0p02_0028_0011" 5390
"/Engine/EngineMaterials/Substrate/GLints/dict_16_192_64_0p5_0p02_0028_0005" 5391
"/Engine/EngineMaterials/Substrate/GLints/dict_16_192_64_0p5_0p02_0028_0006" 5392
"/Engine/EngineMaterials/Substrate/GLints/dict_16_192_64_0p5_0p02_0028_0007" 5393
"/Engine/EngineMaterials/Substrate/GLints/dict_16_192_64_0p5_0p02_0028_0008" 5394
"/Engine/EngineMaterials/Substrate/GLints/dict_16_192_64_0p5_0p02_0028_0000" 5395
"../../../Engine/Content/EngineMaterials/Substrate/GLints/dict_16_192_64_0p5_0p02_0027_0014.uasset" 5396
"../../../Engine/Content/EngineMaterials/Substrate/GLints/dict_16_192_64_0p5_0p02_0027_0012.uasset" 5397
"../../../Engine/Content/EngineMaterials/Substrate/GLints/dict_16_192_64_0p5_0p02_0027_0011.uasset" 5398
"/Engine/EngineMaterials/Substrate/GLints/dict_16_192_64_0p5_0p02_0028_0002" 5399
"../../../Engine/Content/EngineMaterials/Substrate/GLints/dict_16_192_64_0p5_0p02_0028_0003.uasset" 5400
"/Engine/EngineMaterials/Substrate/GLints/dict_16_192_64_0p5_0p02_0027_0014" 5401
"../../../Engine/Content/EngineMaterials/Substrate/GLints/dict_16_192_64_0p5_0p02_0028_0001.uasset" 5402
"../../../Engine/Content/EngineMaterials/Substrate/GLints/dict_16_192_64_0p5_0p02_0028_0009.uasset" 5403
"../../../Engine/Content/EngineMaterials/Substrate/GLints/dict_16_192_64_0p5_0p02_0027_0007.uasset" 5404
"/Engine/EngineMaterials/Substrate/GLints/dict_16_192_64_0p5_0p02_0027_0011" 5405
"../../../Engine/Content/EngineMaterials/Substrate/GLints/dict_16_192_64_0p5_0p02_0027_0010.uasset" 5406
"/Engine/EngineMaterials/Substrate/GLints/dict_16_192_64_0p5_0p02_0027_0012" 5407
"/Engine/EngineMaterials/Substrate/GLints/dict_16_192_64_0p5_0p02_0027_0007" 5408
"/Engine/EngineMaterials/Substrate/GLints/dict_16_192_64_0p5_0p02_0027_0010" 5409
"../../../Engine/Content/EngineMaterials/Substrate/GLints/dict_16_192_64_0p5_0p02_0027_0009.uasset" 5410
"../../../Engine/Content/EngineMaterials/Substrate/GLints/dict_16_192_64_0p5_0p02_0027_0003.uasset" 5411
"/Engine/EngineMaterials/Substrate/GLints/dict_16_192_64_0p5_0p02_0028_0001" 5412
"../../../Engine/Content/EngineMaterials/Substrate/GLints/dict_16_192_64_0p5_0p02_0027_0006.uasset" 5413
"../../../Engine/Content/EngineMaterials/Substrate/GLints/dict_16_192_64_0p5_0p02_0026_0014.uasset" 5414
"../../../Engine/Content/EngineMaterials/Substrate/GLints/dict_16_192_64_0p5_0p02_0027_0005.uasset" 5415
"/Engine/EngineMaterials/Substrate/GLints/dict_16_192_64_0p5_0p02_0028_0009" 5416
"/Engine/EngineMaterials/Substrate/GLints/dict_16_192_64_0p5_0p02_0028_0003" 5417
"../../../Engine/Content/EngineMaterials/Substrate/GLints/dict_16_192_64_0p5_0p02_0026_0009.uasset" 5418
"../../../Engine/Content/EngineMaterials/Substrate/GLints/dict_16_192_64_0p5_0p02_0027_0004.uasset" 5419
"/Engine/EngineMaterials/Substrate/GLints/dict_16_192_64_0p5_0p02_0027_0003" 5420
"../../../Engine/Content/EngineMaterials/Substrate/GLints/dict_16_192_64_0p5_0p02_0027_0000.uasset" 5421
"../../../Engine/Content/EngineMaterials/Substrate/GLints/dict_16_192_64_0p5_0p02_0026_0015.uasset" 5422
"/Engine/EngineMaterials/Substrate/GLints/dict_16_192_64_0p5_0p02_0027_0005" 5423
"/Engine/EngineMaterials/Substrate/GLints/dict_16_192_64_0p5_0p02_0027_0006" 5424
"../../../Engine/Content/EngineMaterials/Substrate/GLints/dict_16_192_64_0p5_0p02_0026_0013.uasset" 5425
"../../../Engine/Content/EngineMaterials/Substrate/GLints/dict_16_192_64_0p5_0p02_0027_0001.uasset" 5426
"/Engine/EngineMaterials/Substrate/GLints/dict_16_192_64_0p5_0p02_0027_0009" 5427
"../../../Engine/Content/EngineMaterials/Substrate/GLints/dict_16_192_64_0p5_0p02_0027_0002.uasset" 5428
"../../../Engine/Content/EngineMaterials/Substrate/GLints/dict_16_192_64_0p5_0p02_0026_0012.uasset" 5429
"../../../Engine/Content/EngineMaterials/Substrate/GLints/dict_16_192_64_0p5_0p02_0026_0008.uasset" 5430
"../../../Engine/Content/EngineMaterials/Substrate/GLints/dict_16_192_64_0p5_0p02_0026_0010.uasset" 5431
"../../../Engine/Content/EngineMaterials/Substrate/GLints/dict_16_192_64_0p5_0p02_0026_0006.uasset" 5432
"../../../Engine/Content/EngineMaterials/Substrate/GLints/dict_16_192_64_0p5_0p02_0026_0005.uasset" 5433
"../../../Engine/Content/EngineMaterials/Substrate/GLints/dict_16_192_64_0p5_0p02_0026_0003.uasset" 5434
"../../../Engine/Content/EngineMaterials/Substrate/GLints/dict_16_192_64_0p5_0p02_0027_0013.uasset" 5435
"../../../Engine/Content/EngineMaterials/Substrate/GLints/dict_16_192_64_0p5_0p02_0027_0008.uasset" 5436
"/Engine/EngineMaterials/Substrate/GLints/dict_16_192_64_0p5_0p02_0026_0014" 5437
"/Engine/EngineMaterials/Substrate/GLints/dict_16_192_64_0p5_0p02_0026_0009" 5438
"../../../Engine/Content/EngineMaterials/Substrate/GLints/dict_16_192_64_0p5_0p02_0026_0002.uasset" 5439
"/Engine/EngineMaterials/Substrate/GLints/dict_16_192_64_0p5_0p02_0027_0004" 5440
"../../../Engine/Content/EngineMaterials/Substrate/GLints/dict_16_192_64_0p5_0p02_0026_0001.uasset" 5441
"../../../Engine/Content/EngineMaterials/Substrate/GLints/dict_16_192_64_0p5_0p02_0025_0013.uasset" 5442
"../../../Engine/Content/EngineMaterials/Substrate/GLints/dict_16_192_64_0p5_0p02_0026_0000.uasset" 5443
"/Engine/EngineMaterials/Substrate/GLints/dict_16_192_64_0p5_0p02_0026_0012" 5444
"../../../Engine/Content/EngineMaterials/Substrate/GLints/dict_16_192_64_0p5_0p02_0026_0004.uasset" 5445
"../../../Engine/Content/EngineMaterials/Substrate/GLints/dict_16_192_64_0p5_0p02_0025_0014.uasset" 5446
"../../../Engine/Content/EngineMaterials/Substrate/GLints/dict_16_192_64_0p5_0p02_0026_0007.uasset" 5447
"../../../Engine/Content/EngineMaterials/Substrate/GLints/dict_16_192_64_0p5_0p02_0025_0011.uasset" 5448
"/Engine/EngineMaterials/Substrate/GLints/dict_16_192_64_0p5_0p02_0026_0005" 5449
"../../../Engine/Content/EngineMaterials/Substrate/GLints/dict_16_192_64_0p5_0p02_0025_0012.uasset" 5450
"/Engine/EngineMaterials/Substrate/GLints/dict_16_192_64_0p5_0p02_0026_0013" 5451
"../../../Engine/Content/EngineMaterials/Substrate/GLints/dict_16_192_64_0p5_0p02_0025_0008.uasset" 5452
"../../../Engine/Content/EngineMaterials/Substrate/GLints/dict_16_192_64_0p5_0p02_0025_0006.uasset" 5453
"/Engine/EngineMaterials/Substrate/GLints/dict_16_192_64_0p5_0p02_0027_0008" 5454
"/Engine/EngineMaterials/Substrate/GLints/dict_16_192_64_0p5_0p02_0026_0003" 5455
"../../../Engine/Content/EngineMaterials/Substrate/GLints/dict_16_192_64_0p5_0p02_0027_0015.uasset" 5456
"/Engine/EngineMaterials/Substrate/GLints/dict_16_192_64_0p5_0p02_0026_0006" 5457
"../../../Engine/Content/EngineMaterials/Substrate/GLints/dict_16_192_64_0p5_0p02_0025_0007.uasset" 5458
"../../../Engine/Content/EngineMaterials/Substrate/GLints/dict_16_192_64_0p5_0p02_0025_0009.uasset" 5459
"../../../Engine/Content/EngineMaterials/Substrate/GLints/dict_16_192_64_0p5_0p02_0026_0011.uasset" 5460
"../../../Engine/Content/EngineMaterials/Substrate/GLints/dict_16_192_64_0p5_0p02_0025_0005.uasset" 5461
"/Engine/EngineMaterials/Substrate/GLints/dict_16_192_64_0p5_0p02_0026_0015" 5462
"../../../Engine/Content/EngineMaterials/Substrate/GLints/dict_16_192_64_0p5_0p02_0025_0015.uasset" 5463
"/Engine/EngineMaterials/Substrate/GLints/dict_16_192_64_0p5_0p02_0026_0008" 5464
"/Engine/EngineMaterials/Substrate/GLints/dict_16_192_64_0p5_0p02_0027_0000" 5465
"/Engine/EngineMaterials/Substrate/GLints/dict_16_192_64_0p5_0p02_0026_0010" 5466
"/Engine/EngineMaterials/Substrate/GLints/dict_16_192_64_0p5_0p02_0027_0001" 5467
"/Engine/EngineMaterials/Substrate/GLints/dict_16_192_64_0p5_0p02_0027_0002" 5468
"../../../Engine/Content/EngineMaterials/Substrate/GLints/dict_16_192_64_0p5_0p02_0025_0010.uasset" 5469
"C:/Workspace/khj/Wanted5th/Part4/UnrealBuildSystem/DerivedDataCache/VT/TEXTURE_7C16439390E24F1F9468894FB4D4BC55_VTCHUNKD2DAB16BFF152507817E734DBB935160EA97A322" 5470
"/Engine/EngineMaterials/Substrate/GLints/dict_16_192_64_0p5_0p02_0027_0013" 5471
"C:/Workspace/khj/Wanted5th/Part4/UnrealBuildSystem/DerivedDataCache/VT/TEXTURE_7C16439390E24F1F9468894FB4D4BC55_VTCHUNK38740DBD4108040D6985AA56705D97D46F27920C" 5472
"/Engine/EngineMaterials/Substrate/GLints/dict_16_192_64_0p5_0p02_0025_0005" 5473
"/Engine/EngineMaterials/Substrate/GLints/dict_16_192_64_0p5_0p02_0025_0006" 5474
"/Engine/EngineMaterials/Substrate/GLints/dict_16_192_64_0p5_0p02_0026_0000" 5475
"/Engine/EngineMaterials/Substrate/GLints/dict_16_192_64_0p5_0p02_0025_0007" 5476
"/Engine/EngineMaterials/Substrate/GLints/dict_16_192_64_0p5_0p02_0027_0015" 5477
"/Engine/EngineMaterials/Substrate/GLints/dict_16_192_64_0p5_0p02_0025_0011" 5478
"/Engine/EngineMaterials/Substrate/GLints/dict_16_192_64_0p5_0p02_0025_0008" 5479
"/Engine/EngineMaterials/Substrate/GLints/dict_16_192_64_0p5_0p02_0025_0012" 5480
"/Engine/EngineMaterials/Substrate/GLints/dict_16_192_64_0p5_0p02_0026_0001" 5481
"/Engine/EngineMaterials/Substrate/GLints/dict_16_192_64_0p5_0p02_0025_0013" 5482
"/Engine/EngineMaterials/Substrate/GLints/dict_16_192_64_0p5_0p02_0026_0004" 5483
"../../../Engine/Content/EngineMaterials/Substrate/GLints/dict_16_192_64_0p5_0p02_0024_0012.uasset" 5484
"/Engine/EngineMaterials/Substrate/GLints/dict_16_192_64_0p5_0p02_0025_0009" 5485
"/Engine/EngineMaterials/Substrate/GLints/dict_16_192_64_0p5_0p02_0025_0014" 5486
"../../../Engine/Content/EngineMaterials/Substrate/GLints/dict_16_192_64_0p5_0p02_0024_0011.uasset" 5487
"../../../Engine/Content/EngineMaterials/Substrate/GLints/dict_16_192_64_0p5_0p02_0025_0001.uasset" 5488
"/Engine/EngineMaterials/Substrate/GLints/dict_16_192_64_0p5_0p02_0025_0015" 5489
"/Engine/EngineMaterials/Substrate/GLints/dict_16_192_64_0p5_0p02_0026_0007" 5490
"../../../Engine/Content/EngineMaterials/Substrate/GLints/dict_16_192_64_0p5_0p02_0024_0015.uasset" 5491
"../../../Engine/Content/EngineMaterials/Substrate/GLints/dict_16_192_64_0p5_0p02_0024_0013.uasset" 5492
"../../../Engine/Content/EngineMaterials/Substrate/GLints/dict_16_192_64_0p5_0p02_0025_0000.uasset" 5493
"/Engine/EngineMaterials/Substrate/GLints/dict_16_192_64_0p5_0p02_0025_0010" 5494
"C:/Workspace/khj/Wanted5th/Part4/UnrealBuildSystem/DerivedDataCache/VT/TEXTURE_7C16439390E24F1F9468894FB4D4BC55_VTCHUNK84C05FFC339C0CEFE446DED1628C0AFB5362331E" 5495
"/Engine/EngineMaterials/Substrate/GLints/dict_16_192_64_0p5_0p02_0026_0011" 5496
"C:/Workspace/khj/Wanted5th/Part4/UnrealBuildSystem/DerivedDataCache/VT/TEXTURE_7C16439390E24F1F9468894FB4D4BC55_VTCHUNKC0393DE8C5B4673D99D1BECB92AA8C1F72FEB491" 5497
"C:/Workspace/khj/Wanted5th/Part4/UnrealBuildSystem/DerivedDataCache/VT/TEXTURE_7C16439390E24F1F9468894FB4D4BC55_VTCHUNK02D4C3BCAD7DFA48AB32B8281FB06B8B83DB6275" 5498
"/Engine/EngineMaterials/Substrate/GLints/dict_16_192_64_0p5_0p02_0026_0002" 5499
"../../../Engine/Content/EngineMaterials/Substrate/GLints/dict_16_192_64_0p5_0p02_0024_0014.uasset" 5500
"/Engine/EngineMaterials/Substrate/GLints/dict_16_192_64_0p5_0p02_0024_0011" 5501
"/Engine/EngineMaterials/Substrate/GLints/dict_16_192_64_0p5_0p02_0024_0012" 5502
"/Engine/EngineMaterials/Substrate/GLints/dict_16_192_64_0p5_0p02_0024_0013" 5503
"/Engine/EngineMaterials/Substrate/GLints/dict_16_192_64_0p5_0p02_0024_0015" 5504
"../../../Engine/Content/EngineMaterials/Substrate/GLints/dict_16_192_64_0p5_0p02_0024_0008.uasset" 5505
"/Engine/EngineMaterials/Substrate/GLints/dict_16_192_64_0p5_0p02_0025_0000" 5506
"/Engine/EngineMaterials/Substrate/GLints/dict_16_192_64_0p5_0p02_0025_0001" 5507
"../../../Engine/Content/EngineMaterials/Substrate/GLints/dict_16_192_64_0p5_0p02_0024_0010.uasset" 5508
"../../../Engine/Content/EngineMaterials/Substrate/GLints/dict_16_192_64_0p5_0p02_0024_0007.uasset" 5509
"/Engine/EngineMaterials/Substrate/GLints/dict_16_192_64_0p5_0p02_0024_0008" 5510
"../../../Engine/Content/EngineMaterials/Substrate/GLints/dict_16_192_64_0p5_0p02_0025_0003.uasset" 5511
"../../../Engine/Content/EngineMaterials/Substrate/GLints/dict_16_192_64_0p5_0p02_0025_0002.uasset" 5512
"/Engine/EngineMaterials/Substrate/GLints/dict_16_192_64_0p5_0p02_0024_0010" 5513
"/Engine/EngineMaterials/Substrate/GLints/dict_16_192_64_0p5_0p02_0024_0014" 5514
"/Engine/EngineMaterials/Substrate/GLints/dict_16_192_64_0p5_0p02_0024_0007" 5515
"/Engine/EngineMaterials/Substrate/GLints/dict_16_192_64_0p5_0p02_0025_0002" 5516
"/Engine/EngineMaterials/Substrate/GLints/dict_16_192_64_0p5_0p02_0025_0003" 5517
"../../../Engine/Content/EngineMaterials/Substrate/GLints/dict_16_192_64_0p5_0p02_0024_0009.uasset" 5518
"/Engine/EngineMaterials/Substrate/GLints/dict_16_192_64_0p5_0p02_0024_0009" 5519
"../../../Engine/Content/EngineMaterials/Substrate/GLints/dict_16_192_64_0p5_0p02_0024_0006.uasset" 5520
"../../../Engine/Content/EngineMaterials/Substrate/GLints/dict_16_192_64_0p5_0p02_0024_0004.uasset" 5521
"../../../Engine/Content/EngineMaterials/Substrate/GLints/dict_16_192_64_0p5_0p02_0024_0002.uasset" 5522
"../../../Engine/Content/EngineMaterials/Substrate/GLints/dict_16_192_64_0p5_0p02_0025_0004.uasset" 5523
"../../../Engine/Content/EngineMaterials/Substrate/GLints/dict_16_192_64_0p5_0p02_0024_0000.uasset" 5524
"../../../Engine/Content/EngineMaterials/Substrate/GLints/dict_16_192_64_0p5_0p02_0024_0001.uasset" 5525
"../../../Engine/Content/EngineMaterials/Substrate/GLints/dict_16_192_64_0p5_0p02_0023_0014.uasset" 5526
"../../../Engine/Content/EngineMaterials/Substrate/GLints/dict_16_192_64_0p5_0p02_0024_0003.uasset" 5527
"../../../Engine/Content/EngineMaterials/Substrate/GLints/dict_16_192_64_0p5_0p02_0023_0013.uasset" 5528
"../../../Engine/Content/EngineMaterials/Substrate/GLints/dict_16_192_64_0p5_0p02_0023_0012.uasset" 5529
"../../../Engine/Content/EngineMaterials/Substrate/GLints/dict_16_192_64_0p5_0p02_0023_0010.uasset" 5530
"/Engine/EngineMaterials/Substrate/GLints/dict_16_192_64_0p5_0p02_0023_0012" 5531
"/Engine/EngineMaterials/Substrate/GLints/dict_16_192_64_0p5_0p02_0023_0013" 5532
"../../../Engine/Content/EngineMaterials/Substrate/GLints/dict_16_192_64_0p5_0p02_0024_0005.uasset" 5533
"/Engine/EngineMaterials/Substrate/GLints/dict_16_192_64_0p5_0p02_0023_0014" 5534
"../../../Engine/Content/EngineMaterials/Substrate/GLints/dict_16_192_64_0p5_0p02_0023_0008.uasset" 5535
"/Engine/EngineMaterials/Substrate/GLints/dict_16_192_64_0p5_0p02_0024_0000" 5536
"../../../Engine/Content/EngineMaterials/Substrate/GLints/dict_16_192_64_0p5_0p02_0023_0015.uasset" 5537
"/Engine/EngineMaterials/Substrate/GLints/dict_16_192_64_0p5_0p02_0024_0001" 5538
"/Engine/EngineMaterials/Substrate/GLints/dict_16_192_64_0p5_0p02_0024_0002" 5539
"../../../Engine/Content/EngineMaterials/Substrate/GLints/dict_16_192_64_0p5_0p02_0023_0007.uasset" 5540
"/Engine/EngineMaterials/Substrate/GLints/dict_16_192_64_0p5_0p02_0024_0003" 5541
"../../../Engine/Content/EngineMaterials/Substrate/GLints/dict_16_192_64_0p5_0p02_0023_0009.uasset" 5542
"/Engine/EngineMaterials/Substrate/GLints/dict_16_192_64_0p5_0p02_0024_0004" 5543
"../../../Engine/Content/EngineMaterials/Substrate/GLints/dict_16_192_64_0p5_0p02_0023_0001.uasset" 5544
"../../../Engine/Content/EngineMaterials/Substrate/GLints/dict_16_192_64_0p5_0p02_0023_0003.uasset" 5545
"../../../Engine/Content/EngineMaterials/Substrate/GLints/dict_16_192_64_0p5_0p02_0023_0000.uasset" 5546
"/Engine/EngineMaterials/Substrate/GLints/dict_16_192_64_0p5_0p02_0024_0006" 5547
"../../../Engine/Content/EngineMaterials/Substrate/GLints/dict_16_192_64_0p5_0p02_0023_0002.uasset" 5548
"/Engine/EngineMaterials/Substrate/GLints/dict_16_192_64_0p5_0p02_0025_0004" 5549
"/Engine/EngineMaterials/Substrate/GLints/dict_16_192_64_0p5_0p02_0023_0007" 5550
"/Engine/EngineMaterials/Substrate/GLints/dict_16_192_64_0p5_0p02_0023_0008" 5551
"/Engine/EngineMaterials/Substrate/GLints/dict_16_192_64_0p5_0p02_0023_0009" 5552
"/Engine/EngineMaterials/Substrate/GLints/dict_16_192_64_0p5_0p02_0023_0010" 5553
"../../../Engine/Content/EngineMaterials/Substrate/GLints/dict_16_192_64_0p5_0p02_0023_0006.uasset" 5554
"../../../Engine/Content/EngineMaterials/Substrate/GLints/dict_16_192_64_0p5_0p02_0022_0015.uasset" 5555
"../../../Engine/Content/EngineMaterials/Substrate/GLints/dict_16_192_64_0p5_0p02_0023_0005.uasset" 5556
"../../../Engine/Content/EngineMaterials/Substrate/GLints/dict_16_192_64_0p5_0p02_0023_0011.uasset" 5557
"../../../Engine/Content/EngineMaterials/Substrate/GLints/dict_16_192_64_0p5_0p02_0022_0014.uasset" 5558
"../../../Engine/Content/EngineMaterials/Substrate/GLints/dict_16_192_64_0p5_0p02_0022_0011.uasset" 5559
"/Engine/EngineMaterials/Substrate/GLints/dict_16_192_64_0p5_0p02_0023_0000" 5560
"../../../Engine/Content/EngineMaterials/Substrate/GLints/dict_16_192_64_0p5_0p02_0022_0012.uasset" 5561
"../../../Engine/Content/EngineMaterials/Substrate/GLints/dict_16_192_64_0p5_0p02_0022_0013.uasset" 5562
"../../../Engine/Content/EngineMaterials/Substrate/GLints/dict_16_192_64_0p5_0p02_0022_0009.uasset" 5563
"/Engine/EngineMaterials/Substrate/GLints/dict_16_192_64_0p5_0p02_0023_0015" 5564
"../../../Engine/Content/EngineMaterials/Substrate/GLints/dict_16_192_64_0p5_0p02_0022_0008.uasset" 5565
"/Engine/EngineMaterials/Substrate/GLints/dict_16_192_64_0p5_0p02_0023_0001" 5566
"/Engine/EngineMaterials/Substrate/GLints/dict_16_192_64_0p5_0p02_0023_0002" 5567
"/Engine/EngineMaterials/Substrate/GLints/dict_16_192_64_0p5_0p02_0023_0003" 5568
"/Engine/EngineMaterials/Substrate/GLints/dict_16_192_64_0p5_0p02_0024_0005" 5569
"/Engine/EngineMaterials/Substrate/GLints/dict_16_192_64_0p5_0p02_0023_0005" 5570
"/Engine/EngineMaterials/Substrate/GLints/dict_16_192_64_0p5_0p02_0022_0009" 5571
"../../../Engine/Content/EngineMaterials/Substrate/GLints/dict_16_192_64_0p5_0p02_0022_0010.uasset" 5572
"../../../Engine/Content/EngineMaterials/Substrate/GLints/dict_16_192_64_0p5_0p02_0021_0015.uasset" 5573
"../../../Engine/Content/EngineMaterials/Substrate/GLints/dict_16_192_64_0p5_0p02_0022_0007.uasset" 5574
"../../../Engine/Content/EngineMaterials/Substrate/GLints/dict_16_192_64_0p5_0p02_0022_0005.uasset" 5575
"/Engine/EngineMaterials/Substrate/GLints/dict_16_192_64_0p5_0p02_0023_0006" 5576
"/Engine/EngineMaterials/Substrate/GLints/dict_16_192_64_0p5_0p02_0022_0012" 5577
"../../../Engine/Content/EngineMaterials/Substrate/GLints/dict_16_192_64_0p5_0p02_0022_0004.uasset" 5578
"/Engine/EngineMaterials/Substrate/GLints/dict_16_192_64_0p5_0p02_0022_0008" 5579
"/Engine/EngineMaterials/Substrate/GLints/dict_16_192_64_0p5_0p02_0022_0013" 5580
"../../../Engine/Content/EngineMaterials/Substrate/GLints/dict_16_192_64_0p5_0p02_0022_0002.uasset" 5581
"/Engine/EngineMaterials/Substrate/GLints/dict_16_192_64_0p5_0p02_0022_0015" 5582
"../../../Engine/Content/EngineMaterials/Substrate/GLints/dict_16_192_64_0p5_0p02_0022_0003.uasset" 5583
"/Engine/EngineMaterials/Substrate/GLints/dict_16_192_64_0p5_0p02_0023_0011" 5584
"../../../Engine/Content/EngineMaterials/Substrate/GLints/dict_16_192_64_0p5_0p02_0022_0001.uasset" 5585
"../../../Engine/Content/EngineMaterials/Substrate/GLints/dict_16_192_64_0p5_0p02_0021_0014.uasset" 5586
"/Engine/EngineMaterials/Substrate/GLints/dict_16_192_64_0p5_0p02_0022_0014" 5587
"/Engine/EngineMaterials/Substrate/GLints/dict_16_192_64_0p5_0p02_0022_0011" 5588
"/Engine/EngineMaterials/Substrate/GLints/dict_16_192_64_0p5_0p02_0021_0014" 5589
"/Engine/EngineMaterials/Substrate/GLints/dict_16_192_64_0p5_0p02_0021_0015" 5590
"/Engine/EngineMaterials/Substrate/GLints/dict_16_192_64_0p5_0p02_0022_0001" 5591
"/Engine/EngineMaterials/Substrate/GLints/dict_16_192_64_0p5_0p02_0022_0002" 5592
"/Engine/EngineMaterials/Substrate/GLints/dict_16_192_64_0p5_0p02_0022_0003" 5593
"../../../Engine/Content/EngineMaterials/Substrate/GLints/dict_16_192_64_0p5_0p02_0021_0008.uasset" 5594
"../../../Engine/Content/EngineMaterials/Substrate/GLints/dict_16_192_64_0p5_0p02_0021_0013.uasset" 5595
"../../../Engine/Content/EngineMaterials/Substrate/GLints/dict_16_192_64_0p5_0p02_0021_0011.uasset" 5596
"/Engine/EngineMaterials/Substrate/GLints/dict_16_192_64_0p5_0p02_0022_0004" 5597
"/Engine/EngineMaterials/Substrate/GLints/dict_16_192_64_0p5_0p02_0022_0005" 5598
"/Engine/EngineMaterials/Substrate/GLints/dict_16_192_64_0p5_0p02_0022_0010" 5599
"../../../Engine/Content/EngineMaterials/Substrate/GLints/dict_16_192_64_0p5_0p02_0021_0006.uasset" 5600
"../../../Engine/Content/EngineMaterials/Substrate/GLints/dict_16_192_64_0p5_0p02_0021_0009.uasset" 5601
"/Engine/EngineMaterials/Substrate/GLints/dict_16_192_64_0p5_0p02_0022_0007" 5602
"/Engine/EngineMaterials/Substrate/GLints/dict_16_192_64_0p5_0p02_0021_0008" 5603
"../../../Engine/Content/EngineMaterials/Substrate/GLints/dict_16_192_64_0p5_0p02_0021_0010.uasset" 5604
"/Engine/EngineMaterials/Substrate/GLints/dict_16_192_64_0p5_0p02_0021_0009" 5605
"/Engine/EngineMaterials/Substrate/GLints/dict_16_192_64_0p5_0p02_0021_0011" 5606
"/Engine/EngineMaterials/Substrate/GLints/dict_16_192_64_0p5_0p02_0021_0013" 5607
"../../../Engine/Content/EngineMaterials/Substrate/GLints/dict_16_192_64_0p5_0p02_0021_0005.uasset" 5608
"/Engine/EngineMaterials/Substrate/GLints/dict_16_192_64_0p5_0p02_0021_0006" 5609
"/Engine/EngineMaterials/Substrate/GLints/dict_16_192_64_0p5_0p02_0021_0010" 5610
"../../../Engine/Content/EngineMaterials/Substrate/GLints/dict_16_192_64_0p5_0p02_0021_0012.uasset" 5611
"../../../Engine/Content/EngineMaterials/Substrate/GLints/dict_16_192_64_0p5_0p02_0021_0002.uasset" 5612
"../../../Engine/Content/EngineMaterials/Substrate/GLints/dict_16_192_64_0p5_0p02_0021_0003.uasset" 5613
"/Engine/EngineMaterials/Substrate/GLints/dict_16_192_64_0p5_0p02_0021_0005" 5614
"../../../Engine/Content/EngineMaterials/Substrate/GLints/dict_16_192_64_0p5_0p02_0023_0004.uasset" 5615
"../../../Engine/Content/EngineMaterials/Substrate/GLints/dict_16_192_64_0p5_0p02_0021_0001.uasset" 5616
"../../../Engine/Content/EngineMaterials/Substrate/GLints/dict_16_192_64_0p5_0p02_0021_0004.uasset" 5617
"/Engine/EngineMaterials/Substrate/GLints/dict_16_192_64_0p5_0p02_0021_0002" 5618
"/Engine/EngineMaterials/Substrate/GLints/dict_16_192_64_0p5_0p02_0021_0012" 5619
"../../../Engine/Content/EngineMaterials/Substrate/GLints/dict_16_192_64_0p5_0p02_0022_0000.uasset" 5620
"../../../Engine/Content/EngineMaterials/Substrate/GLints/dict_16_192_64_0p5_0p02_0022_0006.uasset" 5621
"/Engine/EngineMaterials/Substrate/GLints/dict_16_192_64_0p5_0p02_0021_0003" 5622
"../../../Engine/Content/EngineMaterials/Substrate/GLints/dict_16_192_64_0p5_0p02_0020_0014.uasset" 5623
"/Engine/EngineMaterials/Substrate/GLints/dict_16_192_64_0p5_0p02_0021_0004" 5624
"../../../Engine/Content/EngineMaterials/Substrate/GLints/dict_16_192_64_0p5_0p02_0021_0000.uasset" 5625
"/Engine/EngineMaterials/Substrate/GLints/dict_16_192_64_0p5_0p02_0021_0001" 5626
"../../../Engine/Content/EngineMaterials/Substrate/GLints/dict_16_192_64_0p5_0p02_0020_0013.uasset" 5627
"../../../Engine/Content/EngineMaterials/Substrate/GLints/dict_16_192_64_0p5_0p02_0020_0010.uasset" 5628
"/Engine/EngineMaterials/Substrate/GLints/dict_16_192_64_0p5_0p02_0022_0000" 5629
"../../../Engine/Content/EngineMaterials/Substrate/GLints/dict_16_192_64_0p5_0p02_0020_0011.uasset" 5630
"../../../Engine/Content/EngineMaterials/Substrate/GLints/dict_16_192_64_0p5_0p02_0020_0009.uasset" 5631
"/Engine/EngineMaterials/Substrate/GLints/dict_16_192_64_0p5_0p02_0023_0004" 5632
"../../../Engine/Content/EngineMaterials/Substrate/GLints/dict_16_192_64_0p5_0p02_0020_0015.uasset" 5633
"/Engine/EngineMaterials/Substrate/GLints/dict_16_192_64_0p5_0p02_0022_0006" 5634
"../../../Engine/Content/EngineMaterials/Substrate/GLints/dict_16_192_64_0p5_0p02_0020_0002.uasset" 5635
"../../../Engine/Content/EngineMaterials/Substrate/GLints/dict_16_192_64_0p5_0p02_0020_0004.uasset" 5636
"/Engine/EngineMaterials/Substrate/GLints/dict_16_192_64_0p5_0p02_0020_0010" 5637
"../../../Engine/Content/EngineMaterials/Substrate/GLints/dict_16_192_64_0p5_0p02_0020_0008.uasset" 5638
"/Engine/EngineMaterials/Substrate/GLints/dict_16_192_64_0p5_0p02_0020_0011" 5639
"../../../Engine/Content/EngineMaterials/Substrate/GLints/dict_16_192_64_0p5_0p02_0020_0003.uasset" 5640
"/Engine/EngineMaterials/Substrate/GLints/dict_16_192_64_0p5_0p02_0020_0013" 5641
"/Engine/EngineMaterials/Substrate/GLints/dict_16_192_64_0p5_0p02_0020_0014" 5642
"../../../Engine/Content/EngineMaterials/Substrate/GLints/dict_16_192_64_0p5_0p02_0020_0006.uasset" 5643
"/Engine/EngineMaterials/Substrate/GLints/dict_16_192_64_0p5_0p02_0020_0015" 5644
"../../../Engine/Content/EngineMaterials/Substrate/GLints/dict_16_192_64_0p5_0p02_0020_0000.uasset" 5645
"/Engine/EngineMaterials/Substrate/GLints/dict_16_192_64_0p5_0p02_0021_0000" 5646
"../../../Engine/Content/EngineMaterials/Substrate/GLints/dict_16_192_64_0p5_0p02_0019_0013.uasset" 5647
"../../../Engine/Content/EngineMaterials/Substrate/GLints/dict_16_192_64_0p5_0p02_0019_0012.uasset" 5648
"../../../Engine/Content/EngineMaterials/Substrate/GLints/dict_16_192_64_0p5_0p02_0020_0012.uasset" 5649
"/Engine/EngineMaterials/Substrate/GLints/dict_16_192_64_0p5_0p02_0020_0002" 5650
"../../../Engine/Content/EngineMaterials/Substrate/GLints/dict_16_192_64_0p5_0p02_0019_0015.uasset" 5651
"/Engine/EngineMaterials/Substrate/GLints/dict_16_192_64_0p5_0p02_0020_0004" 5652
"../../../Engine/Content/EngineMaterials/Substrate/GLints/dict_16_192_64_0p5_0p02_0020_0001.uasset" 5653
"../../../Engine/Content/EngineMaterials/Substrate/GLints/dict_16_192_64_0p5_0p02_0021_0007.uasset" 5654
"/Engine/EngineMaterials/Substrate/GLints/dict_16_192_64_0p5_0p02_0020_0009" 5655
"../../../Engine/Content/EngineMaterials/Substrate/GLints/dict_16_192_64_0p5_0p02_0019_0010.uasset" 5656
"../../../Engine/Content/EngineMaterials/Substrate/GLints/dict_16_192_64_0p5_0p02_0019_0011.uasset" 5657
"/Engine/EngineMaterials/Substrate/GLints/dict_16_192_64_0p5_0p02_0020_0012" 5658
"../../../Engine/Content/EngineMaterials/Substrate/GLints/dict_16_192_64_0p5_0p02_0019_0007.uasset" 5659
"/Engine/EngineMaterials/Substrate/GLints/dict_16_192_64_0p5_0p02_0021_0007" 5660
"../../../Engine/Content/EngineMaterials/Substrate/GLints/dict_16_192_64_0p5_0p02_0019_0014.uasset" 5661
"/Engine/EngineMaterials/Substrate/GLints/dict_16_192_64_0p5_0p02_0020_0001" 5662
"../../../Engine/Content/EngineMaterials/Substrate/GLints/dict_16_192_64_0p5_0p02_0020_0005.uasset" 5663
"../../../Engine/Content/EngineMaterials/Substrate/GLints/dict_16_192_64_0p5_0p02_0019_0006.uasset" 5664
"../../../Engine/Content/EngineMaterials/Substrate/GLints/dict_16_192_64_0p5_0p02_0019_0008.uasset" 5665
"../../../Engine/Content/EngineMaterials/Substrate/GLints/dict_16_192_64_0p5_0p02_0019_0009.uasset" 5666
"../../../Engine/Content/EngineMaterials/Substrate/GLints/dict_16_192_64_0p5_0p02_0019_0004.uasset" 5667
"../../../Engine/Content/EngineMaterials/Substrate/GLints/dict_16_192_64_0p5_0p02_0019_0005.uasset" 5668
"../../../Engine/Content/EngineMaterials/Substrate/GLints/dict_16_192_64_0p5_0p02_0020_0007.uasset" 5669
"/Engine/EngineMaterials/Substrate/GLints/dict_16_192_64_0p5_0p02_0019_0013" 5670
"../../../Engine/Content/EngineMaterials/Substrate/GLints/dict_16_192_64_0p5_0p02_0019_0003.uasset" 5671
"/Engine/EngineMaterials/Substrate/GLints/dict_16_192_64_0p5_0p02_0020_0003" 5672
"../../../Engine/Content/EngineMaterials/Substrate/GLints/dict_16_192_64_0p5_0p02_0019_0002.uasset" 5673
"/Engine/EngineMaterials/Substrate/GLints/dict_16_192_64_0p5_0p02_0019_0012" 5674
"/Engine/EngineMaterials/Substrate/GLints/dict_16_192_64_0p5_0p02_0020_0006" 5675
"/Engine/EngineMaterials/Substrate/GLints/dict_16_192_64_0p5_0p02_0019_0015" 5676
"../../../Engine/Content/EngineMaterials/Substrate/GLints/dict_16_192_64_0p5_0p02_0018_0015.uasset" 5677
"/Engine/EngineMaterials/Substrate/GLints/dict_16_192_64_0p5_0p02_0020_0008" 5678
"../../../Engine/Content/EngineMaterials/Substrate/GLints/dict_16_192_64_0p5_0p02_0018_0012.uasset" 5679
"../../../Engine/Content/EngineMaterials/Substrate/GLints/dict_16_192_64_0p5_0p02_0019_0000.uasset" 5680
"/Engine/EngineMaterials/Substrate/GLints/dict_16_192_64_0p5_0p02_0019_0010" 5681
"../../../Engine/Content/EngineMaterials/Substrate/GLints/dict_16_192_64_0p5_0p02_0019_0001.uasset" 5682
"/Engine/EngineMaterials/Substrate/GLints/dict_16_192_64_0p5_0p02_0020_0000" 5683
"../../../Engine/Content/EngineMaterials/Substrate/GLints/dict_16_192_64_0p5_0p02_0018_0014.uasset" 5684
"../../../Engine/Content/EngineMaterials/Substrate/GLints/dict_16_192_64_0p5_0p02_0018_0009.uasset" 5685
"/Engine/EngineMaterials/Substrate/GLints/dict_16_192_64_0p5_0p02_0019_0002" 5686
"/Engine/EngineMaterials/Substrate/GLints/dict_16_192_64_0p5_0p02_0018_0012" 5687
"../../../Engine/Content/EngineMaterials/Substrate/GLints/dict_16_192_64_0p5_0p02_0018_0011.uasset" 5688
"/Engine/EngineMaterials/Substrate/GLints/dict_16_192_64_0p5_0p02_0019_0007" 5689
"../../../Engine/Content/EngineMaterials/Substrate/GLints/dict_16_192_64_0p5_0p02_0018_0013.uasset" 5690
"/Engine/EngineMaterials/Substrate/GLints/dict_16_192_64_0p5_0p02_0019_0011" 5691
"/Engine/EngineMaterials/Substrate/GLints/dict_16_192_64_0p5_0p02_0018_0014" 5692
"/Engine/EngineMaterials/Substrate/GLints/dict_16_192_64_0p5_0p02_0019_0003" 5693
"../../../Engine/Content/EngineMaterials/Substrate/GLints/dict_16_192_64_0p5_0p02_0018_0010.uasset" 5694
"/Engine/EngineMaterials/Substrate/GLints/dict_16_192_64_0p5_0p02_0018_0015" 5695
"/Engine/EngineMaterials/Substrate/GLints/dict_16_192_64_0p5_0p02_0019_0004" 5696
"/Engine/EngineMaterials/Substrate/GLints/dict_16_192_64_0p5_0p02_0019_0014" 5697
"../../../Engine/Content/EngineMaterials/Substrate/GLints/dict_16_192_64_0p5_0p02_0018_0000.uasset" 5698
"/Engine/EngineMaterials/Substrate/GLints/dict_16_192_64_0p5_0p02_0019_0000" 5699
"../../../Engine/Content/EngineMaterials/Substrate/GLints/dict_16_192_64_0p5_0p02_0018_0006.uasset" 5700
"../../../Engine/Content/EngineMaterials/Substrate/GLints/dict_16_192_64_0p5_0p02_0018_0002.uasset" 5701
"../../../Engine/Content/EngineMaterials/Substrate/GLints/dict_16_192_64_0p5_0p02_0018_0003.uasset" 5702
"../../../Engine/Content/EngineMaterials/Substrate/GLints/dict_16_192_64_0p5_0p02_0018_0001.uasset" 5703
"../../../Engine/Content/EngineMaterials/Substrate/GLints/dict_16_192_64_0p5_0p02_0017_0014.uasset" 5704
"/Engine/EngineMaterials/Substrate/GLints/dict_16_192_64_0p5_0p02_0020_0005" 5705
"../../../Engine/Content/EngineMaterials/Substrate/GLints/dict_16_192_64_0p5_0p02_0018_0008.uasset" 5706
"/Engine/EngineMaterials/Substrate/GLints/dict_16_192_64_0p5_0p02_0019_0008" 5707
"../../../Engine/Content/EngineMaterials/Substrate/GLints/dict_16_192_64_0p5_0p02_0017_0015.uasset" 5708
"../../../Engine/Content/EngineMaterials/Substrate/GLints/dict_16_192_64_0p5_0p02_0018_0007.uasset" 5709
"/Engine/EngineMaterials/Substrate/GLints/dict_16_192_64_0p5_0p02_0019_0009" 5710
"../../../Engine/Content/EngineMaterials/Substrate/GLints/dict_16_192_64_0p5_0p02_0018_0005.uasset" 5711
"/Engine/EngineMaterials/Substrate/GLints/dict_16_192_64_0p5_0p02_0020_0007" 5712
"/Engine/EngineMaterials/Substrate/GLints/dict_16_192_64_0p5_0p02_0019_0005" 5713
"/Engine/EngineMaterials/Substrate/GLints/dict_16_192_64_0p5_0p02_0019_0006" 5714
"../../../Engine/Content/EngineMaterials/Substrate/GLints/dict_16_192_64_0p5_0p02_0018_0004.uasset" 5715
"/Engine/EngineMaterials/Substrate/GLints/dict_16_192_64_0p5_0p02_0019_0001" 5716
"/Engine/EngineMaterials/Substrate/GLints/dict_16_192_64_0p5_0p02_0018_0009" 5717
"/Engine/EngineMaterials/Substrate/GLints/dict_16_192_64_0p5_0p02_0018_0010" 5718
"/Engine/EngineMaterials/Substrate/GLints/dict_16_192_64_0p5_0p02_0017_0014" 5719
"/Engine/EngineMaterials/Substrate/GLints/dict_16_192_64_0p5_0p02_0018_0011" 5720
"/Engine/EngineMaterials/Substrate/GLints/dict_16_192_64_0p5_0p02_0018_0013" 5721
"/Engine/EngineMaterials/Substrate/GLints/dict_16_192_64_0p5_0p02_0017_0015" 5722
"../../../Engine/Content/EngineMaterials/Substrate/GLints/dict_16_192_64_0p5_0p02_0017_0007.uasset" 5723
"../../../Engine/Content/EngineMaterials/Substrate/GLints/dict_16_192_64_0p5_0p02_0017_0003.uasset" 5724
"../../../Engine/Content/EngineMaterials/Substrate/GLints/dict_16_192_64_0p5_0p02_0017_0006.uasset" 5725
"/Engine/EngineMaterials/Substrate/GLints/dict_16_192_64_0p5_0p02_0018_0000" 5726
"../../../Engine/Content/EngineMaterials/Substrate/GLints/dict_16_192_64_0p5_0p02_0017_0009.uasset" 5727
"../../../Engine/Content/EngineMaterials/Substrate/GLints/dict_16_192_64_0p5_0p02_0017_0004.uasset" 5728
"../../../Engine/Content/EngineMaterials/Substrate/GLints/dict_16_192_64_0p5_0p02_0017_0011.uasset" 5729
"../../../Engine/Content/EngineMaterials/Substrate/GLints/dict_16_192_64_0p5_0p02_0017_0005.uasset" 5730
"../../../Engine/Content/EngineMaterials/Substrate/GLints/dict_16_192_64_0p5_0p02_0017_0010.uasset" 5731
"../../../Engine/Content/EngineMaterials/Substrate/GLints/dict_16_192_64_0p5_0p02_0017_0001.uasset" 5732
"/Engine/EngineMaterials/Substrate/GLints/dict_16_192_64_0p5_0p02_0018_0001" 5733
"../../../Engine/Content/EngineMaterials/Substrate/GLints/dict_16_192_64_0p5_0p02_0017_0002.uasset" 5734
"../../../Engine/Content/EngineMaterials/Substrate/GLints/dict_16_192_64_0p5_0p02_0017_0013.uasset" 5735
"../../../Engine/Content/EngineMaterials/Substrate/GLints/dict_16_192_64_0p5_0p02_0016_0015.uasset" 5736
"/Engine/EngineMaterials/Substrate/GLints/dict_16_192_64_0p5_0p02_0018_0002" 5737
"../../../Engine/Content/EngineMaterials/Substrate/GLints/dict_16_192_64_0p5_0p02_0017_0012.uasset" 5738
"../../../Engine/Content/EngineMaterials/Substrate/GLints/dict_16_192_64_0p5_0p02_0017_0008.uasset" 5739
"../../../Engine/Content/EngineMaterials/Substrate/GLints/dict_16_192_64_0p5_0p02_0016_0014.uasset" 5740
"/Engine/EngineMaterials/Substrate/GLints/dict_16_192_64_0p5_0p02_0018_0003" 5741
"../../../Engine/Content/EngineMaterials/Substrate/GLints/dict_16_192_64_0p5_0p02_0017_0000.uasset" 5742
"/Engine/EngineMaterials/Substrate/GLints/dict_16_192_64_0p5_0p02_0018_0004" 5743
"/Engine/EngineMaterials/Substrate/GLints/dict_16_192_64_0p5_0p02_0018_0005" 5744
"/Engine/EngineMaterials/Substrate/GLints/dict_16_192_64_0p5_0p02_0018_0006" 5745
"/Engine/EngineMaterials/Substrate/GLints/dict_16_192_64_0p5_0p02_0018_0007" 5746
"/Engine/EngineMaterials/Substrate/GLints/dict_16_192_64_0p5_0p02_0018_0008" 5747
"/Engine/EngineMaterials/Substrate/GLints/dict_16_192_64_0p5_0p02_0016_0014" 5748
"../../../Engine/Content/EngineMaterials/Substrate/GLints/dict_16_192_64_0p5_0p02_0016_0013.uasset" 5749
"/Engine/EngineMaterials/Substrate/GLints/dict_16_192_64_0p5_0p02_0016_0015" 5750
"/Engine/EngineMaterials/Substrate/GLints/dict_16_192_64_0p5_0p02_0017_0000" 5751
"/Engine/EngineMaterials/Substrate/GLints/dict_16_192_64_0p5_0p02_0017_0001" 5752
"../../../Engine/Content/EngineMaterials/Substrate/GLints/dict_16_192_64_0p5_0p02_0016_0005.uasset" 5753
"../../../Engine/Content/EngineMaterials/Substrate/GLints/dict_16_192_64_0p5_0p02_0016_0004.uasset" 5754
"/Engine/EngineMaterials/Substrate/GLints/dict_16_192_64_0p5_0p02_0017_0002" 5755
"/Engine/EngineMaterials/Substrate/GLints/dict_16_192_64_0p5_0p02_0017_0003" 5756
"/Engine/EngineMaterials/Substrate/GLints/dict_16_192_64_0p5_0p02_0017_0004" 5757
"../../../Engine/Content/EngineMaterials/Substrate/GLints/dict_16_192_64_0p5_0p02_0016_0009.uasset" 5758
"../../../Engine/Content/EngineMaterials/Substrate/GLints/dict_16_192_64_0p5_0p02_0016_0003.uasset" 5759
"../../../Engine/Content/EngineMaterials/Substrate/GLints/dict_16_192_64_0p5_0p02_0016_0012.uasset" 5760
"../../../Engine/Content/EngineMaterials/Substrate/GLints/dict_16_192_64_0p5_0p02_0016_0002.uasset" 5761
"/Engine/EngineMaterials/Substrate/GLints/dict_16_192_64_0p5_0p02_0017_0005" 5762
"../../../Engine/Content/EngineMaterials/Substrate/GLints/dict_16_192_64_0p5_0p02_0016_0011.uasset" 5763
"/Engine/EngineMaterials/Substrate/GLints/dict_16_192_64_0p5_0p02_0017_0006" 5764
"../../../Engine/Content/EngineMaterials/Substrate/GLints/dict_16_192_64_0p5_0p02_0016_0007.uasset" 5765
"../../../Engine/Content/EngineMaterials/Substrate/GLints/dict_16_192_64_0p5_0p02_0015_0014.uasset" 5766
"/Engine/EngineMaterials/Substrate/GLints/dict_16_192_64_0p5_0p02_0017_0007" 5767
"../../../Engine/Content/EngineMaterials/Substrate/GLints/dict_16_192_64_0p5_0p02_0016_0010.uasset" 5768
"../../../Engine/Content/EngineMaterials/Substrate/GLints/dict_16_192_64_0p5_0p02_0016_0008.uasset" 5769
"../../../Engine/Content/EngineMaterials/Substrate/GLints/dict_16_192_64_0p5_0p02_0016_0006.uasset" 5770
"/Engine/EngineMaterials/Substrate/GLints/dict_16_192_64_0p5_0p02_0017_0008" 5771
"/Engine/EngineMaterials/Substrate/GLints/dict_16_192_64_0p5_0p02_0017_0009" 5772
"../../../Engine/Content/EngineMaterials/Substrate/GLints/dict_16_192_64_0p5_0p02_0016_0001.uasset" 5773
"/Engine/EngineMaterials/Substrate/GLints/dict_16_192_64_0p5_0p02_0017_0010" 5774
"/Engine/EngineMaterials/Substrate/GLints/dict_16_192_64_0p5_0p02_0017_0011" 5775
"../../../Engine/Content/EngineMaterials/Substrate/GLints/dict_16_192_64_0p5_0p02_0015_0015.uasset" 5776
"/Engine/EngineMaterials/Substrate/GLints/dict_16_192_64_0p5_0p02_0017_0012" 5777
"/Engine/EngineMaterials/Substrate/GLints/dict_16_192_64_0p5_0p02_0017_0013" 5778
"/Engine/EngineMaterials/Substrate/GLints/dict_16_192_64_0p5_0p02_0015_0014" 5779
"/Engine/EngineMaterials/Substrate/GLints/dict_16_192_64_0p5_0p02_0015_0015" 5780
"/Engine/EngineMaterials/Substrate/GLints/dict_16_192_64_0p5_0p02_0016_0013" 5781
"/Engine/EngineMaterials/Substrate/GLints/dict_16_192_64_0p5_0p02_0016_0001" 5782
"/Engine/EngineMaterials/Substrate/GLints/dict_16_192_64_0p5_0p02_0016_0002" 5783
"/Engine/EngineMaterials/Substrate/GLints/dict_16_192_64_0p5_0p02_0016_0003" 5784
"/Engine/EngineMaterials/Substrate/GLints/dict_16_192_64_0p5_0p02_0016_0004" 5785
"../../../Engine/Content/EngineMaterials/Substrate/GLints/dict_16_192_64_0p5_0p02_0015_0009.uasset" 5786
"../../../Engine/Content/EngineMaterials/Substrate/GLints/dict_16_192_64_0p5_0p02_0014_0015.uasset" 5787
"/Engine/EngineMaterials/Substrate/GLints/dict_16_192_64_0p5_0p02_0016_0005" 5788
"../../../Engine/Content/EngineMaterials/Substrate/GLints/dict_16_192_64_0p5_0p02_0015_0002.uasset" 5789
"../../../Engine/Content/EngineMaterials/Substrate/GLints/dict_16_192_64_0p5_0p02_0015_0013.uasset" 5790
"../../../Engine/Content/EngineMaterials/Substrate/GLints/dict_16_192_64_0p5_0p02_0015_0003.uasset" 5791
"../../../Engine/Content/EngineMaterials/Substrate/GLints/dict_16_192_64_0p5_0p02_0015_0010.uasset" 5792
"../../../Engine/Content/EngineMaterials/Substrate/GLints/dict_16_192_64_0p5_0p02_0015_0004.uasset" 5793
"../../../Engine/Content/EngineMaterials/Substrate/GLints/dict_16_192_64_0p5_0p02_0015_0011.uasset" 5794
"../../../Engine/Content/EngineMaterials/Substrate/GLints/dict_16_192_64_0p5_0p02_0015_0012.uasset" 5795
"/Engine/EngineMaterials/Substrate/GLints/dict_16_192_64_0p5_0p02_0016_0006" 5796
"../../../Engine/Content/EngineMaterials/Substrate/GLints/dict_16_192_64_0p5_0p02_0015_0006.uasset" 5797
"../../../Engine/Content/EngineMaterials/Substrate/GLints/dict_16_192_64_0p5_0p02_0015_0001.uasset" 5798
"../../../Engine/Content/EngineMaterials/Substrate/GLints/dict_16_192_64_0p5_0p02_0015_0005.uasset" 5799
"/Engine/EngineMaterials/Substrate/GLints/dict_16_192_64_0p5_0p02_0016_0007" 5800
"../../../Engine/Content/EngineMaterials/Substrate/GLints/dict_16_192_64_0p5_0p02_0016_0000.uasset" 5801
"/Engine/EngineMaterials/Substrate/GLints/dict_16_192_64_0p5_0p02_0016_0008" 5802
"../../../Engine/Content/EngineMaterials/Substrate/GLints/dict_16_192_64_0p5_0p02_0015_0007.uasset" 5803
"/Engine/EngineMaterials/Substrate/GLints/dict_16_192_64_0p5_0p02_0016_0009" 5804
"/Engine/EngineMaterials/Substrate/GLints/dict_16_192_64_0p5_0p02_0016_0010" 5805
"/Engine/EngineMaterials/Substrate/GLints/dict_16_192_64_0p5_0p02_0016_0011" 5806
"/Engine/EngineMaterials/Substrate/GLints/dict_16_192_64_0p5_0p02_0016_0012" 5807
"../../../Engine/Content/EngineMaterials/Substrate/GLints/dict_16_192_64_0p5_0p02_0015_0008.uasset" 5808
"../../../Engine/Content/EngineMaterials/Substrate/GLints/dict_16_192_64_0p5_0p02_0015_0000.uasset" 5809
"/Engine/EngineMaterials/Substrate/GLints/dict_16_192_64_0p5_0p02_0016_0000" 5810
"/Engine/EngineMaterials/Substrate/GLints/dict_16_192_64_0p5_0p02_0014_0015" 5811
"/Engine/EngineMaterials/Substrate/GLints/dict_16_192_64_0p5_0p02_0015_0000" 5812
"/Engine/EngineMaterials/Substrate/GLints/dict_16_192_64_0p5_0p02_0015_0001" 5813
"/Engine/EngineMaterials/Substrate/GLints/dict_16_192_64_0p5_0p02_0015_0002" 5814
"/Engine/EngineMaterials/Substrate/GLints/dict_16_192_64_0p5_0p02_0015_0003" 5815
"/Engine/EngineMaterials/Substrate/GLints/dict_16_192_64_0p5_0p02_0015_0004" 5816
"/Engine/EngineMaterials/Substrate/GLints/dict_16_192_64_0p5_0p02_0015_0005" 5817
"../../../Engine/Content/EngineMaterials/Substrate/GLints/dict_16_192_64_0p5_0p02_0014_0000.uasset" 5818
"/Engine/EngineMaterials/Substrate/GLints/dict_16_192_64_0p5_0p02_0015_0006" 5819
"../../../Engine/Content/EngineMaterials/Substrate/GLints/dict_16_192_64_0p5_0p02_0014_0010.uasset" 5820
"../../../Engine/Content/EngineMaterials/Substrate/GLints/dict_16_192_64_0p5_0p02_0014_0011.uasset" 5821
"/Engine/EngineMaterials/Substrate/GLints/dict_16_192_64_0p5_0p02_0015_0007" 5822
"/Engine/EngineMaterials/Substrate/GLints/dict_16_192_64_0p5_0p02_0015_0008" 5823
"../../../Engine/Content/EngineMaterials/Substrate/GLints/dict_16_192_64_0p5_0p02_0014_0009.uasset" 5824
"../../../Engine/Content/EngineMaterials/Substrate/GLints/dict_16_192_64_0p5_0p02_0014_0008.uasset" 5825
"../../../Engine/Content/EngineMaterials/Substrate/GLints/dict_16_192_64_0p5_0p02_0014_0007.uasset" 5826
"../../../Engine/Content/EngineMaterials/Substrate/GLints/dict_16_192_64_0p5_0p02_0014_0001.uasset" 5827
"../../../Engine/Content/EngineMaterials/Substrate/GLints/dict_16_192_64_0p5_0p02_0014_0014.uasset" 5828
"../../../Engine/Content/EngineMaterials/Substrate/GLints/dict_16_192_64_0p5_0p02_0014_0013.uasset" 5829
"../../../Engine/Content/EngineMaterials/Substrate/GLints/dict_16_192_64_0p5_0p02_0014_0012.uasset" 5830
"/Engine/EngineMaterials/Substrate/GLints/dict_16_192_64_0p5_0p02_0015_0009" 5831
"../../../Engine/Content/EngineMaterials/Substrate/GLints/dict_16_192_64_0p5_0p02_0014_0003.uasset" 5832
"/Engine/EngineMaterials/Substrate/GLints/dict_16_192_64_0p5_0p02_0015_0010" 5833
"/Engine/EngineMaterials/Substrate/GLints/dict_16_192_64_0p5_0p02_0015_0011" 5834
"/Engine/EngineMaterials/Substrate/GLints/dict_16_192_64_0p5_0p02_0015_0012" 5835
"../../../Engine/Content/EngineMaterials/Substrate/GLints/dict_16_192_64_0p5_0p02_0013_0015.uasset" 5836
"/Engine/EngineMaterials/Substrate/GLints/dict_16_192_64_0p5_0p02_0015_0013" 5837
"/Engine/EngineMaterials/Substrate/GLints/dict_16_192_64_0p5_0p02_0013_0015" 5838
"/Engine/EngineMaterials/Substrate/GLints/dict_16_192_64_0p5_0p02_0014_0000" 5839
"/Engine/EngineMaterials/Substrate/GLints/dict_16_192_64_0p5_0p02_0014_0001" 5840
"../../../Engine/Content/EngineMaterials/Substrate/GLints/dict_16_192_64_0p5_0p02_0014_0006.uasset" 5841
"/Engine/EngineMaterials/Substrate/GLints/dict_16_192_64_0p5_0p02_0014_0014" 5842
"/Engine/EngineMaterials/Substrate/GLints/dict_16_192_64_0p5_0p02_0014_0003" 5843
"/Engine/EngineMaterials/Substrate/GLints/dict_16_192_64_0p5_0p02_0014_0007" 5844
"/Engine/EngineMaterials/Substrate/GLints/dict_16_192_64_0p5_0p02_0014_0008" 5845
"/Engine/EngineMaterials/Substrate/GLints/dict_16_192_64_0p5_0p02_0014_0009" 5846
"/Engine/EngineMaterials/Substrate/GLints/dict_16_192_64_0p5_0p02_0014_0010" 5847
"/Engine/EngineMaterials/Substrate/GLints/dict_16_192_64_0p5_0p02_0014_0011" 5848
"/Engine/EngineMaterials/Substrate/GLints/dict_16_192_64_0p5_0p02_0014_0012" 5849
"/Engine/EngineMaterials/Substrate/GLints/dict_16_192_64_0p5_0p02_0014_0013" 5850
"/Engine/EngineMaterials/Substrate/GLints/dict_16_192_64_0p5_0p02_0014_0006" 5851
"../../../Engine/Content/EngineMaterials/Substrate/GLints/dict_16_192_64_0p5_0p02_0013_0011.uasset" 5852
"../../../Engine/Content/EngineMaterials/Substrate/GLints/dict_16_192_64_0p5_0p02_0013_0013.uasset" 5853
"../../../Engine/Content/EngineMaterials/Substrate/GLints/dict_16_192_64_0p5_0p02_0013_0012.uasset" 5854
"../../../Engine/Content/EngineMaterials/Substrate/GLints/dict_16_192_64_0p5_0p02_0013_0014.uasset" 5855
"../../../Engine/Content/EngineMaterials/Substrate/GLints/dict_16_192_64_0p5_0p02_0014_0002.uasset" 5856
"../../../Engine/Content/EngineMaterials/Substrate/GLints/dict_16_192_64_0p5_0p02_0013_0008.uasset" 5857
"../../../Engine/Content/EngineMaterials/Substrate/GLints/dict_16_192_64_0p5_0p02_0014_0005.uasset" 5858
"../../../Engine/Content/EngineMaterials/Substrate/GLints/dict_16_192_64_0p5_0p02_0013_0009.uasset" 5859
"../../../Engine/Content/EngineMaterials/Substrate/GLints/dict_16_192_64_0p5_0p02_0013_0005.uasset" 5860
"../../../Engine/Content/EngineMaterials/Substrate/GLints/dict_16_192_64_0p5_0p02_0013_0007.uasset" 5861
"../../../Engine/Content/EngineMaterials/Substrate/GLints/dict_16_192_64_0p5_0p02_0013_0002.uasset" 5862
"../../../Engine/Content/EngineMaterials/Substrate/GLints/dict_16_192_64_0p5_0p02_0013_0000.uasset" 5863
"../../../Engine/Content/EngineMaterials/Substrate/GLints/dict_16_192_64_0p5_0p02_0013_0006.uasset" 5864
"../../../Engine/Content/EngineMaterials/Substrate/GLints/dict_16_192_64_0p5_0p02_0012_0012.uasset" 5865
"../../../Engine/Content/EngineMaterials/Substrate/GLints/dict_16_192_64_0p5_0p02_0012_0013.uasset" 5866
"../../../Engine/Content/EngineMaterials/Substrate/GLints/dict_16_192_64_0p5_0p02_0012_0011.uasset" 5867
"../../../Engine/Content/EngineMaterials/Substrate/GLints/dict_16_192_64_0p5_0p02_0012_0009.uasset" 5868
"../../../Engine/Content/EngineMaterials/Substrate/GLints/dict_16_192_64_0p5_0p02_0012_0007.uasset" 5869
"../../../Engine/Content/EngineMaterials/Substrate/GLints/dict_16_192_64_0p5_0p02_0012_0014.uasset" 5870
"../../../Engine/Content/EngineMaterials/Substrate/GLints/dict_16_192_64_0p5_0p02_0012_0008.uasset" 5871
"../../../Engine/Content/EngineMaterials/Substrate/GLints/dict_16_192_64_0p5_0p02_0014_0004.uasset" 5872
"../../../Engine/Content/EngineMaterials/Substrate/GLints/dict_16_192_64_0p5_0p02_0013_0004.uasset" 5873
"../../../Engine/Content/EngineMaterials/Substrate/GLints/dict_16_192_64_0p5_0p02_0013_0003.uasset" 5874
"../../../Engine/Content/EngineMaterials/Substrate/GLints/dict_16_192_64_0p5_0p02_0012_0005.uasset" 5875
"../../../Engine/Content/EngineMaterials/Substrate/GLints/dict_16_192_64_0p5_0p02_0013_0001.uasset" 5876
"../../../Engine/Content/EngineMaterials/Substrate/GLints/dict_16_192_64_0p5_0p02_0012_0004.uasset" 5877
"../../../Engine/Content/EngineMaterials/Substrate/GLints/dict_16_192_64_0p5_0p02_0012_0003.uasset" 5878
"../../../Engine/Content/EngineMaterials/Substrate/GLints/dict_16_192_64_0p5_0p02_0012_0002.uasset" 5879
"../../../Engine/Content/EngineMaterials/Substrate/GLints/dict_16_192_64_0p5_0p02_0013_0010.uasset" 5880
"../../../Engine/Content/EngineMaterials/Substrate/GLints/dict_16_192_64_0p5_0p02_0012_0010.uasset" 5881
"../../../Engine/Content/EngineMaterials/Substrate/GLints/dict_16_192_64_0p5_0p02_0012_0015.uasset" 5882
"../../../Engine/Content/EngineMaterials/Substrate/GLints/dict_16_192_64_0p5_0p02_0012_0006.uasset" 5883
"/Engine/EngineMaterials/Substrate/GLints/dict_16_192_64_0p5_0p02_0012_0003" 5884
"/Engine/EngineMaterials/Substrate/GLints/dict_16_192_64_0p5_0p02_0012_0004" 5885
"/Engine/EngineMaterials/Substrate/GLints/dict_16_192_64_0p5_0p02_0012_0015" 5886
"/Engine/EngineMaterials/Substrate/GLints/dict_16_192_64_0p5_0p02_0012_0005" 5887
"/Engine/EngineMaterials/Substrate/GLints/dict_16_192_64_0p5_0p02_0014_0002" 5888
"/Engine/EngineMaterials/Substrate/GLints/dict_16_192_64_0p5_0p02_0012_0006" 5889
"/Engine/EngineMaterials/Substrate/GLints/dict_16_192_64_0p5_0p02_0013_0000" 5890
"/Engine/EngineMaterials/Substrate/GLints/dict_16_192_64_0p5_0p02_0012_0007" 5891
"/Engine/EngineMaterials/Substrate/GLints/dict_16_192_64_0p5_0p02_0013_0001" 5892
"/Engine/EngineMaterials/Substrate/GLints/dict_16_192_64_0p5_0p02_0014_0004" 5893
"/Engine/EngineMaterials/Substrate/GLints/dict_16_192_64_0p5_0p02_0013_0002" 5894
"/Engine/EngineMaterials/Substrate/GLints/dict_16_192_64_0p5_0p02_0013_0003" 5895
"/Engine/EngineMaterials/Substrate/GLints/dict_16_192_64_0p5_0p02_0014_0005" 5896
"/Engine/EngineMaterials/Substrate/GLints/dict_16_192_64_0p5_0p02_0013_0004" 5897
"/Engine/EngineMaterials/Substrate/GLints/dict_16_192_64_0p5_0p02_0012_0002" 5898
"/Engine/EngineMaterials/Substrate/GLints/dict_16_192_64_0p5_0p02_0013_0005" 5899
"/Engine/EngineMaterials/Substrate/GLints/dict_16_192_64_0p5_0p02_0013_0006" 5900
"/Engine/EngineMaterials/Substrate/GLints/dict_16_192_64_0p5_0p02_0012_0008" 5901
"/Engine/EngineMaterials/Substrate/GLints/dict_16_192_64_0p5_0p02_0013_0007" 5902
"/Engine/EngineMaterials/Substrate/GLints/dict_16_192_64_0p5_0p02_0013_0008" 5903
"/Engine/EngineMaterials/Substrate/GLints/dict_16_192_64_0p5_0p02_0012_0009" 5904
"/Engine/EngineMaterials/Substrate/GLints/dict_16_192_64_0p5_0p02_0013_0009" 5905
"/Engine/EngineMaterials/Substrate/GLints/dict_16_192_64_0p5_0p02_0012_0010" 5906
"/Engine/EngineMaterials/Substrate/GLints/dict_16_192_64_0p5_0p02_0012_0011" 5907
"/Engine/EngineMaterials/Substrate/GLints/dict_16_192_64_0p5_0p02_0013_0010" 5908
"/Engine/EngineMaterials/Substrate/GLints/dict_16_192_64_0p5_0p02_0013_0011" 5909
"/Engine/EngineMaterials/Substrate/GLints/dict_16_192_64_0p5_0p02_0013_0012" 5910
"/Engine/EngineMaterials/Substrate/GLints/dict_16_192_64_0p5_0p02_0012_0012" 5911
"/Engine/EngineMaterials/Substrate/GLints/dict_16_192_64_0p5_0p02_0012_0013" 5912
"/Engine/EngineMaterials/Substrate/GLints/dict_16_192_64_0p5_0p02_0012_0014" 5913
"/Engine/EngineMaterials/Substrate/GLints/dict_16_192_64_0p5_0p02_0013_0013" 5914
"/Engine/EngineMaterials/Substrate/GLints/dict_16_192_64_0p5_0p02_0013_0014" 5915
"../../../Engine/Content/EngineMaterials/Substrate/GLints/dict_16_192_64_0p5_0p02_0011_0012.uasset" 5916
"../../../Engine/Content/EngineMaterials/Substrate/GLints/dict_16_192_64_0p5_0p02_0012_0000.uasset" 5917
"/Engine/EngineMaterials/Substrate/GLints/dict_16_192_64_0p5_0p02_0011_0012" 5918
"../../../Engine/Content/EngineMaterials/Substrate/GLints/dict_16_192_64_0p5_0p02_0012_0001.uasset" 5919
"../../../Engine/Content/EngineMaterials/Substrate/GLints/dict_16_192_64_0p5_0p02_0011_0010.uasset" 5920
"../../../Engine/Content/EngineMaterials/Substrate/GLints/dict_16_192_64_0p5_0p02_0011_0000.uasset" 5921
"../../../Engine/Content/EngineMaterials/Substrate/GLints/dict_16_192_64_0p5_0p02_0010_0014.uasset" 5922
"../../../Engine/Content/EngineMaterials/Substrate/GLints/dict_16_192_64_0p5_0p02_0011_0011.uasset" 5923
"../../../Engine/Content/EngineMaterials/Substrate/GLints/dict_16_192_64_0p5_0p02_0011_0007.uasset" 5924
"../../../Engine/Content/EngineMaterials/Substrate/GLints/dict_16_192_64_0p5_0p02_0011_0009.uasset" 5925
"../../../Engine/Content/EngineMaterials/Substrate/GLints/dict_16_192_64_0p5_0p02_0011_0006.uasset" 5926
"/Engine/EngineMaterials/Substrate/GLints/dict_16_192_64_0p5_0p02_0012_0000" 5927
"../../../Engine/Content/EngineMaterials/Substrate/GLints/dict_16_192_64_0p5_0p02_0011_0008.uasset" 5928
"../../../Engine/Content/EngineMaterials/Substrate/GLints/dict_16_192_64_0p5_0p02_0011_0001.uasset" 5929
"../../../Engine/Content/EngineMaterials/Substrate/GLints/dict_16_192_64_0p5_0p02_0011_0002.uasset" 5930
"/Engine/EngineMaterials/Substrate/GLints/dict_16_192_64_0p5_0p02_0010_0014" 5931
"../../../Engine/Content/EngineMaterials/Substrate/GLints/dict_16_192_64_0p5_0p02_0010_0013.uasset" 5932
"/Engine/EngineMaterials/Substrate/GLints/dict_16_192_64_0p5_0p02_0011_0000" 5933
"/Engine/EngineMaterials/Substrate/GLints/dict_16_192_64_0p5_0p02_0011_0001" 5934
"/Engine/EngineMaterials/Substrate/GLints/dict_16_192_64_0p5_0p02_0011_0002" 5935
"../../../Engine/Content/EngineMaterials/Substrate/GLints/dict_16_192_64_0p5_0p02_0011_0013.uasset" 5936
"../../../Engine/Content/EngineMaterials/Substrate/GLints/dict_16_192_64_0p5_0p02_0011_0003.uasset" 5937
"../../../Engine/Content/EngineMaterials/Substrate/GLints/dict_16_192_64_0p5_0p02_0011_0014.uasset" 5938
"/Engine/EngineMaterials/Substrate/GLints/dict_16_192_64_0p5_0p02_0011_0006" 5939
"../../../Engine/Content/EngineMaterials/Substrate/GLints/dict_16_192_64_0p5_0p02_0010_0008.uasset" 5940
"../../../Engine/Content/EngineMaterials/Substrate/GLints/dict_16_192_64_0p5_0p02_0010_0004.uasset" 5941
"../../../Engine/Content/EngineMaterials/Substrate/GLints/dict_16_192_64_0p5_0p02_0010_0015.uasset" 5942
"../../../Engine/Content/EngineMaterials/Substrate/GLints/dict_16_192_64_0p5_0p02_0010_0009.uasset" 5943
"../../../Engine/Content/EngineMaterials/Substrate/GLints/dict_16_192_64_0p5_0p02_0010_0007.uasset" 5944
"../../../Engine/Content/EngineMaterials/Substrate/GLints/dict_16_192_64_0p5_0p02_0010_0010.uasset" 5945
"../../../Engine/Content/EngineMaterials/Substrate/GLints/dict_16_192_64_0p5_0p02_0010_0003.uasset" 5946
"../../../Engine/Content/EngineMaterials/Substrate/GLints/dict_16_192_64_0p5_0p02_0011_0004.uasset" 5947
"/Engine/EngineMaterials/Substrate/GLints/dict_16_192_64_0p5_0p02_0011_0007" 5948
"../../../Engine/Content/EngineMaterials/Substrate/GLints/dict_16_192_64_0p5_0p02_0010_0011.uasset" 5949
"/Engine/EngineMaterials/Substrate/GLints/dict_16_192_64_0p5_0p02_0011_0008" 5950
"../../../Engine/Content/EngineMaterials/Substrate/GLints/dict_16_192_64_0p5_0p02_0010_0002.uasset" 5951
"/Engine/EngineMaterials/Substrate/GLints/dict_16_192_64_0p5_0p02_0011_0009" 5952
"../../../Engine/Content/EngineMaterials/Substrate/GLints/dict_16_192_64_0p5_0p02_0010_0000.uasset" 5953
"/Engine/EngineMaterials/Substrate/GLints/dict_16_192_64_0p5_0p02_0011_0010" 5954
"/Engine/EngineMaterials/Substrate/GLints/dict_16_192_64_0p5_0p02_0011_0011" 5955
"/Engine/EngineMaterials/Substrate/GLints/dict_16_192_64_0p5_0p02_0012_0001" 5956
"/Engine/EngineMaterials/Substrate/GLints/dict_16_192_64_0p5_0p02_0010_0002" 5957
"/Engine/EngineMaterials/Substrate/GLints/dict_16_192_64_0p5_0p02_0010_0003" 5958
"/Engine/EngineMaterials/Substrate/GLints/dict_16_192_64_0p5_0p02_0010_0004" 5959
"/Engine/EngineMaterials/Substrate/GLints/dict_16_192_64_0p5_0p02_0010_0007" 5960
"/Engine/EngineMaterials/Substrate/GLints/dict_16_192_64_0p5_0p02_0010_0008" 5961
"../../../Engine/Content/EngineMaterials/Substrate/GLints/dict_16_192_64_0p5_0p02_0010_0012.uasset" 5962
"../../../Engine/Content/EngineMaterials/Substrate/GLints/dict_16_192_64_0p5_0p02_0010_0001.uasset" 5963
"/Engine/EngineMaterials/Substrate/GLints/dict_16_192_64_0p5_0p02_0010_0009" 5964
"/Engine/EngineMaterials/Substrate/GLints/dict_16_192_64_0p5_0p02_0010_0010" 5965
"/Engine/EngineMaterials/Substrate/GLints/dict_16_192_64_0p5_0p02_0010_0011" 5966
"/Engine/EngineMaterials/Substrate/GLints/dict_16_192_64_0p5_0p02_0010_0013" 5967
"../../../Engine/Content/EngineMaterials/Substrate/GLints/dict_16_192_64_0p5_0p02_0010_0006.uasset" 5968
"/Engine/EngineMaterials/Substrate/GLints/dict_16_192_64_0p5_0p02_0010_0015" 5969
"../../../Engine/Content/EngineMaterials/Substrate/GLints/dict_16_192_64_0p5_0p02_0011_0015.uasset" 5970
"../../../Engine/Content/EngineMaterials/Substrate/GLints/dict_16_192_64_0p5_0p02_0009_0012.uasset" 5971
"/Engine/EngineMaterials/Substrate/GLints/dict_16_192_64_0p5_0p02_0011_0003" 5972
"/Engine/EngineMaterials/Substrate/GLints/dict_16_192_64_0p5_0p02_0011_0004" 5973
"../../../Engine/Content/EngineMaterials/Substrate/GLints/dict_16_192_64_0p5_0p02_0009_0011.uasset" 5974
"../../../Engine/Content/EngineMaterials/Substrate/GLints/dict_16_192_64_0p5_0p02_0009_0009.uasset" 5975
"/Engine/EngineMaterials/Substrate/GLints/dict_16_192_64_0p5_0p02_0010_0000" 5976
"../../../Engine/Content/EngineMaterials/Substrate/GLints/dict_16_192_64_0p5_0p02_0009_0010.uasset" 5977
"/Engine/EngineMaterials/Substrate/GLints/dict_16_192_64_0p5_0p02_0011_0013" 5978
"../../../Engine/Content/EngineMaterials/Substrate/GLints/dict_16_192_64_0p5_0p02_0010_0005.uasset" 5979
"../../../Engine/Content/EngineMaterials/Substrate/GLints/dict_16_192_64_0p5_0p02_0009_0006.uasset" 5980
"/Engine/EngineMaterials/Substrate/GLints/dict_16_192_64_0p5_0p02_0011_0014" 5981
"../../../Engine/Content/EngineMaterials/Substrate/GLints/dict_16_192_64_0p5_0p02_0009_0007.uasset" 5982
"../../../Engine/Content/EngineMaterials/Substrate/GLints/dict_16_192_64_0p5_0p02_0009_0008.uasset" 5983
"/Engine/EngineMaterials/Substrate/GLints/dict_16_192_64_0p5_0p02_0010_0005" 5984
"/Engine/EngineMaterials/Substrate/GLints/dict_16_192_64_0p5_0p02_0010_0006" 5985
"/Engine/EngineMaterials/Substrate/GLints/dict_16_192_64_0p5_0p02_0010_0012" 5986
"/Engine/EngineMaterials/Substrate/GLints/dict_16_192_64_0p5_0p02_0009_0006" 5987
"../../../Engine/Content/EngineMaterials/Substrate/GLints/dict_16_192_64_0p5_0p02_0009_0005.uasset" 5988
"/Engine/EngineMaterials/Substrate/GLints/dict_16_192_64_0p5_0p02_0009_0007" 5989
"../../../Engine/Content/EngineMaterials/Substrate/GLints/dict_16_192_64_0p5_0p02_0009_0015.uasset" 5990
"/Engine/EngineMaterials/Substrate/GLints/dict_16_192_64_0p5_0p02_0009_0008" 5991
"/Engine/EngineMaterials/Substrate/GLints/dict_16_192_64_0p5_0p02_0009_0009" 5992
"/Engine/EngineMaterials/Substrate/GLints/dict_16_192_64_0p5_0p02_0009_0010" 5993
"../../../Engine/Content/EngineMaterials/Substrate/GLints/dict_16_192_64_0p5_0p02_0009_0013.uasset" 5994
"/Engine/EngineMaterials/Substrate/GLints/dict_16_192_64_0p5_0p02_0009_0011" 5995
"/Engine/EngineMaterials/Substrate/GLints/dict_16_192_64_0p5_0p02_0009_0012" 5996
"../../../Engine/Content/EngineMaterials/Substrate/GLints/dict_16_192_64_0p5_0p02_0008_0011.uasset" 5997
"../../../Engine/Content/EngineMaterials/Substrate/GLints/dict_16_192_64_0p5_0p02_0008_0012.uasset" 5998
"/Engine/EngineMaterials/Substrate/GLints/dict_16_192_64_0p5_0p02_0011_0015" 5999
"/Engine/EngineMaterials/Substrate/GLints/dict_16_192_64_0p5_0p02_0010_0001" 6000
"/Engine/EngineMaterials/Substrate/GLints/dict_16_192_64_0p5_0p02_0008_0011" 6001
"/Engine/EngineMaterials/Substrate/GLints/dict_16_192_64_0p5_0p02_0008_0012" 6002
"../../../Engine/Content/EngineMaterials/Substrate/GLints/dict_16_192_64_0p5_0p02_0011_0005.uasset" 6003
"../../../Engine/Content/EngineMaterials/Substrate/GLints/dict_16_192_64_0p5_0p02_0009_0014.uasset" 6004
"/Engine/EngineMaterials/Substrate/GLints/dict_16_192_64_0p5_0p02_0009_0005" 6005
"../../../Engine/Content/EngineMaterials/Substrate/GLints/dict_16_192_64_0p5_0p02_0008_0015.uasset" 6006
"/Engine/EngineMaterials/Substrate/GLints/dict_16_192_64_0p5_0p02_0009_0013" 6007
"../../../Engine/Content/EngineMaterials/Substrate/GLints/dict_16_192_64_0p5_0p02_0008_0009.uasset" 6008
"../../../Engine/Content/EngineMaterials/Substrate/GLints/dict_16_192_64_0p5_0p02_0009_0002.uasset" 6009
"/Engine/EngineMaterials/Substrate/GLints/dict_16_192_64_0p5_0p02_0009_0015" 6010
"../../../Engine/Content/EngineMaterials/Substrate/GLints/dict_16_192_64_0p5_0p02_0009_0001.uasset" 6011
"../../../Engine/Content/EngineMaterials/Substrate/GLints/dict_16_192_64_0p5_0p02_0008_0006.uasset" 6012
"/Engine/EngineMaterials/Substrate/GLints/dict_16_192_64_0p5_0p02_0008_0006" 6013
"../../../Engine/Content/EngineMaterials/Substrate/GLints/dict_16_192_64_0p5_0p02_0008_0013.uasset" 6014
"/Engine/EngineMaterials/Substrate/GLints/dict_16_192_64_0p5_0p02_0008_0009" 6015
"/Engine/EngineMaterials/Substrate/GLints/dict_16_192_64_0p5_0p02_0008_0015" 6016
"/Engine/EngineMaterials/Substrate/GLints/dict_16_192_64_0p5_0p02_0009_0001" 6017
"/Engine/EngineMaterials/Substrate/GLints/dict_16_192_64_0p5_0p02_0011_0005" 6018
"/Engine/EngineMaterials/Substrate/GLints/dict_16_192_64_0p5_0p02_0009_0014" 6019
"/Engine/EngineMaterials/Substrate/GLints/dict_16_192_64_0p5_0p02_0009_0002" 6020
"/Engine/EngineMaterials/Substrate/GLints/dict_16_192_64_0p5_0p02_0008_0013" 6021
"../../../Engine/Content/EngineMaterials/Substrate/GLints/dict_16_192_64_0p5_0p02_0009_0004.uasset" 6022
"../../../Engine/Content/EngineMaterials/Substrate/GLints/dict_16_192_64_0p5_0p02_0008_0003.uasset" 6023
"../../../Engine/Content/EngineMaterials/Substrate/GLints/dict_16_192_64_0p5_0p02_0008_0004.uasset" 6024
"../../../Engine/Content/EngineMaterials/Substrate/GLints/dict_16_192_64_0p5_0p02_0009_0000.uasset" 6025
"../../../Engine/Content/EngineMaterials/Substrate/GLints/dict_16_192_64_0p5_0p02_0008_0007.uasset" 6026
"../../../Engine/Content/EngineMaterials/Substrate/GLints/dict_16_192_64_0p5_0p02_0008_0001.uasset" 6027
"../../../Engine/Content/EngineMaterials/Substrate/GLints/dict_16_192_64_0p5_0p02_0008_0008.uasset" 6028
"../../../Engine/Content/EngineMaterials/Substrate/GLints/dict_16_192_64_0p5_0p02_0007_0010.uasset" 6029
"../../../Engine/Content/EngineMaterials/Substrate/GLints/dict_16_192_64_0p5_0p02_0007_0013.uasset" 6030
"../../../Engine/Content/EngineMaterials/Substrate/GLints/dict_16_192_64_0p5_0p02_0008_0000.uasset" 6031
"../../../Engine/Content/EngineMaterials/Substrate/GLints/dict_16_192_64_0p5_0p02_0007_0009.uasset" 6032
"../../../Engine/Content/EngineMaterials/Substrate/GLints/dict_16_192_64_0p5_0p02_0007_0012.uasset" 6033
"../../../Engine/Content/EngineMaterials/Substrate/GLints/dict_16_192_64_0p5_0p02_0008_0005.uasset" 6034
"../../../Engine/Content/EngineMaterials/Substrate/GLints/dict_16_192_64_0p5_0p02_0008_0002.uasset" 6035
"../../../Engine/Content/EngineMaterials/Substrate/GLints/dict_16_192_64_0p5_0p02_0007_0007.uasset" 6036
"../../../Engine/Content/EngineMaterials/Substrate/GLints/dict_16_192_64_0p5_0p02_0007_0003.uasset" 6037
"../../../Engine/Content/EngineMaterials/Substrate/GLints/dict_16_192_64_0p5_0p02_0007_0005.uasset" 6038
"../../../Engine/Content/EngineMaterials/Substrate/GLints/dict_16_192_64_0p5_0p02_0007_0000.uasset" 6039
"../../../Engine/Content/EngineMaterials/Substrate/GLints/dict_16_192_64_0p5_0p02_0007_0006.uasset" 6040
"../../../Engine/Content/EngineMaterials/Substrate/GLints/dict_16_192_64_0p5_0p02_0008_0010.uasset" 6041
"../../../Engine/Content/EngineMaterials/Substrate/GLints/dict_16_192_64_0p5_0p02_0007_0014.uasset" 6042
"../../../Engine/Content/EngineMaterials/Substrate/GLints/dict_16_192_64_0p5_0p02_0007_0002.uasset" 6043
"../../../Engine/Content/EngineMaterials/Substrate/GLints/dict_16_192_64_0p5_0p02_0007_0011.uasset" 6044
"../../../Engine/Content/EngineMaterials/Substrate/GLints/dict_16_192_64_0p5_0p02_0007_0004.uasset" 6045
"../../../Engine/Content/EngineMaterials/Substrate/GLints/dict_16_192_64_0p5_0p02_0006_0015.uasset" 6046
"../../../Engine/Content/EngineMaterials/Substrate/GLints/dict_16_192_64_0p5_0p02_0007_0008.uasset" 6047
"../../../Engine/Content/EngineMaterials/Substrate/GLints/dict_16_192_64_0p5_0p02_0006_0014.uasset" 6048
"../../../Engine/Content/EngineMaterials/Substrate/GLints/dict_16_192_64_0p5_0p02_0006_0013.uasset" 6049
"../../../Engine/Content/EngineMaterials/Substrate/GLints/dict_16_192_64_0p5_0p02_0008_0014.uasset" 6050
"../../../Engine/Content/EngineMaterials/Substrate/GLints/dict_16_192_64_0p5_0p02_0009_0003.uasset" 6051
"../../../Engine/Content/EngineMaterials/Substrate/GLints/dict_16_192_64_0p5_0p02_0007_0001.uasset" 6052
"../../../Engine/Content/EngineMaterials/Substrate/GLints/dict_16_192_64_0p5_0p02_0007_0015.uasset" 6053
"/Engine/EngineMaterials/Substrate/GLints/dict_16_192_64_0p5_0p02_0006_0014" 6054
"/Engine/EngineMaterials/Substrate/GLints/dict_16_192_64_0p5_0p02_0008_0007" 6055
"/Engine/EngineMaterials/Substrate/GLints/dict_16_192_64_0p5_0p02_0008_0008" 6056
"/Engine/EngineMaterials/Substrate/GLints/dict_16_192_64_0p5_0p02_0007_0010" 6057
"/Engine/EngineMaterials/Substrate/GLints/dict_16_192_64_0p5_0p02_0007_0011" 6058
"/Engine/EngineMaterials/Substrate/GLints/dict_16_192_64_0p5_0p02_0006_0015" 6059
"/Engine/EngineMaterials/Substrate/GLints/dict_16_192_64_0p5_0p02_0008_0010" 6060
"/Engine/EngineMaterials/Substrate/GLints/dict_16_192_64_0p5_0p02_0007_0005" 6061
"/Engine/EngineMaterials/Substrate/GLints/dict_16_192_64_0p5_0p02_0007_0006" 6062
"/Engine/EngineMaterials/Substrate/GLints/dict_16_192_64_0p5_0p02_0006_0013" 6063
"/Engine/EngineMaterials/Substrate/GLints/dict_16_192_64_0p5_0p02_0007_0012" 6064
"/Engine/EngineMaterials/Substrate/GLints/dict_16_192_64_0p5_0p02_0008_0014" 6065
"/Engine/EngineMaterials/Substrate/GLints/dict_16_192_64_0p5_0p02_0007_0007" 6066
"/Engine/EngineMaterials/Substrate/GLints/dict_16_192_64_0p5_0p02_0007_0000" 6067
"/Engine/EngineMaterials/Substrate/GLints/dict_16_192_64_0p5_0p02_0007_0013" 6068
"/Engine/EngineMaterials/Substrate/GLints/dict_16_192_64_0p5_0p02_0007_0014" 6069
"/Engine/EngineMaterials/Substrate/GLints/dict_16_192_64_0p5_0p02_0007_0015" 6070
"/Engine/EngineMaterials/Substrate/GLints/dict_16_192_64_0p5_0p02_0009_0000" 6071
"/Engine/EngineMaterials/Substrate/GLints/dict_16_192_64_0p5_0p02_0007_0001" 6072
"/Engine/EngineMaterials/Substrate/GLints/dict_16_192_64_0p5_0p02_0007_0002" 6073
"/Engine/EngineMaterials/Substrate/GLints/dict_16_192_64_0p5_0p02_0008_0000" 6074
"/Engine/EngineMaterials/Substrate/GLints/dict_16_192_64_0p5_0p02_0008_0001" 6075
"/Engine/EngineMaterials/Substrate/GLints/dict_16_192_64_0p5_0p02_0008_0002" 6076
"/Engine/EngineMaterials/Substrate/GLints/dict_16_192_64_0p5_0p02_0008_0003" 6077
"/Engine/EngineMaterials/Substrate/GLints/dict_16_192_64_0p5_0p02_0007_0008" 6078
"/Engine/EngineMaterials/Substrate/GLints/dict_16_192_64_0p5_0p02_0007_0003" 6079
"/Engine/EngineMaterials/Substrate/GLints/dict_16_192_64_0p5_0p02_0007_0004" 6080
"/Engine/EngineMaterials/Substrate/GLints/dict_16_192_64_0p5_0p02_0009_0003" 6081
"/Engine/EngineMaterials/Substrate/GLints/dict_16_192_64_0p5_0p02_0009_0004" 6082
"/Engine/EngineMaterials/Substrate/GLints/dict_16_192_64_0p5_0p02_0008_0004" 6083
"/Engine/EngineMaterials/Substrate/GLints/dict_16_192_64_0p5_0p02_0008_0005" 6084
"/Engine/EngineMaterials/Substrate/GLints/dict_16_192_64_0p5_0p02_0007_0009" 6085
"../../../Engine/Content/EngineMaterials/Substrate/GLints/dict_16_192_64_0p5_0p02_0006_0012.uasset" 6086
"../../../Engine/Content/EngineMaterials/Substrate/GLints/dict_16_192_64_0p5_0p02_0006_0003.uasset" 6087
"../../../Engine/Content/EngineMaterials/Substrate/GLints/dict_16_192_64_0p5_0p02_0006_0004.uasset" 6088
"../../../Engine/Content/EngineMaterials/Substrate/GLints/dict_16_192_64_0p5_0p02_0006_0007.uasset" 6089
"/Engine/EngineMaterials/Substrate/GLints/dict_16_192_64_0p5_0p02_0006_0003" 6090
"../../../Engine/Content/EngineMaterials/Substrate/GLints/dict_16_192_64_0p5_0p02_0006_0010.uasset" 6091
"../../../Engine/Content/EngineMaterials/Substrate/GLints/dict_16_192_64_0p5_0p02_0006_0009.uasset" 6092
"../../../Engine/Content/EngineMaterials/Substrate/GLints/dict_16_192_64_0p5_0p02_0006_0002.uasset" 6093
"/Engine/EngineMaterials/Substrate/GLints/dict_16_192_64_0p5_0p02_0006_0004" 6094
"/Engine/EngineMaterials/Substrate/GLints/dict_16_192_64_0p5_0p02_0006_0007" 6095
"/Engine/EngineMaterials/Substrate/GLints/dict_16_192_64_0p5_0p02_0006_0012" 6096
"../../../Engine/Content/EngineMaterials/Substrate/GLints/dict_16_192_64_0p5_0p02_0006_0001.uasset" 6097
"/Engine/EngineMaterials/Substrate/GLints/dict_16_192_64_0p5_0p02_0006_0002" 6098
"/Engine/EngineMaterials/Substrate/GLints/dict_16_192_64_0p5_0p02_0006_0009" 6099
"../../../Engine/Content/EngineMaterials/Substrate/GLints/dict_16_192_64_0p5_0p02_0006_0011.uasset" 6100
"../../../Engine/Content/EngineMaterials/Substrate/GLints/dict_16_192_64_0p5_0p02_0006_0006.uasset" 6101
"../../../Engine/Content/EngineMaterials/Substrate/GLints/dict_16_192_64_0p5_0p02_0005_0011.uasset" 6102
"../../../Engine/Content/EngineMaterials/Substrate/GLints/dict_16_192_64_0p5_0p02_0005_0012.uasset" 6103
"../../../Engine/Content/EngineMaterials/Substrate/GLints/dict_16_192_64_0p5_0p02_0005_0008.uasset" 6104
"../../../Engine/Content/EngineMaterials/Substrate/GLints/dict_16_192_64_0p5_0p02_0005_0010.uasset" 6105
"../../../Engine/Content/EngineMaterials/Substrate/GLints/dict_16_192_64_0p5_0p02_0006_0008.uasset" 6106
"../../../Engine/Content/EngineMaterials/Substrate/GLints/dict_16_192_64_0p5_0p02_0005_0009.uasset" 6107
"../../../Engine/Content/EngineMaterials/Substrate/GLints/dict_16_192_64_0p5_0p02_0005_0014.uasset" 6108
"/Engine/EngineMaterials/Substrate/GLints/dict_16_192_64_0p5_0p02_0006_0010" 6109
"/Engine/EngineMaterials/Substrate/GLints/dict_16_192_64_0p5_0p02_0005_0008" 6110
"/Engine/EngineMaterials/Substrate/GLints/dict_16_192_64_0p5_0p02_0005_0009" 6111
"/Engine/EngineMaterials/Substrate/GLints/dict_16_192_64_0p5_0p02_0005_0010" 6112
"../../../Engine/Content/EngineMaterials/Substrate/GLints/dict_16_192_64_0p5_0p02_0005_0002.uasset" 6113
"../../../Engine/Content/EngineMaterials/Substrate/GLints/dict_16_192_64_0p5_0p02_0005_0005.uasset" 6114
"/Engine/EngineMaterials/Substrate/GLints/dict_16_192_64_0p5_0p02_0005_0011" 6115
"../../../Engine/Content/EngineMaterials/Substrate/GLints/dict_16_192_64_0p5_0p02_0004_0012.uasset" 6116
"../../../Engine/Content/EngineMaterials/Substrate/GLints/dict_16_192_64_0p5_0p02_0004_0015.uasset" 6117
"../../../Engine/Content/EngineMaterials/Substrate/GLints/dict_16_192_64_0p5_0p02_0005_0001.uasset" 6118
"../../../Engine/Content/EngineMaterials/Substrate/GLints/dict_16_192_64_0p5_0p02_0005_0013.uasset" 6119
"/Engine/EngineMaterials/Substrate/GLints/dict_16_192_64_0p5_0p02_0005_0012" 6120
"../../../Engine/Content/EngineMaterials/Substrate/GLints/dict_16_192_64_0p5_0p02_0005_0007.uasset" 6121
"../../../Engine/Content/EngineMaterials/Substrate/GLints/dict_16_192_64_0p5_0p02_0006_0000.uasset" 6122
"../../../Engine/Content/EngineMaterials/Substrate/GLints/dict_16_192_64_0p5_0p02_0006_0005.uasset" 6123
"../../../Engine/Content/EngineMaterials/Substrate/GLints/dict_16_192_64_0p5_0p02_0004_0013.uasset" 6124
"../../../Engine/Content/EngineMaterials/Substrate/GLints/dict_16_192_64_0p5_0p02_0005_0006.uasset" 6125
"../../../Engine/Content/EngineMaterials/Substrate/GLints/dict_16_192_64_0p5_0p02_0004_0014.uasset" 6126
"../../../Engine/Content/EngineMaterials/Substrate/GLints/dict_16_192_64_0p5_0p02_0004_0010.uasset" 6127
"/Engine/EngineMaterials/Substrate/GLints/dict_16_192_64_0p5_0p02_0005_0014" 6128
"../../../Engine/Content/EngineMaterials/Substrate/GLints/dict_16_192_64_0p5_0p02_0005_0003.uasset" 6129
"/Engine/EngineMaterials/Substrate/GLints/dict_16_192_64_0p5_0p02_0006_0001" 6130
"../../../Engine/Content/EngineMaterials/Substrate/GLints/dict_16_192_64_0p5_0p02_0004_0009.uasset" 6131
"../../../Engine/Content/EngineMaterials/Substrate/GLints/dict_16_192_64_0p5_0p02_0005_0015.uasset" 6132
"../../../Engine/Content/EngineMaterials/Substrate/GLints/dict_16_192_64_0p5_0p02_0004_0011.uasset" 6133
"/Engine/EngineMaterials/Substrate/GLints/dict_16_192_64_0p5_0p02_0006_0006" 6134
"/Engine/EngineMaterials/Substrate/GLints/dict_16_192_64_0p5_0p02_0006_0008" 6135
"/Engine/EngineMaterials/Substrate/GLints/dict_16_192_64_0p5_0p02_0006_0011" 6136
"/Engine/EngineMaterials/Substrate/GLints/dict_16_192_64_0p5_0p02_0004_0013" 6137
"/Engine/EngineMaterials/Substrate/GLints/dict_16_192_64_0p5_0p02_0004_0014" 6138
"../../../Engine/Content/EngineMaterials/Substrate/GLints/dict_16_192_64_0p5_0p02_0004_0006.uasset" 6139
"/Engine/EngineMaterials/Substrate/GLints/dict_16_192_64_0p5_0p02_0004_0015" 6140
"/Engine/EngineMaterials/Substrate/GLints/dict_16_192_64_0p5_0p02_0005_0001" 6141
"../../../Engine/Content/EngineMaterials/Substrate/GLints/dict_16_192_64_0p5_0p02_0004_0007.uasset" 6142
"/Engine/EngineMaterials/Substrate/GLints/dict_16_192_64_0p5_0p02_0005_0002" 6143
"/Engine/EngineMaterials/Substrate/GLints/dict_16_192_64_0p5_0p02_0005_0003" 6144
"/Engine/EngineMaterials/Substrate/GLints/dict_16_192_64_0p5_0p02_0005_0005" 6145
"../../../Engine/Content/EngineMaterials/Substrate/GLints/dict_16_192_64_0p5_0p02_0005_0004.uasset" 6146
"/Engine/EngineMaterials/Substrate/GLints/dict_16_192_64_0p5_0p02_0005_0006" 6147
"/Engine/EngineMaterials/Substrate/GLints/dict_16_192_64_0p5_0p02_0005_0007" 6148
"/Engine/EngineMaterials/Substrate/GLints/dict_16_192_64_0p5_0p02_0005_0013" 6149
"/Engine/EngineMaterials/Substrate/GLints/dict_16_192_64_0p5_0p02_0006_0000" 6150
"/Engine/EngineMaterials/Substrate/GLints/dict_16_192_64_0p5_0p02_0004_0009" 6151
"../../../Engine/Content/EngineMaterials/Substrate/GLints/dict_16_192_64_0p5_0p02_0004_0000.uasset" 6152
"../../../Engine/Content/EngineMaterials/Substrate/GLints/dict_16_192_64_0p5_0p02_0003_0012.uasset" 6153
"/Engine/EngineMaterials/Substrate/GLints/dict_16_192_64_0p5_0p02_0004_0010" 6154
"../../../Engine/Content/EngineMaterials/Substrate/GLints/dict_16_192_64_0p5_0p02_0004_0003.uasset" 6155
"../../../Engine/Content/EngineMaterials/Substrate/GLints/dict_16_192_64_0p5_0p02_0004_0005.uasset" 6156
"../../../Engine/Content/EngineMaterials/Substrate/GLints/dict_16_192_64_0p5_0p02_0003_0015.uasset" 6157
"../../../Engine/Content/EngineMaterials/Substrate/GLints/dict_16_192_64_0p5_0p02_0004_0001.uasset" 6158
"/Engine/EngineMaterials/Substrate/GLints/dict_16_192_64_0p5_0p02_0006_0005" 6159
"../../../Engine/Content/EngineMaterials/Substrate/GLints/dict_16_192_64_0p5_0p02_0004_0002.uasset" 6160
"../../../Engine/Content/EngineMaterials/Substrate/GLints/dict_16_192_64_0p5_0p02_0005_0000.uasset" 6161
"/Engine/EngineMaterials/Substrate/GLints/dict_16_192_64_0p5_0p02_0004_0011" 6162
"/Engine/EngineMaterials/Substrate/GLints/dict_16_192_64_0p5_0p02_0004_0012" 6163
"/Engine/EngineMaterials/Substrate/GLints/dict_16_192_64_0p5_0p02_0005_0000" 6164
"/Engine/EngineMaterials/Substrate/GLints/dict_16_192_64_0p5_0p02_0005_0004" 6165
"/Engine/EngineMaterials/Substrate/GLints/dict_16_192_64_0p5_0p02_0003_0012" 6166
"/Engine/EngineMaterials/Substrate/GLints/dict_16_192_64_0p5_0p02_0003_0015" 6167
"/Engine/EngineMaterials/Substrate/GLints/dict_16_192_64_0p5_0p02_0004_0000" 6168
"/Engine/EngineMaterials/Substrate/GLints/dict_16_192_64_0p5_0p02_0004_0001" 6169
"/Engine/EngineMaterials/Substrate/GLints/dict_16_192_64_0p5_0p02_0005_0015" 6170
"/Engine/EngineMaterials/Substrate/GLints/dict_16_192_64_0p5_0p02_0004_0002" 6171
"/Engine/EngineMaterials/Substrate/GLints/dict_16_192_64_0p5_0p02_0004_0006" 6172
"/Engine/EngineMaterials/Substrate/GLints/dict_16_192_64_0p5_0p02_0004_0003" 6173
"/Engine/EngineMaterials/Substrate/GLints/dict_16_192_64_0p5_0p02_0004_0007" 6174
"../../../Engine/Content/EngineMaterials/Substrate/GLints/dict_16_192_64_0p5_0p02_0004_0004.uasset" 6175
"../../../Engine/Content/EngineMaterials/Substrate/GLints/dict_16_192_64_0p5_0p02_0004_0008.uasset" 6176
"/Engine/EngineMaterials/Substrate/GLints/dict_16_192_64_0p5_0p02_0004_0005" 6177
"../../../Engine/Content/EngineMaterials/Substrate/GLints/dict_16_192_64_0p5_0p02_0003_0005.uasset" 6178
"../../../Engine/Content/EngineMaterials/Substrate/GLints/dict_16_192_64_0p5_0p02_0003_0001.uasset" 6179
"../../../Engine/Content/EngineMaterials/Substrate/GLints/dict_16_192_64_0p5_0p02_0003_0004.uasset" 6180
"../../../Engine/Content/EngineMaterials/Substrate/GLints/dict_16_192_64_0p5_0p02_0003_0011.uasset" 6181
"/Engine/EngineMaterials/Substrate/GLints/dict_16_192_64_0p5_0p02_0003_0001" 6182
"../../../Engine/Content/EngineMaterials/Substrate/GLints/dict_16_192_64_0p5_0p02_0003_0000.uasset" 6183
"/Engine/EngineMaterials/Substrate/GLints/dict_16_192_64_0p5_0p02_0003_0004" 6184
"/Engine/EngineMaterials/Substrate/GLints/dict_16_192_64_0p5_0p02_0003_0005" 6185
"../../../Engine/Content/EngineMaterials/Substrate/GLints/dict_16_192_64_0p5_0p02_0003_0014.uasset" 6186
"../../../Engine/Content/EngineMaterials/Substrate/GLints/dict_16_192_64_0p5_0p02_0003_0003.uasset" 6187
"/Engine/EngineMaterials/Substrate/GLints/dict_16_192_64_0p5_0p02_0004_0004" 6188
"../../../Engine/Content/EngineMaterials/Substrate/GLints/dict_16_192_64_0p5_0p02_0003_0007.uasset" 6189
"../../../Engine/Content/EngineMaterials/Substrate/GLints/dict_16_192_64_0p5_0p02_0002_0015.uasset" 6190
"../../../Engine/Content/EngineMaterials/Substrate/GLints/dict_16_192_64_0p5_0p02_0002_0006.uasset" 6191
"../../../Engine/Content/EngineMaterials/Substrate/GLints/dict_16_192_64_0p5_0p02_0003_0013.uasset" 6192
"../../../Engine/Content/EngineMaterials/Substrate/GLints/dict_16_192_64_0p5_0p02_0002_0009.uasset" 6193
"../../../Engine/Content/EngineMaterials/Substrate/GLints/dict_16_192_64_0p5_0p02_0002_0013.uasset" 6194
"../../../Engine/Content/EngineMaterials/Substrate/GLints/dict_16_192_64_0p5_0p02_0002_0010.uasset" 6195
"../../../Engine/Content/EngineMaterials/Substrate/GLints/dict_16_192_64_0p5_0p02_0002_0008.uasset" 6196
"../../../Engine/Content/EngineMaterials/Substrate/GLints/dict_16_192_64_0p5_0p02_0003_0006.uasset" 6197
"../../../Engine/Content/EngineMaterials/Substrate/GLints/dict_16_192_64_0p5_0p02_0002_0012.uasset" 6198
"../../../Engine/Content/EngineMaterials/Substrate/GLints/dict_16_192_64_0p5_0p02_0003_0010.uasset" 6199
"../../../Engine/Content/EngineMaterials/Substrate/GLints/dict_16_192_64_0p5_0p02_0002_0011.uasset" 6200
"../../../Engine/Content/EngineMaterials/Substrate/GLints/dict_16_192_64_0p5_0p02_0003_0008.uasset" 6201
"../../../Engine/Content/EngineMaterials/Substrate/GLints/dict_16_192_64_0p5_0p02_0002_0007.uasset" 6202
"/Engine/EngineMaterials/Substrate/GLints/dict_16_192_64_0p5_0p02_0004_0008" 6203
"../../../Engine/Content/EngineMaterials/Substrate/GLints/dict_16_192_64_0p5_0p02_0003_0009.uasset" 6204
"../../../Engine/Content/EngineMaterials/Substrate/GLints/dict_16_192_64_0p5_0p02_0003_0002.uasset" 6205
"/Engine/EngineMaterials/Substrate/GLints/dict_16_192_64_0p5_0p02_0003_0011" 6206
"/Engine/EngineMaterials/Substrate/GLints/dict_16_192_64_0p5_0p02_0002_0012" 6207
"../../../Engine/Content/EngineMaterials/Substrate/GLints/dict_16_192_64_0p5_0p02_0002_0002.uasset" 6208
"/Engine/EngineMaterials/Substrate/GLints/dict_16_192_64_0p5_0p02_0002_0013" 6209
"../../../Engine/Content/EngineMaterials/Substrate/GLints/dict_16_192_64_0p5_0p02_0002_0004.uasset" 6210
"../../../Engine/Content/EngineMaterials/Substrate/GLints/dict_16_192_64_0p5_0p02_0002_0003.uasset" 6211
"/Engine/EngineMaterials/Substrate/GLints/dict_16_192_64_0p5_0p02_0002_0015" 6212
"../../../Engine/Content/EngineMaterials/Substrate/GLints/dict_16_192_64_0p5_0p02_0002_0001.uasset" 6213
"/Engine/EngineMaterials/Substrate/GLints/dict_16_192_64_0p5_0p02_0003_0000" 6214
"../../../Engine/Content/EngineMaterials/Substrate/GLints/dict_16_192_64_0p5_0p02_0002_0000.uasset" 6215
"/Engine/EngineMaterials/Substrate/GLints/dict_16_192_64_0p5_0p02_0003_0002" 6216
"../../../Engine/Content/EngineMaterials/Substrate/GLints/dict_16_192_64_0p5_0p02_0002_0005.uasset" 6217
"/Engine/EngineMaterials/Substrate/GLints/dict_16_192_64_0p5_0p02_0003_0003" 6218
"/Engine/EngineMaterials/Substrate/GLints/dict_16_192_64_0p5_0p02_0003_0013" 6219
"/Engine/EngineMaterials/Substrate/GLints/dict_16_192_64_0p5_0p02_0003_0014" 6220
"/Engine/EngineMaterials/Substrate/GLints/dict_16_192_64_0p5_0p02_0002_0006" 6221
"/Engine/EngineMaterials/Substrate/GLints/dict_16_192_64_0p5_0p02_0003_0006" 6222
"../../../Engine/Content/EngineMaterials/Substrate/GLints/dict_16_192_64_0p5_0p02_0001_0014.uasset" 6223
"../../../Engine/Content/EngineMaterials/Substrate/GLints/dict_16_192_64_0p5_0p02_0002_0014.uasset" 6224
"/Engine/EngineMaterials/Substrate/GLints/dict_16_192_64_0p5_0p02_0002_0007" 6225
"../../../Engine/Content/EngineMaterials/Substrate/GLints/dict_16_192_64_0p5_0p02_0001_0011.uasset" 6226
"../../../Engine/Content/EngineMaterials/Substrate/GLints/dict_16_192_64_0p5_0p02_0001_0013.uasset" 6227
"/Engine/EngineMaterials/Substrate/GLints/dict_16_192_64_0p5_0p02_0002_0008" 6228
"/Engine/EngineMaterials/Substrate/GLints/dict_16_192_64_0p5_0p02_0003_0007" 6229
"/Engine/EngineMaterials/Substrate/GLints/dict_16_192_64_0p5_0p02_0003_0008" 6230
"/Engine/EngineMaterials/Substrate/GLints/dict_16_192_64_0p5_0p02_0003_0009" 6231
"../../../Engine/Content/EngineMaterials/Substrate/GLints/dict_16_192_64_0p5_0p02_0001_0012.uasset" 6232
"/Engine/EngineMaterials/Substrate/GLints/dict_16_192_64_0p5_0p02_0002_0009" 6233
"/Engine/EngineMaterials/Substrate/GLints/dict_16_192_64_0p5_0p02_0003_0010" 6234
"/Engine/EngineMaterials/Substrate/GLints/dict_16_192_64_0p5_0p02_0002_0010" 6235
"../../../Engine/Content/EngineMaterials/Substrate/GLints/dict_16_192_64_0p5_0p02_0001_0010.uasset" 6236
"../../../Engine/Content/EngineMaterials/Substrate/GLints/dict_16_192_64_0p5_0p02_0001_0015.uasset" 6237
"/Engine/EngineMaterials/Substrate/GLints/dict_16_192_64_0p5_0p02_0002_0011" 6238
"/Engine/EngineMaterials/Substrate/GLints/dict_16_192_64_0p5_0p02_0002_0014" 6239
"/Engine/EngineMaterials/Substrate/GLints/dict_16_192_64_0p5_0p02_0002_0000" 6240
"/Engine/EngineMaterials/Substrate/GLints/dict_16_192_64_0p5_0p02_0001_0010" 6241
"/Engine/EngineMaterials/Substrate/GLints/dict_16_192_64_0p5_0p02_0002_0001" 6242
"/Engine/EngineMaterials/Substrate/GLints/dict_16_192_64_0p5_0p02_0001_0011" 6243
"/Engine/EngineMaterials/Substrate/GLints/dict_16_192_64_0p5_0p02_0002_0002" 6244
"/Engine/EngineMaterials/Substrate/GLints/dict_16_192_64_0p5_0p02_0002_0003" 6245
"/Engine/EngineMaterials/Substrate/GLints/dict_16_192_64_0p5_0p02_0002_0004" 6246
"/Engine/EngineMaterials/Substrate/GLints/dict_16_192_64_0p5_0p02_0001_0012" 6247
"../../../Engine/Content/EngineMaterials/Substrate/GLints/dict_16_192_64_0p5_0p02_0001_0006.uasset" 6248
"../../../Engine/Content/EngineMaterials/Substrate/GLints/dict_16_192_64_0p5_0p02_0001_0007.uasset" 6249
"/Engine/EngineMaterials/Substrate/GLints/dict_16_192_64_0p5_0p02_0002_0005" 6250
"../../../Engine/Content/EngineMaterials/Substrate/GLints/dict_16_192_64_0p5_0p02_0001_0000.uasset" 6251
"../../../Engine/Content/EngineMaterials/Substrate/GLints/dict_16_192_64_0p5_0p02_0001_0001.uasset" 6252
"../../../Engine/Content/EngineMaterials/Substrate/GLints/dict_16_192_64_0p5_0p02_0001_0005.uasset" 6253
"/Engine/EngineMaterials/Substrate/GLints/dict_16_192_64_0p5_0p02_0001_0013" 6254
"../../../Engine/Content/EngineMaterials/Substrate/GLints/dict_16_192_64_0p5_0p02_0000_0011.uasset" 6255
"../../../Engine/Content/EngineMaterials/Substrate/GLints/dict_16_192_64_0p5_0p02_0000_0009.uasset" 6256
"../../../Engine/Content/EngineMaterials/Substrate/GLints/dict_16_192_64_0p5_0p02_0000_0014.uasset" 6257
"../../../Engine/Content/EngineMaterials/Substrate/GLints/dict_16_192_64_0p5_0p02_0000_0015.uasset" 6258
"../../../Engine/Content/EngineMaterials/Substrate/GLints/dict_16_192_64_0p5_0p02_0001_0009.uasset" 6259
"../../../Engine/Content/EngineMaterials/Substrate/GLints/dict_16_192_64_0p5_0p02_0001_0004.uasset" 6260
"/Engine/EngineMaterials/Substrate/GLints/dict_16_192_64_0p5_0p02_0001_0014" 6261
"/Engine/EngineMaterials/Substrate/GLints/dict_16_192_64_0p5_0p02_0001_0015" 6262
"../../../Engine/Content/EngineMaterials/Substrate/GLints/dict_16_192_64_0p5_0p02_0001_0008.uasset" 6263
"/Engine/EngineMaterials/Substrate/GLints/dict_16_192_64_0p5_0p02_0000_0009" 6264
"../../../Engine/Content/EngineMaterials/Substrate/GLints/dict_16_192_64_0p5_0p02_0000_0012.uasset" 6265
"../../../Engine/Content/EngineMaterials/Substrate/GLints/dict_16_192_64_0p5_0p02_0000_0008.uasset" 6266
"/Engine/EngineMaterials/Substrate/GLints/dict_16_192_64_0p5_0p02_0000_0011" 6267
"../../../Engine/Content/EngineMaterials/Substrate/GLints/dict_16_192_64_0p5_0p02_0001_0003.uasset" 6268
"/Engine/EngineMaterials/Substrate/GLints/dict_16_192_64_0p5_0p02_0000_0014" 6269
"/Engine/EngineMaterials/Substrate/GLints/dict_16_192_64_0p5_0p02_0000_0015" 6270
"/Engine/EngineMaterials/Substrate/GLints/dict_16_192_64_0p5_0p02_0001_0000" 6271
"/Engine/EngineMaterials/Substrate/GLints/dict_16_192_64_0p5_0p02_0001_0001" 6272
"../../../Engine/Content/EngineMaterials/Substrate/GLints/dict_16_192_64_0p5_0p02_0000_0001.uasset" 6273
"../../../Engine/Content/EngineMaterials/Substrate/GLints/dict_16_192_64_0p5_0p02_0000_0007.uasset" 6274
"/Engine/EngineMaterials/Substrate/GLints/dict_16_192_64_0p5_0p02_0001_0004" 6275
"../../../Engine/Content/EngineMaterials/Substrate/GLints/dict_16_192_64_0p5_0p02_0000_0010.uasset" 6276
"../../../Engine/Content/EngineMaterials/Substrate/GLints/dict_16_192_64_0p5_0p02_0000_0005.uasset" 6277
"../../../Engine/Content/EngineMaterials/Substrate/Glints2/dict_0007_0253.uasset" 6278
"/Engine/EngineMaterials/Substrate/GLints/dict_16_192_64_0p5_0p02_0001_0005" 6279
"../../../Engine/Content/EngineMaterials/Substrate/GLints/dict_16_192_64_0p5_0p02_0000_0004.uasset" 6280
"../../../Engine/Content/EngineMaterials/Substrate/Glints2/dict_0007_0255.uasset" 6281
"../../../Engine/Content/EngineMaterials/Substrate/Glints2/dict_0007_0254.uasset" 6282
"../../../Engine/Content/EngineMaterials/Substrate/GLints/dict_16_192_64_0p5_0p02_0000_0002.uasset" 6283
"../../../Engine/Content/EngineMaterials/Substrate/GLints/dict_16_192_64_0p5_0p02_0000_0006.uasset" 6284
"../../../Engine/Content/EngineMaterials/Substrate/Glints2/dict_0007_0252.uasset" 6285
"../../../Engine/Content/EngineMaterials/Substrate/GLints/dict_16_192_64_0p5_0p02_0000_0003.uasset" 6286
"../../../Engine/Content/EngineMaterials/Substrate/GLints/AGlintTex2dArray.uasset" 6287
"/Engine/EngineMaterials/Substrate/GLints/dict_16_192_64_0p5_0p02_0001_0006" 6288
"../../../Engine/Content/EngineMaterials/Substrate/GLints/dict_16_192_64_0p5_0p02_0001_0002.uasset" 6289
"../../../Engine/Content/EngineMaterials/Substrate/GLints/dict_16_192_64_0p5_0p02_0000_0013.uasset" 6290
"/Engine/EngineMaterials/Substrate/GLints/dict_16_192_64_0p5_0p02_0001_0007" 6291
"../../../Engine/Content/EngineMaterials/Substrate/Glints2/dict_0007_0251.uasset" 6292
"/Engine/EngineMaterials/Substrate/GLints/dict_16_192_64_0p5_0p02_0001_0008" 6293
"/Engine/EngineMaterials/Substrate/GLints/dict_16_192_64_0p5_0p02_0001_0009" 6294
"/Engine/EngineMaterials/Substrate/GLints/dict_16_192_64_0p5_0p02_0000_0007" 6295
"/Engine/EngineMaterials/Substrate/GLints/dict_16_192_64_0p5_0p02_0000_0008" 6296
"/Engine/EngineMaterials/Substrate/Glints2/dict_0007_0251" 6297
"/Engine/EngineMaterials/Substrate/Glints2/dict_0007_0252" 6298
"/Engine/EngineMaterials/Substrate/GLints/dict_16_192_64_0p5_0p02_0000_0010" 6299
"/Engine/EngineMaterials/Substrate/Glints2/dict_0007_0253" 6300
"/Engine/EngineMaterials/Substrate/Glints2/dict_0007_0254" 6301
"/Engine/EngineMaterials/Substrate/GLints/dict_16_192_64_0p5_0p02_0000_0012" 6302
"/Engine/EngineMaterials/Substrate/Glints2/dict_0007_0255" 6303
"/Engine/EngineMaterials/Substrate/GLints/dict_16_192_64_0p5_0p02_0000_0013" 6304
"../../../Engine/Content/EngineMaterials/Substrate/Glints2/dict_0007_0249.uasset" 6305
"/Engine/EngineMaterials/Substrate/GLints/dict_16_192_64_0p5_0p02_0000_0001" 6306
"/Engine/EngineMaterials/Substrate/GLints/dict_16_192_64_0p5_0p02_0000_0002" 6307
"/Engine/EngineMaterials/Substrate/GLints/dict_16_192_64_0p5_0p02_0000_0003" 6308
"../../../Engine/Content/EngineMaterials/Substrate/Glints2/dict_0007_0248.uasset" 6309
"../../../Engine/Content/EngineMaterials/Substrate/Glints2/dict_0007_0250.uasset" 6310
"/Engine/EngineMaterials/Substrate/GLints/dict_16_192_64_0p5_0p02_0001_0002" 6311
"../../../Engine/Content/EngineMaterials/Substrate/Glints2/dict_0007_0239.uasset" 6312
"/Engine/EngineMaterials/Substrate/GLints/dict_16_192_64_0p5_0p02_0001_0003" 6313
"../../../Engine/Content/EngineMaterials/Substrate/GLints/dict_16_192_64_0p5_0p02_0000_0000.uasset" 6314
"/Engine/EngineMaterials/Substrate/GLints/dict_16_192_64_0p5_0p02_0000_0004" 6315
"/Engine/EngineMaterials/Substrate/GLints/dict_16_192_64_0p5_0p02_0000_0005" 6316
"../../../Engine/Content/EngineMaterials/Substrate/Glints2/dict_0007_0247.uasset" 6317
"../../../Engine/Content/EngineMaterials/Substrate/Glints2/dict_0007_0244.uasset" 6318
"../../../Engine/Content/EngineMaterials/Substrate/Glints2/dict_0007_0241.uasset" 6319
"/Engine/EngineMaterials/Substrate/GLints/dict_16_192_64_0p5_0p02_0000_0006" 6320
"/Engine/EngineMaterials/Substrate/Glints2/dict_0007_0239" 6321
"/Engine/EngineMaterials/Substrate/GLints/AGlintTex2dArray" 6322
"../../../Engine/Content/EngineMaterials/Substrate/Glints2/dict_0007_0243.uasset" 6323
"../../../Engine/Content/EngineMaterials/Substrate/Glints2/dict_0007_0246.uasset" 6324
"../../../Engine/Content/EngineMaterials/Substrate/Glints2/dict_0007_0242.uasset" 6325
"../../../Engine/Content/EngineMaterials/Substrate/Glints2/dict_0007_0238.uasset" 6326
"../../../Engine/Content/EngineMaterials/Substrate/Glints2/dict_0007_0245.uasset" 6327
"../../../Engine/Content/EngineMaterials/Substrate/Glints2/dict_0007_0240.uasset" 6328
"../../../Engine/Content/EngineMaterials/Substrate/Glints2/dict_0007_0235.uasset" 6329
"../../../Engine/Content/EngineMaterials/Substrate/Glints2/dict_0007_0236.uasset" 6330
"../../../Engine/Content/EngineMaterials/Substrate/Glints2/dict_0007_0237.uasset" 6331
"../../../Engine/Content/EngineMaterials/Substrate/Glints2/dict_0007_0222.uasset" 6332
"../../../Engine/Content/EngineMaterials/Substrate/Glints2/dict_0007_0221.uasset" 6333
"../../../Engine/Content/EngineMaterials/Substrate/Glints2/dict_0007_0230.uasset" 6334
"../../../Engine/Content/EngineMaterials/Substrate/Glints2/dict_0007_0229.uasset" 6335
"../../../Engine/Content/EngineMaterials/Substrate/Glints2/dict_0007_0223.uasset" 6336
"../../../Engine/Content/EngineMaterials/Substrate/Glints2/dict_0007_0228.uasset" 6337
"../../../Engine/Content/EngineMaterials/Substrate/Glints2/dict_0007_0225.uasset" 6338
"../../../Engine/Content/EngineMaterials/Substrate/Glints2/dict_0007_0231.uasset" 6339
"../../../Engine/Content/EngineMaterials/Substrate/Glints2/dict_0007_0224.uasset" 6340
"../../../Engine/Content/EngineMaterials/Substrate/Glints2/dict_0007_0234.uasset" 6341
"../../../Engine/Content/EngineMaterials/Substrate/Glints2/dict_0007_0232.uasset" 6342
"../../../Engine/Content/EngineMaterials/Substrate/Glints2/dict_0007_0226.uasset" 6343
"../../../Engine/Content/EngineMaterials/Substrate/Glints2/dict_0007_0233.uasset" 6344
"../../../Engine/Content/EngineMaterials/Substrate/Glints2/dict_0007_0227.uasset" 6345
"/Engine/EngineMaterials/Substrate/Glints2/dict_0007_0241" 6346
"/Engine/EngineMaterials/Substrate/Glints2/dict_0007_0244" 6347
"/Engine/EngineMaterials/Substrate/Glints2/dict_0007_0247" 6348
"/Engine/EngineMaterials/Substrate/Glints2/dict_0007_0248" 6349
"/Engine/EngineMaterials/Substrate/Glints2/dict_0007_0249" 6350
"/Engine/EngineMaterials/Substrate/Glints2/dict_0007_0250" 6351
"/Engine/EngineMaterials/Substrate/Glints2/dict_0007_0221" 6352
"/Engine/EngineMaterials/Substrate/Glints2/dict_0007_0222" 6353
"/Engine/EngineMaterials/Substrate/Glints2/dict_0007_0223" 6354
"/Engine/EngineMaterials/Substrate/Glints2/dict_0007_0224" 6355
"/Engine/EngineMaterials/Substrate/Glints2/dict_0007_0225" 6356
"/Engine/EngineMaterials/Substrate/Glints2/dict_0007_0226" 6357
"../../../Engine/Content/EngineMaterials/Substrate/Glints2/dict_0007_0219.uasset" 6358
"../../../Engine/Content/EngineMaterials/Substrate/Glints2/dict_0007_0215.uasset" 6359
"../../../Engine/Content/EngineMaterials/Substrate/Glints2/dict_0007_0220.uasset" 6360
"/Engine/EngineMaterials/Substrate/Glints2/dict_0007_0227" 6361
"../../../Engine/Content/EngineMaterials/Substrate/Glints2/dict_0007_0217.uasset" 6362
"../../../Engine/Content/EngineMaterials/Substrate/Glints2/dict_0007_0212.uasset" 6363
"../../../Engine/Content/EngineMaterials/Substrate/Glints2/dict_0007_0213.uasset" 6364
"/Engine/EngineMaterials/Substrate/Glints2/dict_0007_0240" 6365
"/Engine/EngineMaterials/Substrate/Glints2/dict_0007_0228" 6366
"/Engine/EngineMaterials/Substrate/Glints2/dict_0007_0229" 6367
"../../../Engine/Content/EngineMaterials/Substrate/Glints2/dict_0007_0216.uasset" 6368
"../../../Engine/Content/EngineMaterials/Substrate/Glints2/dict_0007_0214.uasset" 6369
"/Engine/EngineMaterials/Substrate/Glints2/dict_0007_0230" 6370
"/Engine/EngineMaterials/Substrate/Glints2/dict_0007_0231" 6371
"/Engine/EngineMaterials/Substrate/Glints2/dict_0007_0232" 6372
"/Engine/EngineMaterials/Substrate/Glints2/dict_0007_0233" 6373
"/Engine/EngineMaterials/Substrate/Glints2/dict_0007_0242" 6374
"/Engine/EngineMaterials/Substrate/Glints2/dict_0007_0243" 6375
"/Engine/EngineMaterials/Substrate/Glints2/dict_0007_0234" 6376
"/Engine/EngineMaterials/Substrate/Glints2/dict_0007_0235" 6377
"/Engine/EngineMaterials/Substrate/Glints2/dict_0007_0245" 6378
"/Engine/EngineMaterials/Substrate/Glints2/dict_0007_0246" 6379
"/Engine/EngineMaterials/Substrate/Glints2/dict_0007_0236" 6380
"/Engine/EngineMaterials/Substrate/Glints2/dict_0007_0237" 6381
"/Engine/EngineMaterials/Substrate/Glints2/dict_0007_0238" 6382
"/Engine/EngineMaterials/Substrate/Glints2/dict_0007_0212" 6383
"/Engine/EngineMaterials/Substrate/Glints2/dict_0007_0213" 6384
"/Engine/EngineMaterials/Substrate/Glints2/dict_0007_0214" 6385
"/Engine/EngineMaterials/Substrate/Glints2/dict_0007_0215" 6386
"/Engine/EngineMaterials/Substrate/Glints2/dict_0007_0216" 6387
"/Engine/EngineMaterials/Substrate/Glints2/dict_0007_0217" 6388
"/Engine/EngineMaterials/Substrate/Glints2/dict_0007_0219" 6389
"/Engine/EngineMaterials/Substrate/Glints2/dict_0007_0220" 6390
"../../../Engine/Content/EngineMaterials/Substrate/Glints2/dict_0007_0200.uasset" 6391
"../../../Engine/Content/EngineMaterials/Substrate/Glints2/dict_0007_0208.uasset" 6392
"../../../Engine/Content/EngineMaterials/Substrate/Glints2/dict_0007_0211.uasset" 6393
"../../../Engine/Content/EngineMaterials/Substrate/Glints2/dict_0007_0202.uasset" 6394
"../../../Engine/Content/EngineMaterials/Substrate/Glints2/dict_0007_0209.uasset" 6395
"../../../Engine/Content/EngineMaterials/Substrate/Glints2/dict_0007_0204.uasset" 6396
"../../../Engine/Content/EngineMaterials/Substrate/Glints2/dict_0007_0203.uasset" 6397
"../../../Engine/Content/EngineMaterials/Substrate/Glints2/dict_0007_0207.uasset" 6398
"../../../Engine/Content/EngineMaterials/Substrate/Glints2/dict_0007_0197.uasset" 6399
"../../../Engine/Content/EngineMaterials/Substrate/Glints2/dict_0007_0206.uasset" 6400
"../../../Engine/Content/EngineMaterials/Substrate/Glints2/dict_0007_0210.uasset" 6401
"../../../Engine/Content/EngineMaterials/Substrate/Glints2/dict_0007_0199.uasset" 6402
"../../../Engine/Content/EngineMaterials/Substrate/Glints2/dict_0007_0196.uasset" 6403
"../../../Engine/Content/EngineMaterials/Substrate/Glints2/dict_0007_0186.uasset" 6404
"../../../Engine/Content/EngineMaterials/Substrate/Glints2/dict_0007_0201.uasset" 6405
"../../../Engine/Content/EngineMaterials/Substrate/Glints2/dict_0007_0205.uasset" 6406
"../../../Engine/Content/EngineMaterials/Substrate/Glints2/dict_0007_0193.uasset" 6407
"../../../Engine/Content/EngineMaterials/Substrate/Glints2/dict_0007_0198.uasset" 6408
"../../../Engine/Content/EngineMaterials/Substrate/Glints2/dict_0007_0195.uasset" 6409
"../../../Engine/Content/EngineMaterials/Substrate/Glints2/dict_0007_0187.uasset" 6410
"../../../Engine/Content/EngineMaterials/Substrate/Glints2/dict_0007_0191.uasset" 6411
"../../../Engine/Content/EngineMaterials/Substrate/Glints2/dict_0007_0218.uasset" 6412
"../../../Engine/Content/EngineMaterials/Substrate/Glints2/dict_0007_0188.uasset" 6413
"../../../Engine/Content/EngineMaterials/Substrate/Glints2/dict_0007_0189.uasset" 6414
"../../../Engine/Content/EngineMaterials/Substrate/Glints2/dict_0007_0190.uasset" 6415
"../../../Engine/Content/EngineMaterials/Substrate/Glints2/dict_0007_0185.uasset" 6416
"../../../Engine/Content/EngineMaterials/Substrate/Glints2/dict_0007_0194.uasset" 6417
"../../../Engine/Content/EngineMaterials/Substrate/Glints2/dict_0007_0184.uasset" 6418
"../../../Engine/Content/EngineMaterials/Substrate/Glints2/dict_0007_0181.uasset" 6419
"../../../Engine/Content/EngineMaterials/Substrate/Glints2/dict_0007_0183.uasset" 6420
"../../../Engine/Content/EngineMaterials/Substrate/Glints2/dict_0007_0182.uasset" 6421
"../../../Engine/Content/EngineMaterials/Substrate/Glints2/dict_0007_0192.uasset" 6422
"/Engine/EngineMaterials/Substrate/Glints2/dict_0007_0189" 6423
"/Engine/EngineMaterials/Substrate/Glints2/dict_0007_0190" 6424
"/Engine/EngineMaterials/Substrate/Glints2/dict_0007_0191" 6425
"/Engine/EngineMaterials/Substrate/Glints2/dict_0007_0192" 6426
"/Engine/EngineMaterials/Substrate/Glints2/dict_0007_0181" 6427
"/Engine/EngineMaterials/Substrate/Glints2/dict_0007_0193" 6428
"/Engine/EngineMaterials/Substrate/Glints2/dict_0007_0194" 6429
"/Engine/EngineMaterials/Substrate/Glints2/dict_0007_0195" 6430
"/Engine/EngineMaterials/Substrate/Glints2/dict_0007_0196" 6431
"/Engine/EngineMaterials/Substrate/Glints2/dict_0007_0197" 6432
"/Engine/EngineMaterials/Substrate/Glints2/dict_0007_0198" 6433
"/Engine/EngineMaterials/Substrate/Glints2/dict_0007_0182" 6434
"/Engine/EngineMaterials/Substrate/Glints2/dict_0007_0199" 6435
"/Engine/EngineMaterials/Substrate/Glints2/dict_0007_0183" 6436
"/Engine/EngineMaterials/Substrate/Glints2/dict_0007_0184" 6437
"/Engine/EngineMaterials/Substrate/Glints2/dict_0007_0200" 6438
"/Engine/EngineMaterials/Substrate/Glints2/dict_0007_0201" 6439
"/Engine/EngineMaterials/Substrate/Glints2/dict_0007_0202" 6440
"/Engine/EngineMaterials/Substrate/Glints2/dict_0007_0203" 6441
"/Engine/EngineMaterials/Substrate/Glints2/dict_0007_0204" 6442
"/Engine/EngineMaterials/Substrate/Glints2/dict_0007_0185" 6443
"/Engine/EngineMaterials/Substrate/Glints2/dict_0007_0205" 6444
"/Engine/EngineMaterials/Substrate/Glints2/dict_0007_0206" 6445
"/Engine/EngineMaterials/Substrate/Glints2/dict_0007_0207" 6446
"/Engine/EngineMaterials/Substrate/Glints2/dict_0007_0208" 6447
"/Engine/EngineMaterials/Substrate/Glints2/dict_0007_0186" 6448
"/Engine/EngineMaterials/Substrate/Glints2/dict_0007_0218" 6449
"/Engine/EngineMaterials/Substrate/Glints2/dict_0007_0209" 6450
"/Engine/EngineMaterials/Substrate/Glints2/dict_0007_0187" 6451
"/Engine/EngineMaterials/Substrate/Glints2/dict_0007_0210" 6452
"/Engine/EngineMaterials/Substrate/Glints2/dict_0007_0188" 6453
"/Engine/EngineMaterials/Substrate/Glints2/dict_0007_0211" 6454
"../../../Engine/Content/EngineMaterials/Substrate/Glints2/dict_0007_0179.uasset" 6455
"../../../Engine/Content/EngineMaterials/Substrate/Glints2/dict_0007_0180.uasset" 6456
"../../../Engine/Content/EngineMaterials/Substrate/Glints2/dict_0007_0178.uasset" 6457
"/Engine/EngineMaterials/Substrate/Glints2/dict_0007_0178" 6458
"/Engine/EngineMaterials/Substrate/Glints2/dict_0007_0179" 6459
"/Engine/EngineMaterials/Substrate/Glints2/dict_0007_0180" 6460
"../../../Engine/Content/EngineMaterials/Substrate/Glints2/dict_0007_0174.uasset" 6461
"/Engine/EngineMaterials/Substrate/Glints2/dict_0007_0174" 6462
"../../../Engine/Content/EngineMaterials/Substrate/Glints2/dict_0007_0175.uasset" 6463
"/Engine/EngineMaterials/Substrate/Glints2/dict_0007_0175" 6464
"../../../Engine/Content/EngineMaterials/Substrate/Glints2/dict_0007_0172.uasset" 6465
"/Engine/EngineMaterials/Substrate/Glints2/dict_0007_0172" 6466
"../../../Engine/Content/EngineMaterials/Substrate/Glints2/dict_0007_0164.uasset" 6467
"../../../Engine/Content/EngineMaterials/Substrate/Glints2/dict_0007_0163.uasset" 6468
"../../../Engine/Content/EngineMaterials/Substrate/Glints2/dict_0007_0162.uasset" 6469
"../../../Engine/Content/EngineMaterials/Substrate/Glints2/dict_0007_0161.uasset" 6470
"../../../Engine/Content/EngineMaterials/Substrate/Glints2/dict_0007_0171.uasset" 6471
"../../../Engine/Content/EngineMaterials/Substrate/Glints2/dict_0007_0170.uasset" 6472
"../../../Engine/Content/EngineMaterials/Substrate/Glints2/dict_0007_0158.uasset" 6473
"../../../Engine/Content/EngineMaterials/Substrate/Glints2/dict_0007_0156.uasset" 6474
"../../../Engine/Content/EngineMaterials/Substrate/Glints2/dict_0007_0157.uasset" 6475
"../../../Engine/Content/EngineMaterials/Substrate/Glints2/dict_0007_0173.uasset" 6476
"../../../Engine/Content/EngineMaterials/Substrate/Glints2/dict_0007_0176.uasset" 6477
"../../../Engine/Content/EngineMaterials/Substrate/Glints2/dict_0007_0159.uasset" 6478
"../../../Engine/Content/EngineMaterials/Substrate/Glints2/dict_0007_0151.uasset" 6479
"../../../Engine/Content/EngineMaterials/Substrate/Glints2/dict_0007_0160.uasset" 6480
"../../../Engine/Content/EngineMaterials/Substrate/Glints2/dict_0007_0167.uasset" 6481
"../../../Engine/Content/EngineMaterials/Substrate/Glints2/dict_0007_0150.uasset" 6482
"../../../Engine/Content/EngineMaterials/Substrate/Glints2/dict_0007_0149.uasset" 6483
"../../../Engine/Content/EngineMaterials/Substrate/Glints2/dict_0007_0165.uasset" 6484
"../../../Engine/Content/EngineMaterials/Substrate/Glints2/dict_0007_0166.uasset" 6485
"../../../Engine/Content/EngineMaterials/Substrate/Glints2/dict_0007_0153.uasset" 6486
"../../../Engine/Content/EngineMaterials/Substrate/Glints2/dict_0007_0168.uasset" 6487
"../../../Engine/Content/EngineMaterials/Substrate/Glints2/dict_0007_0152.uasset" 6488
"../../../Engine/Content/EngineMaterials/Substrate/Glints2/dict_0007_0177.uasset" 6489
"../../../Engine/Content/EngineMaterials/Substrate/Glints2/dict_0007_0169.uasset" 6490
"../../../Engine/Content/EngineMaterials/Substrate/Glints2/dict_0007_0154.uasset" 6491
"../../../Engine/Content/EngineMaterials/Substrate/Glints2/dict_0007_0155.uasset" 6492
"/Engine/EngineMaterials/Substrate/Glints2/dict_0007_0149" 6493
"/Engine/EngineMaterials/Substrate/Glints2/dict_0007_0150" 6494
"/Engine/EngineMaterials/Substrate/Glints2/dict_0007_0151" 6495
"/Engine/EngineMaterials/Substrate/Glints2/dict_0007_0152" 6496
"/Engine/EngineMaterials/Substrate/Glints2/dict_0007_0153" 6497
"/Engine/EngineMaterials/Substrate/Glints2/dict_0007_0154" 6498
"/Engine/EngineMaterials/Substrate/Glints2/dict_0007_0155" 6499
"/Engine/EngineMaterials/Substrate/Glints2/dict_0007_0156" 6500
"/Engine/EngineMaterials/Substrate/Glints2/dict_0007_0157" 6501
"/Engine/EngineMaterials/Substrate/Glints2/dict_0007_0158" 6502
"/Engine/EngineMaterials/Substrate/Glints2/dict_0007_0159" 6503
"/Engine/EngineMaterials/Substrate/Glints2/dict_0007_0160" 6504
"/Engine/EngineMaterials/Substrate/Glints2/dict_0007_0161" 6505
"/Engine/EngineMaterials/Substrate/Glints2/dict_0007_0162" 6506
"/Engine/EngineMaterials/Substrate/Glints2/dict_0007_0163" 6507
"/Engine/EngineMaterials/Substrate/Glints2/dict_0007_0164" 6508
"/Engine/EngineMaterials/Substrate/Glints2/dict_0007_0165" 6509
"/Engine/EngineMaterials/Substrate/Glints2/dict_0007_0166" 6510
"/Engine/EngineMaterials/Substrate/Glints2/dict_0007_0167" 6511
"/Engine/EngineMaterials/Substrate/Glints2/dict_0007_0168" 6512
"/Engine/EngineMaterials/Substrate/Glints2/dict_0007_0169" 6513
"/Engine/EngineMaterials/Substrate/Glints2/dict_0007_0170" 6514
"/Engine/EngineMaterials/Substrate/Glints2/dict_0007_0171" 6515
"/Engine/EngineMaterials/Substrate/Glints2/dict_0007_0173" 6516
"/Engine/EngineMaterials/Substrate/Glints2/dict_0007_0176" 6517
"/Engine/EngineMaterials/Substrate/Glints2/dict_0007_0177" 6518
"../../../Engine/Content/EngineMaterials/Substrate/Glints2/dict_0007_0145.uasset" 6519
"../../../Engine/Content/EngineMaterials/Substrate/Glints2/dict_0007_0148.uasset" 6520
"../../../Engine/Content/EngineMaterials/Substrate/Glints2/dict_0007_0144.uasset" 6521
"../../../Engine/Content/EngineMaterials/Substrate/Glints2/dict_0007_0146.uasset" 6522
"../../../Engine/Content/EngineMaterials/Substrate/Glints2/dict_0007_0143.uasset" 6523
"../../../Engine/Content/EngineMaterials/Substrate/Glints2/dict_0007_0147.uasset" 6524
"/Engine/EngineMaterials/Substrate/Glints2/dict_0007_0143" 6525
"/Engine/EngineMaterials/Substrate/Glints2/dict_0007_0145" 6526
"/Engine/EngineMaterials/Substrate/Glints2/dict_0007_0144" 6527
"/Engine/EngineMaterials/Substrate/Glints2/dict_0007_0146" 6528
"/Engine/EngineMaterials/Substrate/Glints2/dict_0007_0147" 6529
"/Engine/EngineMaterials/Substrate/Glints2/dict_0007_0148" 6530
"../../../Engine/Content/EngineMaterials/Substrate/Glints2/dict_0007_0140.uasset" 6531
"../../../Engine/Content/EngineMaterials/Substrate/Glints2/dict_0007_0138.uasset" 6532
"../../../Engine/Content/EngineMaterials/Substrate/Glints2/dict_0007_0139.uasset" 6533
"../../../Engine/Content/EngineMaterials/Substrate/Glints2/dict_0007_0141.uasset" 6534
"../../../Engine/Content/EngineMaterials/Substrate/Glints2/dict_0007_0142.uasset" 6535
"/Engine/EngineMaterials/Substrate/Glints2/dict_0007_0138" 6536
"../../../Engine/Content/EngineMaterials/Substrate/Glints2/dict_0007_0132.uasset" 6537
"../../../Engine/Content/EngineMaterials/Substrate/Glints2/dict_0007_0133.uasset" 6538
"../../../Engine/Content/EngineMaterials/Substrate/Glints2/dict_0007_0134.uasset" 6539
"../../../Engine/Content/EngineMaterials/Substrate/Glints2/dict_0007_0130.uasset" 6540
"/Engine/EngineMaterials/Substrate/Glints2/dict_0007_0139" 6541
"/Engine/EngineMaterials/Substrate/Glints2/dict_0007_0140" 6542
"../../../Engine/Content/EngineMaterials/Substrate/Glints2/dict_0007_0135.uasset" 6543
"/Engine/EngineMaterials/Substrate/Glints2/dict_0007_0141" 6544
"../../../Engine/Content/EngineMaterials/Substrate/Glints2/dict_0007_0131.uasset" 6545
"/Engine/EngineMaterials/Substrate/Glints2/dict_0007_0142" 6546
"../../../Engine/Content/EngineMaterials/Substrate/Glints2/dict_0007_0127.uasset" 6547
"/Engine/EngineMaterials/Substrate/Glints2/dict_0007_0127" 6548
"/Engine/EngineMaterials/Substrate/Glints2/dict_0007_0130" 6549
"/Engine/EngineMaterials/Substrate/Glints2/dict_0007_0131" 6550
"../../../Engine/Content/EngineMaterials/Substrate/Glints2/dict_0007_0123.uasset" 6551
"/Engine/EngineMaterials/Substrate/Glints2/dict_0007_0132" 6552
"/Engine/EngineMaterials/Substrate/Glints2/dict_0007_0133" 6553
"/Engine/EngineMaterials/Substrate/Glints2/dict_0007_0134" 6554
"../../../Engine/Content/EngineMaterials/Substrate/Glints2/dict_0007_0121.uasset" 6555
"../../../Engine/Content/EngineMaterials/Substrate/Glints2/dict_0007_0122.uasset" 6556
"/Engine/EngineMaterials/Substrate/Glints2/dict_0007_0135" 6557
"../../../Engine/Content/EngineMaterials/Substrate/Glints2/dict_0007_0129.uasset" 6558
"/Engine/EngineMaterials/Substrate/Glints2/dict_0007_0121" 6559
"/Engine/EngineMaterials/Substrate/Glints2/dict_0007_0122" 6560
"/Engine/EngineMaterials/Substrate/Glints2/dict_0007_0123" 6561
"../../../Engine/Content/EngineMaterials/Substrate/Glints2/dict_0007_0125.uasset" 6562
"/Engine/EngineMaterials/Substrate/Glints2/dict_0007_0129" 6563
"/Engine/EngineMaterials/Substrate/Glints2/dict_0007_0125" 6564
"../../../Engine/Content/EngineMaterials/Substrate/Glints2/dict_0007_0136.uasset" 6565
"../../../Engine/Content/EngineMaterials/Substrate/Glints2/dict_0007_0120.uasset" 6566
"../../../Engine/Content/EngineMaterials/Substrate/Glints2/dict_0007_0119.uasset" 6567
"../../../Engine/Content/EngineMaterials/Substrate/Glints2/dict_0007_0137.uasset" 6568
"../../../Engine/Content/EngineMaterials/Substrate/Glints2/dict_0007_0126.uasset" 6569
"../../../Engine/Content/EngineMaterials/Substrate/Glints2/dict_0007_0124.uasset" 6570
"/Engine/EngineMaterials/Substrate/Glints2/dict_0007_0119" 6571
"/Engine/EngineMaterials/Substrate/Glints2/dict_0007_0120" 6572
"/Engine/EngineMaterials/Substrate/Glints2/dict_0007_0124" 6573
"../../../Engine/Content/EngineMaterials/Substrate/Glints2/dict_0007_0128.uasset" 6574
"/Engine/EngineMaterials/Substrate/Glints2/dict_0007_0126" 6575
"/Engine/EngineMaterials/Substrate/Glints2/dict_0007_0136" 6576
"/Engine/EngineMaterials/Substrate/Glints2/dict_0007_0137" 6577
"/Engine/EngineMaterials/Substrate/Glints2/dict_0007_0128" 6578
"../../../Engine/Content/EngineMaterials/Substrate/Glints2/dict_0007_0118.uasset" 6579
"../../../Engine/Content/EngineMaterials/Substrate/Glints2/dict_0007_0117.uasset" 6580
"/Engine/EngineMaterials/Substrate/Glints2/dict_0007_0117" 6581
"/Engine/EngineMaterials/Substrate/Glints2/dict_0007_0118" 6582
"../../../Engine/Content/EngineMaterials/Substrate/Glints2/dict_0007_0109.uasset" 6583
"../../../Engine/Content/EngineMaterials/Substrate/Glints2/dict_0007_0116.uasset" 6584
"../../../Engine/Content/EngineMaterials/Substrate/Glints2/dict_0007_0112.uasset" 6585
"../../../Engine/Content/EngineMaterials/Substrate/Glints2/dict_0007_0110.uasset" 6586
"../../../Engine/Content/EngineMaterials/Substrate/Glints2/dict_0007_0115.uasset" 6587
"../../../Engine/Content/EngineMaterials/Substrate/Glints2/dict_0007_0114.uasset" 6588
"../../../Engine/Content/EngineMaterials/Substrate/Glints2/dict_0007_0113.uasset" 6589
"../../../Engine/Content/EngineMaterials/Substrate/Glints2/dict_0007_0108.uasset" 6590
"../../../Engine/Content/EngineMaterials/Substrate/Glints2/dict_0007_0111.uasset" 6591
"/Engine/EngineMaterials/Substrate/Glints2/dict_0007_0111" 6592
"/Engine/EngineMaterials/Substrate/Glints2/dict_0007_0108" 6593
"../../../Engine/Content/EngineMaterials/Substrate/Glints2/dict_0007_0107.uasset" 6594
"/Engine/EngineMaterials/Substrate/Glints2/dict_0007_0112" 6595
"../../../Engine/Content/EngineMaterials/Substrate/Glints2/dict_0007_0103.uasset" 6596
"../../../Engine/Content/EngineMaterials/Substrate/Glints2/dict_0007_0099.uasset" 6597
"../../../Engine/Content/EngineMaterials/Substrate/Glints2/dict_0007_0102.uasset" 6598
"/Engine/EngineMaterials/Substrate/Glints2/dict_0007_0113" 6599
"../../../Engine/Content/EngineMaterials/Substrate/Glints2/dict_0007_0101.uasset" 6600
"../../../Engine/Content/EngineMaterials/Substrate/Glints2/dict_0007_0100.uasset" 6601
"/Engine/EngineMaterials/Substrate/Glints2/dict_0007_0109" 6602
"../../../Engine/Content/EngineMaterials/Substrate/Glints2/dict_0007_0098.uasset" 6603
"/Engine/EngineMaterials/Substrate/Glints2/dict_0007_0110" 6604
"../../../Engine/Content/EngineMaterials/Substrate/Glints2/dict_0007_0095.uasset" 6605
"../../../Engine/Content/EngineMaterials/Substrate/Glints2/dict_0007_0094.uasset" 6606
"/Engine/EngineMaterials/Substrate/Glints2/dict_0007_0114" 6607
"/Engine/EngineMaterials/Substrate/Glints2/dict_0007_0115" 6608
"../../../Engine/Content/EngineMaterials/Substrate/Glints2/dict_0007_0097.uasset" 6609
"../../../Engine/Content/EngineMaterials/Substrate/Glints2/dict_0007_0091.uasset" 6610
"/Engine/EngineMaterials/Substrate/Glints2/dict_0007_0116" 6611
"../../../Engine/Content/EngineMaterials/Substrate/Glints2/dict_0007_0090.uasset" 6612
"../../../Engine/Content/EngineMaterials/Substrate/Glints2/dict_0007_0089.uasset" 6613
"../../../Engine/Content/EngineMaterials/Substrate/Glints2/dict_0007_0104.uasset" 6614
"../../../Engine/Content/EngineMaterials/Substrate/Glints2/dict_0007_0086.uasset" 6615
"../../../Engine/Content/EngineMaterials/Substrate/Glints2/dict_0007_0092.uasset" 6616
"../../../Engine/Content/EngineMaterials/Substrate/Glints2/dict_0007_0106.uasset" 6617
"/Engine/EngineMaterials/Substrate/Glints2/dict_0007_0086" 6618
"/Engine/EngineMaterials/Substrate/Glints2/dict_0007_0089" 6619
"../../../Engine/Content/EngineMaterials/Substrate/Glints2/dict_0007_0088.uasset" 6620
"../../../Engine/Content/EngineMaterials/Substrate/Glints2/dict_0007_0093.uasset" 6621
"/Engine/EngineMaterials/Substrate/Glints2/dict_0007_0097" 6622
"/Engine/EngineMaterials/Substrate/Glints2/dict_0007_0098" 6623
"/Engine/EngineMaterials/Substrate/Glints2/dict_0007_0090" 6624
"../../../Engine/Content/EngineMaterials/Substrate/Glints2/dict_0007_0085.uasset" 6625
"/Engine/EngineMaterials/Substrate/Glints2/dict_0007_0094" 6626
"../../../Engine/Content/EngineMaterials/Substrate/Glints2/dict_0007_0082.uasset" 6627
"../../../Engine/Content/EngineMaterials/Substrate/Glints2/dict_0007_0081.uasset" 6628
"../../../Engine/Content/EngineMaterials/Substrate/Glints2/dict_0007_0083.uasset" 6629
"../../../Engine/Content/EngineMaterials/Substrate/Glints2/dict_0007_0080.uasset" 6630
"/Engine/EngineMaterials/Substrate/Glints2/dict_0007_0091" 6631
"../../../Engine/Content/EngineMaterials/Substrate/Glints2/dict_0007_0079.uasset" 6632
"../../../Engine/Content/EngineMaterials/Substrate/Glints2/dict_0007_0105.uasset" 6633
"../../../Engine/Content/EngineMaterials/Substrate/Glints2/dict_0007_0084.uasset" 6634
"../../../Engine/Content/EngineMaterials/Substrate/Glints2/dict_0007_0076.uasset" 6635
"/Engine/EngineMaterials/Substrate/Glints2/dict_0007_0099" 6636
"../../../Engine/Content/EngineMaterials/Substrate/Glints2/dict_0007_0096.uasset" 6637
"../../../Engine/Content/EngineMaterials/Substrate/Glints2/dict_0007_0087.uasset" 6638
"/Engine/EngineMaterials/Substrate/Glints2/dict_0007_0095" 6639
"/Engine/EngineMaterials/Substrate/Glints2/dict_0007_0100" 6640
"../../../Engine/Content/EngineMaterials/Substrate/Glints2/dict_0007_0077.uasset" 6641
"/Engine/EngineMaterials/Substrate/Glints2/dict_0007_0101" 6642
"/Engine/EngineMaterials/Substrate/Glints2/dict_0007_0102" 6643
"/Engine/EngineMaterials/Substrate/Glints2/dict_0007_0103" 6644
"/Engine/EngineMaterials/Substrate/Glints2/dict_0007_0104" 6645
"/Engine/EngineMaterials/Substrate/Glints2/dict_0007_0092" 6646
"/Engine/EngineMaterials/Substrate/Glints2/dict_0007_0106" 6647
"/Engine/EngineMaterials/Substrate/Glints2/dict_0007_0107" 6648
"/Engine/EngineMaterials/Substrate/Glints2/dict_0007_0085" 6649
"/Engine/EngineMaterials/Substrate/Glints2/dict_0007_0088" 6650
"/Engine/EngineMaterials/Substrate/Glints2/dict_0007_0096" 6651
"/Engine/EngineMaterials/Substrate/Glints2/dict_0007_0087" 6652
"/Engine/EngineMaterials/Substrate/Glints2/dict_0007_0105" 6653
"/Engine/EngineMaterials/Substrate/Glints2/dict_0007_0093" 6654
"/Engine/EngineMaterials/Substrate/Glints2/dict_0007_0076" 6655
"/Engine/EngineMaterials/Substrate/Glints2/dict_0007_0077" 6656
"/Engine/EngineMaterials/Substrate/Glints2/dict_0007_0079" 6657
"/Engine/EngineMaterials/Substrate/Glints2/dict_0007_0080" 6658
"/Engine/EngineMaterials/Substrate/Glints2/dict_0007_0081" 6659
"/Engine/EngineMaterials/Substrate/Glints2/dict_0007_0082" 6660
"../../../Engine/Content/EngineMaterials/Substrate/Glints2/dict_0007_0068.uasset" 6661
"../../../Engine/Content/EngineMaterials/Substrate/Glints2/dict_0007_0074.uasset" 6662
"../../../Engine/Content/EngineMaterials/Substrate/Glints2/dict_0007_0067.uasset" 6663
"/Engine/EngineMaterials/Substrate/Glints2/dict_0007_0083" 6664
"../../../Engine/Content/EngineMaterials/Substrate/Glints2/dict_0007_0072.uasset" 6665
"../../../Engine/Content/EngineMaterials/Substrate/Glints2/dict_0007_0066.uasset" 6666
"../../../Engine/Content/EngineMaterials/Substrate/Glints2/dict_0007_0070.uasset" 6667
"/Engine/EngineMaterials/Substrate/Glints2/dict_0007_0084" 6668
"../../../Engine/Content/EngineMaterials/Substrate/Glints2/dict_0007_0065.uasset" 6669
"../../../Engine/Content/EngineMaterials/Substrate/Glints2/dict_0007_0062.uasset" 6670
"/Engine/EngineMaterials/Substrate/Glints2/dict_0007_0065" 6671
"../../../Engine/Content/EngineMaterials/Substrate/Glints2/dict_0007_0078.uasset" 6672
"../../../Engine/Content/EngineMaterials/Substrate/Glints2/dict_0007_0064.uasset" 6673
"../../../Engine/Content/EngineMaterials/Substrate/Glints2/dict_0007_0071.uasset" 6674
"/Engine/EngineMaterials/Substrate/Glints2/dict_0007_0066" 6675
"../../../Engine/Content/EngineMaterials/Substrate/Glints2/dict_0007_0054.uasset" 6676
"../../../Engine/Content/EngineMaterials/Substrate/Glints2/dict_0007_0061.uasset" 6677
"../../../Engine/Content/EngineMaterials/Substrate/Glints2/dict_0007_0060.uasset" 6678
"/Engine/EngineMaterials/Substrate/Glints2/dict_0007_0067" 6679
"../../../Engine/Content/EngineMaterials/Substrate/Glints2/dict_0007_0075.uasset" 6680
"/Engine/EngineMaterials/Substrate/Glints2/dict_0007_0068" 6681
"/Engine/EngineMaterials/Substrate/Glints2/dict_0007_0070" 6682
"/Engine/EngineMaterials/Substrate/Glints2/dict_0007_0072" 6683
"/Engine/EngineMaterials/Substrate/Glints2/dict_0007_0074" 6684
"/Engine/EngineMaterials/Substrate/Glints2/dict_0007_0060" 6685
"../../../Engine/Content/EngineMaterials/Substrate/Glints2/dict_0007_0058.uasset" 6686
"../../../Engine/Content/EngineMaterials/Substrate/Glints2/dict_0007_0056.uasset" 6687
"/Engine/EngineMaterials/Substrate/Glints2/dict_0007_0061" 6688
"../../../Engine/Content/EngineMaterials/Substrate/Glints2/dict_0007_0055.uasset" 6689
"/Engine/EngineMaterials/Substrate/Glints2/dict_0007_0062" 6690
"../../../Engine/Content/EngineMaterials/Substrate/Glints2/dict_0007_0052.uasset" 6691
"../../../Engine/Content/EngineMaterials/Substrate/Glints2/dict_0007_0057.uasset" 6692
"/Engine/EngineMaterials/Substrate/Glints2/dict_0007_0064" 6693
"../../../Engine/Content/EngineMaterials/Substrate/Glints2/dict_0007_0053.uasset" 6694
"../../../Engine/Content/EngineMaterials/Substrate/Glints2/dict_0007_0048.uasset" 6695
"/Engine/EngineMaterials/Substrate/Glints2/dict_0007_0071" 6696
"../../../Engine/Content/EngineMaterials/Substrate/Glints2/dict_0007_0063.uasset" 6697
"../../../Engine/Content/EngineMaterials/Substrate/Glints2/dict_0007_0047.uasset" 6698
"/Engine/EngineMaterials/Substrate/Glints2/dict_0007_0075" 6699
"/Engine/EngineMaterials/Substrate/Glints2/dict_0007_0078" 6700
"../../../Engine/Content/EngineMaterials/Substrate/Glints2/dict_0007_0051.uasset" 6701
"/Engine/EngineMaterials/Substrate/Glints2/dict_0007_0054" 6702
"../../../Engine/Content/EngineMaterials/Substrate/Glints2/dict_0007_0043.uasset" 6703
"/Engine/EngineMaterials/Substrate/Glints2/dict_0007_0047" 6704
"../../../Engine/Content/EngineMaterials/Substrate/Glints2/dict_0007_0040.uasset" 6705
"../../../Engine/Content/EngineMaterials/Substrate/Glints2/dict_0007_0041.uasset" 6706
"../../../Engine/Content/EngineMaterials/Substrate/Glints2/dict_0007_0042.uasset" 6707
"../../../Engine/Content/EngineMaterials/Substrate/Glints2/dict_0007_0059.uasset" 6708
"../../../Engine/Content/EngineMaterials/Substrate/Glints2/dict_0007_0045.uasset" 6709
"../../../Engine/Content/EngineMaterials/Substrate/Glints2/dict_0007_0039.uasset" 6710
"/Engine/EngineMaterials/Substrate/Glints2/dict_0007_0063" 6711
"../../../Engine/Content/EngineMaterials/Substrate/Glints2/dict_0007_0044.uasset" 6712
"../../../Engine/Content/EngineMaterials/Substrate/Glints2/dict_0007_0046.uasset" 6713
"/Engine/EngineMaterials/Substrate/Glints2/dict_0007_0048" 6714
"/Engine/EngineMaterials/Substrate/Glints2/dict_0007_0043" 6715
"/Engine/EngineMaterials/Substrate/Glints2/dict_0007_0051" 6716
"/Engine/EngineMaterials/Substrate/Glints2/dict_0007_0052" 6717
"../../../Engine/Content/EngineMaterials/Substrate/Glints2/dict_0007_0050.uasset" 6718
"/Engine/EngineMaterials/Substrate/Glints2/dict_0007_0053" 6719
"/Engine/EngineMaterials/Substrate/Glints2/dict_0007_0055" 6720
"../../../Engine/Content/EngineMaterials/Substrate/Glints2/dict_0007_0036.uasset" 6721
"/Engine/EngineMaterials/Substrate/Glints2/dict_0007_0056" 6722
"../../../Engine/Content/EngineMaterials/Substrate/Glints2/dict_0007_0032.uasset" 6723
"../../../Engine/Content/EngineMaterials/Substrate/Glints2/dict_0007_0038.uasset" 6724
"../../../Engine/Content/EngineMaterials/Substrate/Glints2/dict_0007_0033.uasset" 6725
"../../../Engine/Content/EngineMaterials/Substrate/Glints2/dict_0007_0037.uasset" 6726
"../../../Engine/Content/EngineMaterials/Substrate/Glints2/dict_0007_0035.uasset" 6727
"../../../Engine/Content/EngineMaterials/Substrate/Glints2/dict_0007_0034.uasset" 6728
"/Engine/EngineMaterials/Substrate/Glints2/dict_0007_0057" 6729
"../../../Engine/Content/EngineMaterials/Substrate/Glints2/dict_0007_0073.uasset" 6730
"../../../Engine/Content/EngineMaterials/Substrate/Glints2/dict_0007_0069.uasset" 6731
"/Engine/EngineMaterials/Substrate/Glints2/dict_0007_0058" 6732
"../../../Engine/Content/EngineMaterials/Substrate/Glints2/dict_0007_0030.uasset" 6733
"/Engine/EngineMaterials/Substrate/Glints2/dict_0007_0045" 6734
"/Engine/EngineMaterials/Substrate/Glints2/dict_0007_0059" 6735
"/Engine/EngineMaterials/Substrate/Glints2/dict_0007_0046" 6736
"/Engine/EngineMaterials/Substrate/Glints2/dict_0007_0030" 6737
"/Engine/EngineMaterials/Substrate/Glints2/dict_0007_0032" 6738
"/Engine/EngineMaterials/Substrate/Glints2/dict_0007_0033" 6739
"/Engine/EngineMaterials/Substrate/Glints2/dict_0007_0038" 6740
"../../../Engine/Content/EngineMaterials/Substrate/Glints2/dict_0007_0027.uasset" 6741
"../../../Engine/Content/EngineMaterials/Substrate/Glints2/dict_0007_0028.uasset" 6742
"../../../Engine/Content/EngineMaterials/Substrate/Glints2/dict_0007_0020.uasset" 6743
"../../../Engine/Content/EngineMaterials/Substrate/Glints2/dict_0007_0019.uasset" 6744
"../../../Engine/Content/EngineMaterials/Substrate/Glints2/dict_0007_0031.uasset" 6745
"/Engine/EngineMaterials/Substrate/Glints2/dict_0007_0039" 6746
"../../../Engine/Content/EngineMaterials/Substrate/Glints2/dict_0007_0026.uasset" 6747
"../../../Engine/Content/EngineMaterials/Substrate/Glints2/dict_0007_0029.uasset" 6748
"/Engine/EngineMaterials/Substrate/Glints2/dict_0007_0040" 6749
"/Engine/EngineMaterials/Substrate/Glints2/dict_0007_0041" 6750
"../../../Engine/Content/EngineMaterials/Substrate/Glints2/dict_0007_0021.uasset" 6751
"/Engine/EngineMaterials/Substrate/Glints2/dict_0007_0069" 6752
"../../../Engine/Content/EngineMaterials/Substrate/Glints2/dict_0007_0025.uasset" 6753
"/Engine/EngineMaterials/Substrate/Glints2/dict_0007_0042" 6754
"../../../Engine/Content/EngineMaterials/Substrate/Glints2/dict_0007_0024.uasset" 6755
"../../../Engine/Content/EngineMaterials/Substrate/Glints2/dict_0007_0022.uasset" 6756
"../../../Engine/Content/EngineMaterials/Substrate/Glints2/dict_0007_0023.uasset" 6757
"/Engine/EngineMaterials/Substrate/Glints2/dict_0007_0034" 6758
"/Engine/EngineMaterials/Substrate/Glints2/dict_0007_0073" 6759
"/Engine/EngineMaterials/Substrate/Glints2/dict_0007_0050" 6760
"/Engine/EngineMaterials/Substrate/Glints2/dict_0007_0044" 6761
"/Engine/EngineMaterials/Substrate/Glints2/dict_0007_0035" 6762
"/Engine/EngineMaterials/Substrate/Glints2/dict_0007_0036" 6763
"/Engine/EngineMaterials/Substrate/Glints2/dict_0007_0037" 6764
"../../../Engine/Content/EngineMaterials/Substrate/Glints2/dict_0007_0049.uasset" 6765
"/Engine/EngineMaterials/Substrate/Glints2/dict_0007_0019" 6766
"/Engine/EngineMaterials/Substrate/Glints2/dict_0007_0031" 6767
"/Engine/EngineMaterials/Substrate/Glints2/dict_0007_0020" 6768
"/Engine/EngineMaterials/Substrate/Glints2/dict_0007_0021" 6769
"/Engine/EngineMaterials/Substrate/Glints2/dict_0007_0022" 6770
"/Engine/EngineMaterials/Substrate/Glints2/dict_0007_0049" 6771
"/Engine/EngineMaterials/Substrate/Glints2/dict_0007_0023" 6772
"/Engine/EngineMaterials/Substrate/Glints2/dict_0007_0024" 6773
"/Engine/EngineMaterials/Substrate/Glints2/dict_0007_0025" 6774
"/Engine/EngineMaterials/Substrate/Glints2/dict_0007_0026" 6775
"/Engine/EngineMaterials/Substrate/Glints2/dict_0007_0027" 6776
"../../../Engine/Content/EngineMaterials/Substrate/Glints2/dict_0007_0018.uasset" 6777
"../../../Engine/Content/EngineMaterials/Substrate/Glints2/dict_0007_0013.uasset" 6778
"../../../Engine/Content/EngineMaterials/Substrate/Glints2/dict_0007_0017.uasset" 6779
"/Engine/EngineMaterials/Substrate/Glints2/dict_0007_0028" 6780
"/Engine/EngineMaterials/Substrate/Glints2/dict_0007_0029" 6781
"/Engine/EngineMaterials/Substrate/Glints2/dict_0007_0013" 6782
"../../../Engine/Content/EngineMaterials/Substrate/Glints2/dict_0007_0015.uasset" 6783
"/Engine/EngineMaterials/Substrate/Glints2/dict_0007_0017" 6784
"/Engine/EngineMaterials/Substrate/Glints2/dict_0007_0018" 6785
"../../../Engine/Content/EngineMaterials/Substrate/Glints2/dict_0007_0007.uasset" 6786
"../../../Engine/Content/EngineMaterials/Substrate/Glints2/dict_0007_0014.uasset" 6787
"/Engine/EngineMaterials/Substrate/Glints2/dict_0007_0007" 6788
"../../../Engine/Content/EngineMaterials/Substrate/Glints2/dict_0007_0016.uasset" 6789
"../../../Engine/Content/EngineMaterials/Substrate/Glints2/dict_0007_0012.uasset" 6790
"/Engine/EngineMaterials/Substrate/Glints2/dict_0007_0014" 6791
"/Engine/EngineMaterials/Substrate/Glints2/dict_0007_0015" 6792
"../../../Engine/Content/EngineMaterials/Substrate/Glints2/dict_0006_0255.uasset" 6793
"/Engine/EngineMaterials/Substrate/Glints2/dict_0007_0012" 6794
"../../../Engine/Content/EngineMaterials/Substrate/Glints2/dict_0006_0253.uasset" 6795
"/Engine/EngineMaterials/Substrate/Glints2/dict_0007_0016" 6796
"../../../Engine/Content/EngineMaterials/Substrate/Glints2/dict_0006_0252.uasset" 6797
"/Engine/EngineMaterials/Substrate/Glints2/dict_0006_0252" 6798
"/Engine/EngineMaterials/Substrate/Glints2/dict_0006_0253" 6799
"../../../Engine/Content/EngineMaterials/Substrate/Glints2/dict_0006_0251.uasset" 6800
"/Engine/EngineMaterials/Substrate/Glints2/dict_0006_0255" 6801
"../../../Engine/Content/EngineMaterials/Substrate/Glints2/dict_0006_0254.uasset" 6802
"/Engine/EngineMaterials/Substrate/Glints2/dict_0006_0251" 6803
"../../../Engine/Content/EngineMaterials/Substrate/Glints2/dict_0007_0010.uasset" 6804
"../../../Engine/Content/EngineMaterials/Substrate/Glints2/dict_0007_0002.uasset" 6805
"/Engine/EngineMaterials/Substrate/Glints2/dict_0006_0254" 6806
"../../../Engine/Content/EngineMaterials/Substrate/Glints2/dict_0007_0003.uasset" 6807
"../../../Engine/Content/EngineMaterials/Substrate/Glints2/dict_0007_0005.uasset" 6808
"/Engine/EngineMaterials/Substrate/Glints2/dict_0007_0002" 6809
"../../../Engine/Content/EngineMaterials/Substrate/Glints2/dict_0007_0001.uasset" 6810
"/Engine/EngineMaterials/Substrate/Glints2/dict_0007_0003" 6811
"/Engine/EngineMaterials/Substrate/Glints2/dict_0007_0010" 6812
"/Engine/EngineMaterials/Substrate/Glints2/dict_0007_0001" 6813
"../../../Engine/Content/EngineMaterials/Substrate/Glints2/dict_0007_0006.uasset" 6814
"/Engine/EngineMaterials/Substrate/Glints2/dict_0007_0005" 6815
"/Engine/EngineMaterials/Substrate/Glints2/dict_0007_0006" 6816
"../../../Engine/Content/EngineMaterials/Substrate/Glints2/dict_0006_0245.uasset" 6817
"../../../Engine/Content/EngineMaterials/Substrate/Glints2/dict_0007_0011.uasset" 6818
"../../../Engine/Content/EngineMaterials/Substrate/Glints2/dict_0006_0247.uasset" 6819
"../../../Engine/Content/EngineMaterials/Substrate/Glints2/dict_0006_0250.uasset" 6820
"../../../Engine/Content/EngineMaterials/Substrate/Glints2/dict_0006_0246.uasset" 6821
"/Engine/EngineMaterials/Substrate/Glints2/dict_0006_0245" 6822
"../../../Engine/Content/EngineMaterials/Substrate/Glints2/dict_0006_0248.uasset" 6823
"../../../Engine/Content/EngineMaterials/Substrate/Glints2/dict_0006_0249.uasset" 6824
"/Engine/EngineMaterials/Substrate/Glints2/dict_0006_0246" 6825
"/Engine/EngineMaterials/Substrate/Glints2/dict_0007_0011" 6826
"../../../Engine/Content/EngineMaterials/Substrate/Glints2/dict_0006_0244.uasset" 6827
"../../../Engine/Content/EngineMaterials/Substrate/Glints2/dict_0006_0242.uasset" 6828
"/Engine/EngineMaterials/Substrate/Glints2/dict_0006_0247" 6829
"../../../Engine/Content/EngineMaterials/Substrate/Glints2/dict_0006_0241.uasset" 6830
"../../../Engine/Content/EngineMaterials/Substrate/Glints2/dict_0006_0240.uasset" 6831
"/Engine/EngineMaterials/Substrate/Glints2/dict_0006_0250" 6832
"../../../Engine/Content/EngineMaterials/Substrate/Glints2/dict_0006_0239.uasset" 6833
"../../../Engine/Content/EngineMaterials/Substrate/Glints2/dict_0006_0231.uasset" 6834
"../../../Engine/Content/EngineMaterials/Substrate/Glints2/dict_0007_0004.uasset" 6835
"../../../Engine/Content/EngineMaterials/Substrate/Glints2/dict_0006_0230.uasset" 6836
"../../../Engine/Content/EngineMaterials/Substrate/Glints2/dict_0006_0238.uasset" 6837
"../../../Engine/Content/EngineMaterials/Substrate/Glints2/dict_0006_0232.uasset" 6838
"/Engine/EngineMaterials/Substrate/Glints2/dict_0006_0244" 6839
"../../../Engine/Content/EngineMaterials/Substrate/Glints2/dict_0006_0236.uasset" 6840
"/Engine/EngineMaterials/Substrate/Glints2/dict_0007_0004" 6841
"../../../Engine/Content/EngineMaterials/Substrate/Glints2/dict_0006_0237.uasset" 6842
"/Engine/EngineMaterials/Substrate/Glints2/dict_0006_0248" 6843
"../../../Engine/Content/EngineMaterials/Substrate/Glints2/dict_0006_0229.uasset" 6844
"../../../Engine/Content/EngineMaterials/Substrate/Glints2/dict_0006_0233.uasset" 6845
"/Engine/EngineMaterials/Substrate/Glints2/dict_0006_0240" 6846
"/Engine/EngineMaterials/Substrate/Glints2/dict_0006_0238" 6847
"../../../Engine/Content/EngineMaterials/Substrate/Glints2/dict_0006_0234.uasset" 6848
"../../../Engine/Content/EngineMaterials/Substrate/Glints2/dict_0006_0243.uasset" 6849
"../../../Engine/Content/EngineMaterials/Substrate/Glints2/dict_0006_0228.uasset" 6850
"/Engine/EngineMaterials/Substrate/Glints2/dict_0006_0239" 6851
"../../../Engine/Content/EngineMaterials/Substrate/Glints2/dict_0006_0225.uasset" 6852
"../../../Engine/Content/EngineMaterials/Substrate/Glints2/dict_0006_0227.uasset" 6853
"../../../Engine/Content/EngineMaterials/Substrate/Glints2/dict_0006_0221.uasset" 6854
"../../../Engine/Content/EngineMaterials/Substrate/Glints2/dict_0006_0220.uasset" 6855
"../../../Engine/Content/EngineMaterials/Substrate/Glints2/dict_0006_0224.uasset" 6856
"../../../Engine/Content/EngineMaterials/Substrate/Glints2/dict_0006_0235.uasset" 6857
"../../../Engine/Content/EngineMaterials/Substrate/Glints2/dict_0006_0226.uasset" 6858
"/Engine/EngineMaterials/Substrate/Glints2/dict_0006_0249" 6859
"../../../Engine/Content/EngineMaterials/Substrate/Glints2/dict_0006_0223.uasset" 6860
"../../../Engine/Content/EngineMaterials/Substrate/Glints2/dict_0007_0008.uasset" 6861
"../../../Engine/Content/EngineMaterials/Substrate/Glints2/dict_0007_0009.uasset" 6862
"/Engine/EngineMaterials/Substrate/Glints2/dict_0006_0241" 6863
"../../../Engine/Content/EngineMaterials/Substrate/Glints2/dict_0006_0222.uasset" 6864
"/Engine/EngineMaterials/Substrate/Glints2/dict_0006_0230" 6865
"/Engine/EngineMaterials/Substrate/Glints2/dict_0006_0242" 6866
"../../../Engine/Content/EngineMaterials/Substrate/Glints2/dict_0007_0000.uasset" 6867
"/Engine/EngineMaterials/Substrate/Glints2/dict_0006_0231" 6868
"../../../Engine/Content/EngineMaterials/Substrate/Glints2/dict_0006_0219.uasset" 6869
"/Engine/EngineMaterials/Substrate/Glints2/dict_0006_0225" 6870
"/Engine/EngineMaterials/Substrate/Glints2/dict_0006_0227" 6871
"/Engine/EngineMaterials/Substrate/Glints2/dict_0006_0228" 6872
"/Engine/EngineMaterials/Substrate/Glints2/dict_0006_0243" 6873
"/Engine/EngineMaterials/Substrate/Glints2/dict_0006_0226" 6874
"/Engine/EngineMaterials/Substrate/Glints2/dict_0006_0224" 6875
"/Engine/EngineMaterials/Substrate/Glints2/dict_0006_0237" 6876
"/Engine/EngineMaterials/Substrate/Glints2/dict_0006_0220" 6877
"../../../Engine/Content/EngineMaterials/Substrate/Glints2/dict_0006_0214.uasset" 6878
"../../../Engine/Content/EngineMaterials/Substrate/Glints2/dict_0006_0216.uasset" 6879
"../../../Engine/Content/EngineMaterials/Substrate/Glints2/dict_0006_0217.uasset" 6880
"/Engine/EngineMaterials/Substrate/Glints2/dict_0007_0008" 6881
"../../../Engine/Content/EngineMaterials/Substrate/Glints2/dict_0006_0218.uasset" 6882
"/Engine/EngineMaterials/Substrate/Glints2/dict_0007_0009" 6883
"../../../Engine/Content/EngineMaterials/Substrate/Glints2/dict_0006_0215.uasset" 6884
"/Engine/EngineMaterials/Substrate/Glints2/dict_0006_0229" 6885
"../../../Engine/Content/EngineMaterials/Substrate/Glints2/dict_0006_0213.uasset" 6886
"/Engine/EngineMaterials/Substrate/Glints2/dict_0006_0221" 6887
"../../../Engine/Content/EngineMaterials/Substrate/Glints2/dict_0006_0211.uasset" 6888
"../../../Engine/Content/EngineMaterials/Substrate/Glints2/dict_0006_0212.uasset" 6889
"/Engine/EngineMaterials/Substrate/Glints2/dict_0006_0235" 6890
"/Engine/EngineMaterials/Substrate/Glints2/dict_0006_0222" 6891
"../../../Engine/Content/EngineMaterials/Substrate/Glints2/dict_0006_0209.uasset" 6892
"/Engine/EngineMaterials/Substrate/Glints2/dict_0006_0236" 6893
"/Engine/EngineMaterials/Substrate/Glints2/dict_0006_0223" 6894
"/Engine/EngineMaterials/Substrate/Glints2/dict_0006_0232" 6895
"/Engine/EngineMaterials/Substrate/Glints2/dict_0006_0233" 6896
"/Engine/EngineMaterials/Substrate/Glints2/dict_0006_0234" 6897
"../../../Engine/Content/EngineMaterials/Substrate/Glints2/dict_0006_0208.uasset" 6898
"/Engine/EngineMaterials/Substrate/Glints2/dict_0007_0000" 6899
"/Engine/EngineMaterials/Substrate/Glints2/dict_0006_0208" 6900
"/Engine/EngineMaterials/Substrate/Glints2/dict_0006_0209" 6901
"/Engine/EngineMaterials/Substrate/Glints2/dict_0006_0219" 6902
"/Engine/EngineMaterials/Substrate/Glints2/dict_0006_0211" 6903
"../../../Engine/Content/EngineMaterials/Substrate/Glints2/dict_0006_0210.uasset" 6904
"../../../Engine/Content/EngineMaterials/Substrate/Glints2/dict_0006_0207.uasset" 6905
"../../../Engine/Content/EngineMaterials/Substrate/Glints2/dict_0006_0205.uasset" 6906
"../../../Engine/Content/EngineMaterials/Substrate/Glints2/dict_0006_0206.uasset" 6907
"/Engine/EngineMaterials/Substrate/Glints2/dict_0006_0212" 6908
"../../../Engine/Content/EngineMaterials/Substrate/Glints2/dict_0006_0193.uasset" 6909
"/Engine/EngineMaterials/Substrate/Glints2/dict_0006_0213" 6910
"../../../Engine/Content/EngineMaterials/Substrate/Glints2/dict_0006_0197.uasset" 6911
"../../../Engine/Content/EngineMaterials/Substrate/Glints2/dict_0006_0199.uasset" 6912
"../../../Engine/Content/EngineMaterials/Substrate/Glints2/dict_0006_0200.uasset" 6913
"../../../Engine/Content/EngineMaterials/Substrate/Glints2/dict_0006_0189.uasset" 6914
"/Engine/EngineMaterials/Substrate/Glints2/dict_0006_0214" 6915
"../../../Engine/Content/EngineMaterials/Substrate/Glints2/dict_0006_0195.uasset" 6916
"../../../Engine/Content/EngineMaterials/Substrate/Glints2/dict_0006_0203.uasset" 6917
"../../../Engine/Content/EngineMaterials/Substrate/Glints2/dict_0006_0202.uasset" 6918
"../../../Engine/Content/EngineMaterials/Substrate/Glints2/dict_0006_0190.uasset" 6919
"../../../Engine/Content/EngineMaterials/Substrate/Glints2/dict_0006_0191.uasset" 6920
"../../../Engine/Content/EngineMaterials/Substrate/Glints2/dict_0006_0192.uasset" 6921
"/Engine/EngineMaterials/Substrate/Glints2/dict_0006_0215" 6922
"/Engine/EngineMaterials/Substrate/Glints2/dict_0006_0216" 6923
"/Engine/EngineMaterials/Substrate/Glints2/dict_0006_0217" 6924
"/Engine/EngineMaterials/Substrate/Glints2/dict_0006_0218" 6925
"../../../Engine/Content/EngineMaterials/Substrate/Glints2/dict_0006_0198.uasset" 6926
"/Engine/EngineMaterials/Substrate/Glints2/dict_0006_0189" 6927
"/Engine/EngineMaterials/Substrate/Glints2/dict_0006_0190" 6928
"/Engine/EngineMaterials/Substrate/Glints2/dict_0006_0191" 6929
"/Engine/EngineMaterials/Substrate/Glints2/dict_0006_0192" 6930
"/Engine/EngineMaterials/Substrate/Glints2/dict_0006_0193" 6931
"/Engine/EngineMaterials/Substrate/Glints2/dict_0006_0195" 6932
"/Engine/EngineMaterials/Substrate/Glints2/dict_0006_0197" 6933
"/Engine/EngineMaterials/Substrate/Glints2/dict_0006_0198" 6934
"../../../Engine/Content/EngineMaterials/Substrate/Glints2/dict_0006_0187.uasset" 6935
"/Engine/EngineMaterials/Substrate/Glints2/dict_0006_0199" 6936
"/Engine/EngineMaterials/Substrate/Glints2/dict_0006_0200" 6937
"../../../Engine/Content/EngineMaterials/Substrate/Glints2/dict_0006_0188.uasset" 6938
"/Engine/EngineMaterials/Substrate/Glints2/dict_0006_0202" 6939
"/Engine/EngineMaterials/Substrate/Glints2/dict_0006_0210" 6940
"/Engine/EngineMaterials/Substrate/Glints2/dict_0006_0203" 6941
"../../../Engine/Content/EngineMaterials/Substrate/Glints2/dict_0006_0186.uasset" 6942
"../../../Engine/Content/EngineMaterials/Substrate/Glints2/dict_0006_0184.uasset" 6943
"../../../Engine/Content/EngineMaterials/Substrate/Glints2/dict_0006_0180.uasset" 6944
"../../../Engine/Content/EngineMaterials/Substrate/Glints2/dict_0006_0185.uasset" 6945
"/Engine/EngineMaterials/Substrate/Glints2/dict_0006_0205" 6946
"/Engine/EngineMaterials/Substrate/Glints2/dict_0006_0206" 6947
"../../../Engine/Content/EngineMaterials/Substrate/Glints2/dict_0006_0196.uasset" 6948
"/Engine/EngineMaterials/Substrate/Glints2/dict_0006_0207" 6949
"../../../Engine/Content/EngineMaterials/Substrate/Glints2/dict_0006_0182.uasset" 6950
"../../../Engine/Content/EngineMaterials/Substrate/Glints2/dict_0006_0194.uasset" 6951
"/Engine/EngineMaterials/Substrate/Glints2/dict_0006_0180" 6952
"/Engine/EngineMaterials/Substrate/Glints2/dict_0006_0194" 6953
"/Engine/EngineMaterials/Substrate/Glints2/dict_0006_0196" 6954
"../../../Engine/Content/EngineMaterials/Substrate/Glints2/dict_0006_0183.uasset" 6955
"/Engine/EngineMaterials/Substrate/Glints2/dict_0006_0182" 6956
"/Engine/EngineMaterials/Substrate/Glints2/dict_0006_0184" 6957
"/Engine/EngineMaterials/Substrate/Glints2/dict_0006_0185" 6958
"../../../Engine/Content/EngineMaterials/Substrate/Glints2/dict_0006_0181.uasset" 6959
"/Engine/EngineMaterials/Substrate/Glints2/dict_0006_0186" 6960
"/Engine/EngineMaterials/Substrate/Glints2/dict_0006_0187" 6961
"/Engine/EngineMaterials/Substrate/Glints2/dict_0006_0188" 6962
"/Engine/EngineMaterials/Substrate/Glints2/dict_0006_0181" 6963
"/Engine/EngineMaterials/Substrate/Glints2/dict_0006_0183" 6964
"../../../Engine/Content/EngineMaterials/Substrate/Glints2/dict_0006_0172.uasset" 6965
"../../../Engine/Content/EngineMaterials/Substrate/Glints2/dict_0006_0176.uasset" 6966
"../../../Engine/Content/EngineMaterials/Substrate/Glints2/dict_0006_0175.uasset" 6967
"../../../Engine/Content/EngineMaterials/Substrate/Glints2/dict_0006_0179.uasset" 6968
"../../../Engine/Content/EngineMaterials/Substrate/Glints2/dict_0006_0167.uasset" 6969
"../../../Engine/Content/EngineMaterials/Substrate/Glints2/dict_0006_0177.uasset" 6970
"../../../Engine/Content/EngineMaterials/Substrate/Glints2/dict_0006_0163.uasset" 6971
"../../../Engine/Content/EngineMaterials/Substrate/Glints2/dict_0006_0174.uasset" 6972
"../../../Engine/Content/EngineMaterials/Substrate/Glints2/dict_0006_0164.uasset" 6973
"../../../Engine/Content/EngineMaterials/Substrate/Glints2/dict_0006_0162.uasset" 6974
"../../../Engine/Content/EngineMaterials/Substrate/Glints2/dict_0006_0166.uasset" 6975
"../../../Engine/Content/EngineMaterials/Substrate/Glints2/dict_0006_0161.uasset" 6976
"../../../Engine/Content/EngineMaterials/Substrate/Glints2/dict_0006_0165.uasset" 6977
"../../../Engine/Content/EngineMaterials/Substrate/Glints2/dict_0006_0171.uasset" 6978
"../../../Engine/Content/EngineMaterials/Substrate/Glints2/dict_0006_0159.uasset" 6979
"../../../Engine/Content/EngineMaterials/Substrate/Glints2/dict_0006_0168.uasset" 6980
"../../../Engine/Content/EngineMaterials/Substrate/Glints2/dict_0006_0157.uasset" 6981
"/Engine/EngineMaterials/Substrate/Glints2/dict_0006_0177" 6982
"../../../Engine/Content/EngineMaterials/Substrate/Glints2/dict_0006_0160.uasset" 6983
"../../../Engine/Content/EngineMaterials/Substrate/Glints2/dict_0006_0170.uasset" 6984
"/Engine/EngineMaterials/Substrate/Glints2/dict_0006_0161" 6985
"/Engine/EngineMaterials/Substrate/Glints2/dict_0006_0162" 6986
"../../../Engine/Content/EngineMaterials/Substrate/Glints2/dict_0006_0158.uasset" 6987
"../../../Engine/Content/EngineMaterials/Substrate/Glints2/dict_0006_0153.uasset" 6988
"/Engine/EngineMaterials/Substrate/Glints2/dict_0006_0163" 6989
"../../../Engine/Content/EngineMaterials/Substrate/Glints2/dict_0006_0150.uasset" 6990
"../../../Engine/Content/EngineMaterials/Substrate/Glints2/dict_0006_0155.uasset" 6991
"../../../Engine/Content/EngineMaterials/Substrate/Glints2/dict_0006_0154.uasset" 6992
"/Engine/EngineMaterials/Substrate/Glints2/dict_0006_0164" 6993
"../../../Engine/Content/EngineMaterials/Substrate/Glints2/dict_0006_0156.uasset" 6994
"../../../Engine/Content/EngineMaterials/Substrate/Glints2/dict_0006_0204.uasset" 6995
"../../../Engine/Content/EngineMaterials/Substrate/Glints2/dict_0006_0151.uasset" 6996
"/Engine/EngineMaterials/Substrate/Glints2/dict_0006_0179" 6997
"/Engine/EngineMaterials/Substrate/Glints2/dict_0006_0165" 6998
"../../../Engine/Content/EngineMaterials/Substrate/Glints2/dict_0006_0173.uasset" 6999
"../../../Engine/Content/EngineMaterials/Substrate/Glints2/dict_0006_0169.uasset" 7000
"../../../Engine/Content/EngineMaterials/Substrate/Glints2/dict_0006_0201.uasset" 7001
"/Engine/EngineMaterials/Substrate/Glints2/dict_0006_0166" 7002
"../../../Engine/Content/EngineMaterials/Substrate/Glints2/dict_0006_0178.uasset" 7003
"../../../Engine/Content/EngineMaterials/Substrate/Glints2/dict_0006_0152.uasset" 7004
"/Engine/EngineMaterials/Substrate/Glints2/dict_0006_0167" 7005
"/Engine/EngineMaterials/Substrate/Glints2/dict_0006_0171" 7006
"/Engine/EngineMaterials/Substrate/Glints2/dict_0006_0172" 7007
"/Engine/EngineMaterials/Substrate/Glints2/dict_0006_0159" 7008
"/Engine/EngineMaterials/Substrate/Glints2/dict_0006_0174" 7009
"/Engine/EngineMaterials/Substrate/Glints2/dict_0006_0175" 7010
"/Engine/EngineMaterials/Substrate/Glints2/dict_0006_0176" 7011
"/Engine/EngineMaterials/Substrate/Glints2/dict_0006_0178" 7012
"/Engine/EngineMaterials/Substrate/Glints2/dict_0006_0152" 7013
"/Engine/EngineMaterials/Substrate/Glints2/dict_0006_0153" 7014
"/Engine/EngineMaterials/Substrate/Glints2/dict_0006_0154" 7015
"/Engine/EngineMaterials/Substrate/Glints2/dict_0006_0168" 7016
"/Engine/EngineMaterials/Substrate/Glints2/dict_0006_0169" 7017
"/Engine/EngineMaterials/Substrate/Glints2/dict_0006_0170" 7018
"../../../Engine/Content/EngineMaterials/Substrate/Glints2/dict_0006_0149.uasset" 7019
"../../../Engine/Content/EngineMaterials/Substrate/Glints2/dict_0006_0145.uasset" 7020
"../../../Engine/Content/EngineMaterials/Substrate/Glints2/dict_0006_0139.uasset" 7021
"../../../Engine/Content/EngineMaterials/Substrate/Glints2/dict_0006_0148.uasset" 7022
"/Engine/EngineMaterials/Substrate/Glints2/dict_0006_0201" 7023
"/Engine/EngineMaterials/Substrate/Glints2/dict_0006_0150" 7024
"../../../Engine/Content/EngineMaterials/Substrate/Glints2/dict_0006_0136.uasset" 7025
"/Engine/EngineMaterials/Substrate/Glints2/dict_0006_0155" 7026
"../../../Engine/Content/EngineMaterials/Substrate/Glints2/dict_0006_0138.uasset" 7027
"../../../Engine/Content/EngineMaterials/Substrate/Glints2/dict_0006_0140.uasset" 7028
"../../../Engine/Content/EngineMaterials/Substrate/Glints2/dict_0006_0146.uasset" 7029
"../../../Engine/Content/EngineMaterials/Substrate/Glints2/dict_0006_0141.uasset" 7030
"../../../Engine/Content/EngineMaterials/Substrate/Glints2/dict_0006_0143.uasset" 7031
"../../../Engine/Content/EngineMaterials/Substrate/Glints2/dict_0006_0147.uasset" 7032
"/Engine/EngineMaterials/Substrate/Glints2/dict_0006_0151" 7033
"../../../Engine/Content/EngineMaterials/Substrate/Glints2/dict_0006_0144.uasset" 7034
"../../../Engine/Content/EngineMaterials/Substrate/Glints2/dict_0006_0142.uasset" 7035
"/Engine/EngineMaterials/Substrate/Glints2/dict_0006_0173" 7036
"../../../Engine/Content/EngineMaterials/Substrate/Glints2/dict_0006_0137.uasset" 7037
"/Engine/EngineMaterials/Substrate/Glints2/dict_0006_0156" 7038
"/Engine/EngineMaterials/Substrate/Glints2/dict_0006_0204" 7039
"../../../Engine/Content/EngineMaterials/Substrate/Glints2/dict_0006_0135.uasset" 7040
"/Engine/EngineMaterials/Substrate/Glints2/dict_0006_0157" 7041
"/Engine/EngineMaterials/Substrate/Glints2/dict_0006_0158" 7042
"/Engine/EngineMaterials/Substrate/Glints2/dict_0006_0160" 7043
"/Engine/EngineMaterials/Substrate/Glints2/dict_0006_0135" 7044
"/Engine/EngineMaterials/Substrate/Glints2/dict_0006_0136" 7045
"/Engine/EngineMaterials/Substrate/Glints2/dict_0006_0137" 7046
"/Engine/EngineMaterials/Substrate/Glints2/dict_0006_0138" 7047
"/Engine/EngineMaterials/Substrate/Glints2/dict_0006_0139" 7048
"/Engine/EngineMaterials/Substrate/Glints2/dict_0006_0140" 7049
"/Engine/EngineMaterials/Substrate/Glints2/dict_0006_0141" 7050
"../../../Engine/Content/EngineMaterials/Substrate/Glints2/dict_0006_0132.uasset" 7051
"../../../Engine/Content/EngineMaterials/Substrate/Glints2/dict_0006_0133.uasset" 7052
"../../../Engine/Content/EngineMaterials/Substrate/Glints2/dict_0006_0134.uasset" 7053
"../../../Engine/Content/EngineMaterials/Substrate/Glints2/dict_0006_0128.uasset" 7054
"/Engine/EngineMaterials/Substrate/Glints2/dict_0006_0142" 7055
"../../../Engine/Content/EngineMaterials/Substrate/Glints2/dict_0006_0121.uasset" 7056
"/Engine/EngineMaterials/Substrate/Glints2/dict_0006_0143" 7057
"../../../Engine/Content/EngineMaterials/Substrate/Glints2/dict_0006_0127.uasset" 7058
"../../../Engine/Content/EngineMaterials/Substrate/Glints2/dict_0006_0130.uasset" 7059
"../../../Engine/Content/EngineMaterials/Substrate/Glints2/dict_0006_0125.uasset" 7060
"../../../Engine/Content/EngineMaterials/Substrate/Glints2/dict_0006_0129.uasset" 7061
"../../../Engine/Content/EngineMaterials/Substrate/Glints2/dict_0006_0126.uasset" 7062
"/Engine/EngineMaterials/Substrate/Glints2/dict_0006_0144" 7063
"../../../Engine/Content/EngineMaterials/Substrate/Glints2/dict_0006_0119.uasset" 7064
"/Engine/EngineMaterials/Substrate/Glints2/dict_0006_0145" 7065
"../../../Engine/Content/EngineMaterials/Substrate/Glints2/dict_0006_0122.uasset" 7066
"../../../Engine/Content/EngineMaterials/Substrate/Glints2/dict_0006_0124.uasset" 7067
"/Engine/EngineMaterials/Substrate/Glints2/dict_0006_0146" 7068
"../../../Engine/Content/EngineMaterials/Substrate/Glints2/dict_0006_0123.uasset" 7069
"../../../Engine/Content/EngineMaterials/Substrate/Glints2/dict_0006_0131.uasset" 7070
"/Engine/EngineMaterials/Substrate/Glints2/dict_0006_0147" 7071
"/Engine/EngineMaterials/Substrate/Glints2/dict_0006_0148" 7072
"/Engine/EngineMaterials/Substrate/Glints2/dict_0006_0149" 7073
"/Engine/EngineMaterials/Substrate/Glints2/dict_0006_0119" 7074
"/Engine/EngineMaterials/Substrate/Glints2/dict_0006_0121" 7075
"/Engine/EngineMaterials/Substrate/Glints2/dict_0006_0122" 7076
"/Engine/EngineMaterials/Substrate/Glints2/dict_0006_0123" 7077
"/Engine/EngineMaterials/Substrate/Glints2/dict_0006_0124" 7078
"/Engine/EngineMaterials/Substrate/Glints2/dict_0006_0125" 7079
"../../../Engine/Content/EngineMaterials/Substrate/Glints2/dict_0006_0116.uasset" 7080
"/Engine/EngineMaterials/Substrate/Glints2/dict_0006_0126" 7081
"/Engine/EngineMaterials/Substrate/Glints2/dict_0006_0127" 7082
"../../../Engine/Content/EngineMaterials/Substrate/Glints2/dict_0006_0117.uasset" 7083
"/Engine/EngineMaterials/Substrate/Glints2/dict_0006_0128" 7084
"../../../Engine/Content/EngineMaterials/Substrate/Glints2/dict_0006_0114.uasset" 7085
"/Engine/EngineMaterials/Substrate/Glints2/dict_0006_0129" 7086
"/Engine/EngineMaterials/Substrate/Glints2/dict_0006_0130" 7087
"/Engine/EngineMaterials/Substrate/Glints2/dict_0006_0131" 7088
"/Engine/EngineMaterials/Substrate/Glints2/dict_0006_0132" 7089
"/Engine/EngineMaterials/Substrate/Glints2/dict_0006_0133" 7090
"/Engine/EngineMaterials/Substrate/Glints2/dict_0006_0134" 7091
"/Engine/EngineMaterials/Substrate/Glints2/dict_0006_0114" 7092
"/Engine/EngineMaterials/Substrate/Glints2/dict_0006_0116" 7093
"/Engine/EngineMaterials/Substrate/Glints2/dict_0006_0117" 7094
"../../../Engine/Content/EngineMaterials/Substrate/Glints2/dict_0006_0118.uasset" 7095
"/Engine/EngineMaterials/Substrate/Glints2/dict_0006_0118" 7096
"../../../Engine/Content/EngineMaterials/Substrate/Glints2/dict_0006_0112.uasset" 7097
"../../../Engine/Content/EngineMaterials/Substrate/Glints2/dict_0006_0108.uasset" 7098
"../../../Engine/Content/EngineMaterials/Substrate/Glints2/dict_0006_0103.uasset" 7099
"../../../Engine/Content/EngineMaterials/Substrate/Glints2/dict_0006_0113.uasset" 7100
"../../../Engine/Content/EngineMaterials/Substrate/Glints2/dict_0006_0107.uasset" 7101
"../../../Engine/Content/EngineMaterials/Substrate/Glints2/dict_0006_0109.uasset" 7102
"../../../Engine/Content/EngineMaterials/Substrate/Glints2/dict_0006_0111.uasset" 7103
"../../../Engine/Content/EngineMaterials/Substrate/Glints2/dict_0006_0110.uasset" 7104
"../../../Engine/Content/EngineMaterials/Substrate/Glints2/dict_0006_0115.uasset" 7105
"../../../Engine/Content/EngineMaterials/Substrate/Glints2/dict_0006_0101.uasset" 7106
"../../../Engine/Content/EngineMaterials/Substrate/Glints2/dict_0006_0102.uasset" 7107
"../../../Engine/Content/EngineMaterials/Substrate/Glints2/dict_0006_0106.uasset" 7108
"../../../Engine/Content/EngineMaterials/Substrate/Glints2/dict_0006_0100.uasset" 7109
"../../../Engine/Content/EngineMaterials/Substrate/Glints2/dict_0006_0099.uasset" 7110
"/Engine/EngineMaterials/Substrate/Glints2/dict_0006_0103" 7111
"../../../Engine/Content/EngineMaterials/Substrate/Glints2/dict_0006_0104.uasset" 7112
"../../../Engine/Content/EngineMaterials/Substrate/Glints2/dict_0006_0085.uasset" 7113
"../../../Engine/Content/EngineMaterials/Substrate/Glints2/dict_0006_0098.uasset" 7114
"../../../Engine/Content/EngineMaterials/Substrate/Glints2/dict_0006_0086.uasset" 7115
"../../../Engine/Content/EngineMaterials/Substrate/Glints2/dict_0006_0097.uasset" 7116
"../../../Engine/Content/EngineMaterials/Substrate/Glints2/dict_0006_0105.uasset" 7117
"/Engine/EngineMaterials/Substrate/Glints2/dict_0006_0106" 7118
"/Engine/EngineMaterials/Substrate/Glints2/dict_0006_0107" 7119
"../../../Engine/Content/EngineMaterials/Substrate/Glints2/dict_0006_0089.uasset" 7120
"../../../Engine/Content/EngineMaterials/Substrate/Glints2/dict_0006_0090.uasset" 7121
"/Engine/EngineMaterials/Substrate/Glints2/dict_0006_0108" 7122
"/Engine/EngineMaterials/Substrate/Glints2/dict_0006_0109" 7123
"/Engine/EngineMaterials/Substrate/Glints2/dict_0006_0110" 7124
"/Engine/EngineMaterials/Substrate/Glints2/dict_0006_0111" 7125
"../../../Engine/Content/EngineMaterials/Substrate/Glints2/dict_0006_0087.uasset" 7126
"/Engine/EngineMaterials/Substrate/Glints2/dict_0006_0112" 7127
"/Engine/EngineMaterials/Substrate/Glints2/dict_0006_0113" 7128
"/Engine/EngineMaterials/Substrate/Glints2/dict_0006_0099" 7129
"../../../Engine/Content/EngineMaterials/Substrate/Glints2/dict_0006_0093.uasset" 7130
"../../../Engine/Content/EngineMaterials/Substrate/Glints2/dict_0006_0094.uasset" 7131
"../../../Engine/Content/EngineMaterials/Substrate/Glints2/dict_0006_0092.uasset" 7132
"/Engine/EngineMaterials/Substrate/Glints2/dict_0006_0100" 7133
"/Engine/EngineMaterials/Substrate/Glints2/dict_0006_0101" 7134
"../../../Engine/Content/EngineMaterials/Substrate/Glints2/dict_0006_0095.uasset" 7135
"../../../Engine/Content/EngineMaterials/Substrate/Glints2/dict_0006_0088.uasset" 7136
"/Engine/EngineMaterials/Substrate/Glints2/dict_0006_0115" 7137
"../../../Engine/Content/EngineMaterials/Substrate/Glints2/dict_0006_0091.uasset" 7138
"/Engine/EngineMaterials/Substrate/Glints2/dict_0006_0102" 7139
"../../../Engine/Content/EngineMaterials/Substrate/Glints2/dict_0006_0084.uasset" 7140
"/Engine/EngineMaterials/Substrate/Glints2/dict_0006_0104" 7141
"/Engine/EngineMaterials/Substrate/Glints2/dict_0006_0105" 7142
"../../../Engine/Content/EngineMaterials/Substrate/Glints2/dict_0006_0096.uasset" 7143
"/Engine/EngineMaterials/Substrate/Glints2/dict_0006_0088" 7144
"/Engine/EngineMaterials/Substrate/Glints2/dict_0006_0089" 7145
"/Engine/EngineMaterials/Substrate/Glints2/dict_0006_0090" 7146
"/Engine/EngineMaterials/Substrate/Glints2/dict_0006_0091" 7147
"../../../Engine/Content/EngineMaterials/Substrate/Glints2/dict_0006_0082.uasset" 7148
"/Engine/EngineMaterials/Substrate/Glints2/dict_0006_0092" 7149
"../../../Engine/Content/EngineMaterials/Substrate/Glints2/dict_0006_0083.uasset" 7150
"/Engine/EngineMaterials/Substrate/Glints2/dict_0006_0093" 7151
"/Engine/EngineMaterials/Substrate/Glints2/dict_0006_0094" 7152
"../../../Engine/Content/EngineMaterials/Substrate/Glints2/dict_0006_0079.uasset" 7153
"/Engine/EngineMaterials/Substrate/Glints2/dict_0006_0095" 7154
"/Engine/EngineMaterials/Substrate/Glints2/dict_0006_0097" 7155
"/Engine/EngineMaterials/Substrate/Glints2/dict_0006_0098" 7156
"/Engine/EngineMaterials/Substrate/Glints2/dict_0006_0085" 7157
"/Engine/EngineMaterials/Substrate/Glints2/dict_0006_0086" 7158
"/Engine/EngineMaterials/Substrate/Glints2/dict_0006_0087" 7159
"/Engine/EngineMaterials/Substrate/Glints2/dict_0006_0084" 7160
"../../../Engine/Content/EngineMaterials/Substrate/Glints2/dict_0006_0073.uasset" 7161
"/Engine/EngineMaterials/Substrate/Glints2/dict_0006_0096" 7162
"/Engine/EngineMaterials/Substrate/Glints2/dict_0006_0079" 7163
"/Engine/EngineMaterials/Substrate/Glints2/dict_0006_0082" 7164
"/Engine/EngineMaterials/Substrate/Glints2/dict_0006_0083" 7165
"../../../Engine/Content/EngineMaterials/Substrate/Glints2/dict_0006_0070.uasset" 7166
"/Engine/EngineMaterials/Substrate/Glints2/dict_0006_0070" 7167
"/Engine/EngineMaterials/Substrate/Glints2/dict_0006_0073" 7168
"../../../Engine/Content/EngineMaterials/Substrate/Glints2/dict_0006_0076.uasset" 7169
"../../../Engine/Content/EngineMaterials/Substrate/Glints2/dict_0006_0077.uasset" 7170
"../../../Engine/Content/EngineMaterials/Substrate/Glints2/dict_0006_0075.uasset" 7171
"../../../Engine/Content/EngineMaterials/Substrate/Glints2/dict_0006_0080.uasset" 7172
"../../../Engine/Content/EngineMaterials/Substrate/Glints2/dict_0006_0069.uasset" 7173
"../../../Engine/Content/EngineMaterials/Substrate/Glints2/dict_0006_0071.uasset" 7174
"../../../Engine/Content/EngineMaterials/Substrate/Glints2/dict_0006_0068.uasset" 7175
"../../../Engine/Content/EngineMaterials/Substrate/Glints2/dict_0006_0067.uasset" 7176
"../../../Engine/Content/EngineMaterials/Substrate/Glints2/dict_0006_0072.uasset" 7177
"../../../Engine/Content/EngineMaterials/Substrate/Glints2/dict_0006_0074.uasset" 7178
"../../../Engine/Content/EngineMaterials/Substrate/Glints2/dict_0006_0081.uasset" 7179
"../../../Engine/Content/EngineMaterials/Substrate/Glints2/dict_0006_0065.uasset" 7180
"../../../Engine/Content/EngineMaterials/Substrate/Glints2/dict_0006_0061.uasset" 7181
"../../../Engine/Content/EngineMaterials/Substrate/Glints2/dict_0006_0062.uasset" 7182
"../../../Engine/Content/EngineMaterials/Substrate/Glints2/dict_0006_0060.uasset" 7183
"../../../Engine/Content/EngineMaterials/Substrate/Glints2/dict_0006_0063.uasset" 7184
"../../../Engine/Content/EngineMaterials/Substrate/Glints2/dict_0006_0059.uasset" 7185
"/Engine/EngineMaterials/Substrate/Glints2/dict_0006_0071" 7186
"../../../Engine/Content/EngineMaterials/Substrate/Glints2/dict_0006_0055.uasset" 7187
"/Engine/EngineMaterials/Substrate/Glints2/dict_0006_0072" 7188
"/Engine/EngineMaterials/Substrate/Glints2/dict_0006_0074" 7189
"../../../Engine/Content/EngineMaterials/Substrate/Glints2/dict_0006_0057.uasset" 7190
"../../../Engine/Content/EngineMaterials/Substrate/Glints2/dict_0006_0053.uasset" 7191
"../../../Engine/Content/EngineMaterials/Substrate/Glints2/dict_0006_0066.uasset" 7192
"/Engine/EngineMaterials/Substrate/Glints2/dict_0006_0075" 7193
"/Engine/EngineMaterials/Substrate/Glints2/dict_0006_0076" 7194
"/Engine/EngineMaterials/Substrate/Glints2/dict_0006_0059" 7195
"../../../Engine/Content/EngineMaterials/Substrate/Glints2/dict_0006_0058.uasset" 7196
"../../../Engine/Content/EngineMaterials/Substrate/Glints2/dict_0006_0078.uasset" 7197
"/Engine/EngineMaterials/Substrate/Glints2/dict_0006_0060" 7198
"/Engine/EngineMaterials/Substrate/Glints2/dict_0006_0061" 7199
"/Engine/EngineMaterials/Substrate/Glints2/dict_0006_0062" 7200
"/Engine/EngineMaterials/Substrate/Glints2/dict_0006_0077" 7201
"../../../Engine/Content/EngineMaterials/Substrate/Glints2/dict_0006_0049.uasset" 7202
"../../../Engine/Content/EngineMaterials/Substrate/Glints2/dict_0006_0064.uasset" 7203
"../../../Engine/Content/EngineMaterials/Substrate/Glints2/dict_0006_0050.uasset" 7204
"../../../Engine/Content/EngineMaterials/Substrate/Glints2/dict_0006_0054.uasset" 7205
"/Engine/EngineMaterials/Substrate/Glints2/dict_0006_0063" 7206
"/Engine/EngineMaterials/Substrate/Glints2/dict_0006_0065" 7207
"../../../Engine/Content/EngineMaterials/Substrate/Glints2/dict_0006_0056.uasset" 7208
"/Engine/EngineMaterials/Substrate/Glints2/dict_0006_0080" 7209
"../../../Engine/Content/EngineMaterials/Substrate/Glints2/dict_0006_0048.uasset" 7210
"/Engine/EngineMaterials/Substrate/Glints2/dict_0006_0081" 7211
"/Engine/EngineMaterials/Substrate/Glints2/dict_0006_0067" 7212
"../../../Engine/Content/EngineMaterials/Substrate/Glints2/dict_0006_0051.uasset" 7213
"../../../Engine/Content/EngineMaterials/Substrate/Glints2/dict_0006_0052.uasset" 7214
"/Engine/EngineMaterials/Substrate/Glints2/dict_0006_0068" 7215
"/Engine/EngineMaterials/Substrate/Glints2/dict_0006_0069" 7216
"/Engine/EngineMaterials/Substrate/Glints2/dict_0006_0048" 7217
"/Engine/EngineMaterials/Substrate/Glints2/dict_0006_0055" 7218
"/Engine/EngineMaterials/Substrate/Glints2/dict_0006_0056" 7219
"/Engine/EngineMaterials/Substrate/Glints2/dict_0006_0050" 7220
"/Engine/EngineMaterials/Substrate/Glints2/dict_0006_0049" 7221
"/Engine/EngineMaterials/Substrate/Glints2/dict_0006_0057" 7222
"/Engine/EngineMaterials/Substrate/Glints2/dict_0006_0058" 7223
"/Engine/EngineMaterials/Substrate/Glints2/dict_0006_0078" 7224
"/Engine/EngineMaterials/Substrate/Glints2/dict_0006_0064" 7225
"/Engine/EngineMaterials/Substrate/Glints2/dict_0006_0051" 7226
"/Engine/EngineMaterials/Substrate/Glints2/dict_0006_0066" 7227
"/Engine/EngineMaterials/Substrate/Glints2/dict_0006_0052" 7228
"/Engine/EngineMaterials/Substrate/Glints2/dict_0006_0053" 7229
"/Engine/EngineMaterials/Substrate/Glints2/dict_0006_0054" 7230
"../../../Engine/Content/EngineMaterials/Substrate/Glints2/dict_0006_0046.uasset" 7231
"../../../Engine/Content/EngineMaterials/Substrate/Glints2/dict_0006_0047.uasset" 7232
"../../../Engine/Content/EngineMaterials/Substrate/Glints2/dict_0006_0043.uasset" 7233
"../../../Engine/Content/EngineMaterials/Substrate/Glints2/dict_0006_0033.uasset" 7234
"../../../Engine/Content/EngineMaterials/Substrate/Glints2/dict_0006_0032.uasset" 7235
"../../../Engine/Content/EngineMaterials/Substrate/Glints2/dict_0006_0041.uasset" 7236
"../../../Engine/Content/EngineMaterials/Substrate/Glints2/dict_0006_0040.uasset" 7237
"../../../Engine/Content/EngineMaterials/Substrate/Glints2/dict_0006_0045.uasset" 7238
"../../../Engine/Content/EngineMaterials/Substrate/Glints2/dict_0006_0039.uasset" 7239
"../../../Engine/Content/EngineMaterials/Substrate/Glints2/dict_0006_0038.uasset" 7240
"../../../Engine/Content/EngineMaterials/Substrate/Glints2/dict_0006_0027.uasset" 7241
"../../../Engine/Content/EngineMaterials/Substrate/Glints2/dict_0006_0029.uasset" 7242
"../../../Engine/Content/EngineMaterials/Substrate/Glints2/dict_0006_0028.uasset" 7243
"/Engine/EngineMaterials/Substrate/Glints2/dict_0006_0032" 7244
"../../../Engine/Content/EngineMaterials/Substrate/Glints2/dict_0006_0024.uasset" 7245
"../../../Engine/Content/EngineMaterials/Substrate/Glints2/dict_0006_0026.uasset" 7246
"/Engine/EngineMaterials/Substrate/Glints2/dict_0006_0033" 7247
"../../../Engine/Content/EngineMaterials/Substrate/Glints2/dict_0006_0025.uasset" 7248
"../../../Engine/Content/EngineMaterials/Substrate/Glints2/dict_0006_0034.uasset" 7249
"../../../Engine/Content/EngineMaterials/Substrate/Glints2/dict_0006_0030.uasset" 7250
"/Engine/EngineMaterials/Substrate/Glints2/dict_0006_0038" 7251
"../../../Engine/Content/EngineMaterials/Substrate/Glints2/dict_0006_0036.uasset" 7252
"/Engine/EngineMaterials/Substrate/Glints2/dict_0006_0039" 7253
"/Engine/EngineMaterials/Substrate/Glints2/dict_0006_0040" 7254
"/Engine/EngineMaterials/Substrate/Glints2/dict_0006_0041" 7255
"../../../Engine/Content/EngineMaterials/Substrate/Glints2/dict_0006_0023.uasset" 7256
"../../../Engine/Content/EngineMaterials/Substrate/Glints2/dict_0006_0022.uasset" 7257
"../../../Engine/Content/EngineMaterials/Substrate/Glints2/dict_0006_0044.uasset" 7258
"../../../Engine/Content/EngineMaterials/Substrate/Glints2/dict_0006_0042.uasset" 7259
"../../../Engine/Content/EngineMaterials/Substrate/Glints2/dict_0006_0019.uasset" 7260
"/Engine/EngineMaterials/Substrate/Glints2/dict_0006_0027" 7261
"/Engine/EngineMaterials/Substrate/Glints2/dict_0006_0028" 7262
"/Engine/EngineMaterials/Substrate/Glints2/dict_0006_0043" 7263
"../../../Engine/Content/EngineMaterials/Substrate/Glints2/dict_0006_0018.uasset" 7264
"../../../Engine/Content/EngineMaterials/Substrate/Glints2/dict_0006_0021.uasset" 7265
"../../../Engine/Content/EngineMaterials/Substrate/Glints2/dict_0006_0120.uasset" 7266
"/Engine/EngineMaterials/Substrate/Glints2/dict_0006_0045" 7267
"/Engine/EngineMaterials/Substrate/Glints2/dict_0006_0029" 7268
"/Engine/EngineMaterials/Substrate/Glints2/dict_0006_0046" 7269
"../../../Engine/Content/EngineMaterials/Substrate/Glints2/dict_0006_0020.uasset" 7270
"../../../Engine/Content/EngineMaterials/Substrate/Glints2/dict_0006_0035.uasset" 7271
"/Engine/EngineMaterials/Substrate/Glints2/dict_0006_0047" 7272
"../../../Engine/Content/EngineMaterials/Substrate/Glints2/dict_0006_0037.uasset" 7273
"../../../Engine/Content/EngineMaterials/Substrate/Glints2/dict_0006_0031.uasset" 7274
"../../../Engine/Content/EngineMaterials/Substrate/Glints2/dict_0006_0017.uasset" 7275
"/Engine/EngineMaterials/Substrate/Glints2/dict_0006_0018" 7276
"/Engine/EngineMaterials/Substrate/Glints2/dict_0006_0019" 7277
"/Engine/EngineMaterials/Substrate/Glints2/dict_0006_0031" 7278
"/Engine/EngineMaterials/Substrate/Glints2/dict_0006_0020" 7279
"/Engine/EngineMaterials/Substrate/Glints2/dict_0006_0021" 7280
"/Engine/EngineMaterials/Substrate/Glints2/dict_0006_0022" 7281
"/Engine/EngineMaterials/Substrate/Glints2/dict_0006_0120" 7282
"/Engine/EngineMaterials/Substrate/Glints2/dict_0006_0034" 7283
"/Engine/EngineMaterials/Substrate/Glints2/dict_0006_0023" 7284
"/Engine/EngineMaterials/Substrate/Glints2/dict_0006_0035" 7285
"/Engine/EngineMaterials/Substrate/Glints2/dict_0006_0036" 7286
"/Engine/EngineMaterials/Substrate/Glints2/dict_0006_0037" 7287
"/Engine/EngineMaterials/Substrate/Glints2/dict_0006_0024" 7288
"/Engine/EngineMaterials/Substrate/Glints2/dict_0006_0025" 7289
"/Engine/EngineMaterials/Substrate/Glints2/dict_0006_0026" 7290
"/Engine/EngineMaterials/Substrate/Glints2/dict_0006_0042" 7291
"/Engine/EngineMaterials/Substrate/Glints2/dict_0006_0044" 7292
"/Engine/EngineMaterials/Substrate/Glints2/dict_0006_0030" 7293
"../../../Engine/Content/EngineMaterials/Substrate/Glints2/dict_0006_0016.uasset" 7294
"../../../Engine/Content/EngineMaterials/Substrate/Glints2/dict_0006_0014.uasset" 7295
"../../../Engine/Content/EngineMaterials/Substrate/Glints2/dict_0006_0005.uasset" 7296
"/Engine/EngineMaterials/Substrate/Glints2/dict_0006_0017" 7297
"../../../Engine/Content/EngineMaterials/Substrate/Glints2/dict_0006_0007.uasset" 7298
"../../../Engine/Content/EngineMaterials/Substrate/Glints2/dict_0006_0004.uasset" 7299
"../../../Engine/Content/EngineMaterials/Substrate/Glints2/dict_0006_0015.uasset" 7300
"/Engine/EngineMaterials/Substrate/Glints2/dict_0006_0014" 7301
"../../../Engine/Content/EngineMaterials/Substrate/Glints2/dict_0006_0012.uasset" 7302
"/Engine/EngineMaterials/Substrate/Glints2/dict_0006_0016" 7303
"../../../Engine/Content/EngineMaterials/Substrate/Glints2/dict_0006_0010.uasset" 7304
"../../../Engine/Content/EngineMaterials/Substrate/Glints2/dict_0006_0006.uasset" 7305
"/Engine/EngineMaterials/Substrate/Glints2/dict_0006_0004" 7306
"/Engine/EngineMaterials/Substrate/Glints2/dict_0006_0005" 7307
"/Engine/EngineMaterials/Substrate/Glints2/dict_0006_0007" 7308
"/Engine/EngineMaterials/Substrate/Glints2/dict_0006_0010" 7309
"/Engine/EngineMaterials/Substrate/Glints2/dict_0006_0012" 7310
"/Engine/EngineMaterials/Substrate/Glints2/dict_0006_0015" 7311
"../../../Engine/Content/EngineMaterials/Substrate/Glints2/dict_0006_0008.uasset" 7312
"/Engine/EngineMaterials/Substrate/Glints2/dict_0006_0006" 7313
"/Engine/EngineMaterials/Substrate/Glints2/dict_0006_0008" 7314
"../../../Engine/Content/EngineMaterials/Substrate/Glints2/dict_0005_0251.uasset" 7315
"../../../Engine/Content/EngineMaterials/Substrate/Glints2/dict_0005_0250.uasset" 7316
"../../../Engine/Content/EngineMaterials/Substrate/Glints2/dict_0005_0253.uasset" 7317
"../../../Engine/Content/EngineMaterials/Substrate/Glints2/dict_0006_0003.uasset" 7318
"../../../Engine/Content/EngineMaterials/Substrate/Glints2/dict_0005_0254.uasset" 7319
"../../../Engine/Content/EngineMaterials/Substrate/Glints2/dict_0006_0001.uasset" 7320
"../../../Engine/Content/EngineMaterials/Substrate/Glints2/dict_0005_0245.uasset" 7321
"../../../Engine/Content/EngineMaterials/Substrate/Glints2/dict_0006_0002.uasset" 7322
"../../../Engine/Content/EngineMaterials/Substrate/Glints2/dict_0005_0243.uasset" 7323
"../../../Engine/Content/EngineMaterials/Substrate/Glints2/dict_0005_0244.uasset" 7324
"../../../Engine/Content/EngineMaterials/Substrate/Glints2/dict_0005_0242.uasset" 7325
"/Engine/EngineMaterials/Substrate/Glints2/dict_0005_0243" 7326
"../../../Engine/Content/EngineMaterials/Substrate/Glints2/dict_0006_0011.uasset" 7327
"../../../Engine/Content/EngineMaterials/Substrate/Glints2/dict_0005_0247.uasset" 7328
"../../../Engine/Content/EngineMaterials/Substrate/Glints2/dict_0005_0248.uasset" 7329
"../../../Engine/Content/EngineMaterials/Substrate/Glints2/dict_0005_0255.uasset" 7330
"/Engine/EngineMaterials/Substrate/Glints2/dict_0005_0244" 7331
"../../../Engine/Content/EngineMaterials/Substrate/Glints2/dict_0005_0252.uasset" 7332
"/Engine/EngineMaterials/Substrate/Glints2/dict_0005_0245" 7333
"/Engine/EngineMaterials/Substrate/Glints2/dict_0005_0250" 7334
"../../../Engine/Content/EngineMaterials/Substrate/Glints2/dict_0005_0240.uasset" 7335
"/Engine/EngineMaterials/Substrate/Glints2/dict_0005_0251" 7336
"../../../Engine/Content/EngineMaterials/Substrate/Glints2/dict_0005_0246.uasset" 7337
"../../../Engine/Content/EngineMaterials/Substrate/Glints2/dict_0005_0239.uasset" 7338
"/Engine/EngineMaterials/Substrate/Glints2/dict_0005_0253" 7339
"../../../Engine/Content/EngineMaterials/Substrate/Glints2/dict_0006_0009.uasset" 7340
"../../../Engine/Content/EngineMaterials/Substrate/Glints2/dict_0006_0000.uasset" 7341
"/Engine/EngineMaterials/Substrate/Glints2/dict_0005_0254" 7342
"/Engine/EngineMaterials/Substrate/Glints2/dict_0006_0001" 7343
"../../../Engine/Content/EngineMaterials/Substrate/Glints2/dict_0005_0241.uasset" 7344
"/Engine/EngineMaterials/Substrate/Glints2/dict_0006_0002" 7345
"../../../Engine/Content/EngineMaterials/Substrate/Glints2/dict_0006_0013.uasset" 7346
"../../../Engine/Content/EngineMaterials/Substrate/Glints2/dict_0005_0249.uasset" 7347
"/Engine/EngineMaterials/Substrate/Glints2/dict_0006_0003" 7348
"../../../Engine/Content/EngineMaterials/Substrate/Glints2/dict_0005_0236.uasset" 7349
"/Engine/EngineMaterials/Substrate/Glints2/dict_0005_0239" 7350
"/Engine/EngineMaterials/Substrate/Glints2/dict_0005_0242" 7351
"/Engine/EngineMaterials/Substrate/Glints2/dict_0005_0246" 7352
"../../../Engine/Content/EngineMaterials/Substrate/Glints2/dict_0005_0238.uasset" 7353
"../../../Engine/Content/EngineMaterials/Substrate/Glints2/dict_0005_0237.uasset" 7354
"/Engine/EngineMaterials/Substrate/Glints2/dict_0005_0247" 7355
"../../../Engine/Content/EngineMaterials/Substrate/Glints2/dict_0005_0234.uasset" 7356
"/Engine/EngineMaterials/Substrate/Glints2/dict_0005_0248" 7357
"../../../Engine/Content/EngineMaterials/Substrate/Glints2/dict_0005_0235.uasset" 7358
"/Engine/EngineMaterials/Substrate/Glints2/dict_0005_0249" 7359
"/Engine/EngineMaterials/Substrate/Glints2/dict_0005_0252" 7360
"/Engine/EngineMaterials/Substrate/Glints2/dict_0006_0009" 7361
"/Engine/EngineMaterials/Substrate/Glints2/dict_0005_0255" 7362
"/Engine/EngineMaterials/Substrate/Glints2/dict_0006_0000" 7363
"/Engine/EngineMaterials/Substrate/Glints2/dict_0005_0236" 7364
"/Engine/EngineMaterials/Substrate/Glints2/dict_0006_0011" 7365
"/Engine/EngineMaterials/Substrate/Glints2/dict_0006_0013" 7366
"../../../Engine/Content/EngineMaterials/Substrate/Glints2/dict_0005_0226.uasset" 7367
"/Engine/EngineMaterials/Substrate/Glints2/dict_0005_0240" 7368
"../../../Engine/Content/EngineMaterials/Substrate/Glints2/dict_0005_0224.uasset" 7369
"/Engine/EngineMaterials/Substrate/Glints2/dict_0005_0241" 7370
"../../../Engine/Content/EngineMaterials/Substrate/Glints2/dict_0005_0233.uasset" 7371
"../../../Engine/Content/EngineMaterials/Substrate/Glints2/dict_0005_0230.uasset" 7372
"../../../Engine/Content/EngineMaterials/Substrate/Glints2/dict_0005_0225.uasset" 7373
"../../../Engine/Content/EngineMaterials/Substrate/Glints2/dict_0005_0223.uasset" 7374
"../../../Engine/Content/EngineMaterials/Substrate/Glints2/dict_0005_0222.uasset" 7375
"/Engine/EngineMaterials/Substrate/Glints2/dict_0005_0222" 7376
"../../../Engine/Content/EngineMaterials/Substrate/Glints2/dict_0005_0228.uasset" 7377
"/Engine/EngineMaterials/Substrate/Glints2/dict_0005_0233" 7378
"../../../Engine/Content/EngineMaterials/Substrate/Glints2/dict_0005_0227.uasset" 7379
"/Engine/EngineMaterials/Substrate/Glints2/dict_0005_0223" 7380
"../../../Engine/Content/EngineMaterials/Substrate/Glints2/dict_0005_0229.uasset" 7381
"/Engine/EngineMaterials/Substrate/Glints2/dict_0005_0234" 7382
"/Engine/EngineMaterials/Substrate/Glints2/dict_0005_0224" 7383
"/Engine/EngineMaterials/Substrate/Glints2/dict_0005_0225" 7384
"/Engine/EngineMaterials/Substrate/Glints2/dict_0005_0226" 7385
"/Engine/EngineMaterials/Substrate/Glints2/dict_0005_0235" 7386
"/Engine/EngineMaterials/Substrate/Glints2/dict_0005_0237" 7387
"../../../Engine/Content/EngineMaterials/Substrate/Glints2/dict_0005_0232.uasset" 7388
"/Engine/EngineMaterials/Substrate/Glints2/dict_0005_0238" 7389
"/Engine/EngineMaterials/Substrate/Glints2/dict_0005_0230" 7390
"/Engine/EngineMaterials/Substrate/Glints2/dict_0005_0232" 7391
"../../../Engine/Content/EngineMaterials/Substrate/Glints2/dict_0005_0215.uasset" 7392
"../../../Engine/Content/EngineMaterials/Substrate/Glints2/dict_0005_0213.uasset" 7393
"../../../Engine/Content/EngineMaterials/Substrate/Glints2/dict_0005_0212.uasset" 7394
"/Engine/EngineMaterials/Substrate/Glints2/dict_0005_0227" 7395
"../../../Engine/Content/EngineMaterials/Substrate/Glints2/dict_0005_0221.uasset" 7396
"/Engine/EngineMaterials/Substrate/Glints2/dict_0005_0228" 7397
"/Engine/EngineMaterials/Substrate/Glints2/dict_0005_0229" 7398
"../../../Engine/Content/EngineMaterials/Substrate/Glints2/dict_0005_0210.uasset" 7399
"/Engine/EngineMaterials/Substrate/Glints2/dict_0005_0221" 7400
"../../../Engine/Content/EngineMaterials/Substrate/Glints2/dict_0005_0220.uasset" 7401
"/Engine/EngineMaterials/Substrate/Glints2/dict_0005_0210" 7402
"../../../Engine/Content/EngineMaterials/Substrate/Glints2/dict_0005_0211.uasset" 7403
"../../../Engine/Content/EngineMaterials/Substrate/Glints2/dict_0005_0208.uasset" 7404
"/Engine/EngineMaterials/Substrate/Glints2/dict_0005_0212" 7405
"../../../Engine/Content/EngineMaterials/Substrate/Glints2/dict_0005_0214.uasset" 7406
"/Engine/EngineMaterials/Substrate/Glints2/dict_0005_0213" 7407
"../../../Engine/Content/EngineMaterials/Substrate/Glints2/dict_0005_0205.uasset" 7408
"/Engine/EngineMaterials/Substrate/Glints2/dict_0005_0215" 7409
"../../../Engine/Content/EngineMaterials/Substrate/Glints2/dict_0005_0203.uasset" 7410
"../../../Engine/Content/EngineMaterials/Substrate/Glints2/dict_0005_0217.uasset" 7411
"/Engine/EngineMaterials/Substrate/Glints2/dict_0005_0208" 7412
"/Engine/EngineMaterials/Substrate/Glints2/dict_0005_0211" 7413
"../../../Engine/Content/EngineMaterials/Substrate/Glints2/dict_0005_0204.uasset" 7414
"/Engine/EngineMaterials/Substrate/Glints2/dict_0005_0214" 7415
"/Engine/EngineMaterials/Substrate/Glints2/dict_0005_0217" 7416
"../../../Engine/Content/EngineMaterials/Substrate/Glints2/dict_0005_0219.uasset" 7417
"/Engine/EngineMaterials/Substrate/Glints2/dict_0005_0203" 7418
"../../../Engine/Content/EngineMaterials/Substrate/Glints2/dict_0005_0201.uasset" 7419
"/Engine/EngineMaterials/Substrate/Glints2/dict_0005_0205" 7420
"/Engine/EngineMaterials/Substrate/Glints2/dict_0005_0220" 7421
"../../../Engine/Content/EngineMaterials/Substrate/Glints2/dict_0005_0196.uasset" 7422
"../../../Engine/Content/EngineMaterials/Substrate/Glints2/dict_0005_0193.uasset" 7423
"../../../Engine/Content/EngineMaterials/Substrate/Glints2/dict_0005_0216.uasset" 7424
"../../../Engine/Content/EngineMaterials/Substrate/Glints2/dict_0005_0209.uasset" 7425
"../../../Engine/Content/EngineMaterials/Substrate/Glints2/dict_0005_0195.uasset" 7426
"/Engine/EngineMaterials/Substrate/Glints2/dict_0005_0196" 7427
"../../../Engine/Content/EngineMaterials/Substrate/Glints2/dict_0005_0194.uasset" 7428
"/Engine/EngineMaterials/Substrate/Glints2/dict_0005_0209" 7429
"/Engine/EngineMaterials/Substrate/Glints2/dict_0005_0201" 7430
"../../../Engine/Content/EngineMaterials/Substrate/Glints2/dict_0005_0198.uasset" 7431
"/Engine/EngineMaterials/Substrate/Glints2/dict_0005_0193" 7432
"../../../Engine/Content/EngineMaterials/Substrate/Glints2/dict_0005_0199.uasset" 7433
"../../../Engine/Content/EngineMaterials/Substrate/Glints2/dict_0005_0192.uasset" 7434
"/Engine/EngineMaterials/Substrate/Glints2/dict_0005_0216" 7435
"../../../Engine/Content/EngineMaterials/Substrate/Glints2/dict_0005_0200.uasset" 7436
"/Engine/EngineMaterials/Substrate/Glints2/dict_0005_0219" 7437
"/Engine/EngineMaterials/Substrate/Glints2/dict_0005_0204" 7438
"../../../Engine/Content/EngineMaterials/Substrate/Glints2/dict_0005_0202.uasset" 7439
"../../../Engine/Content/EngineMaterials/Substrate/Glints2/dict_0005_0197.uasset" 7440
"../../../Engine/Content/EngineMaterials/Substrate/Glints2/dict_0005_0190.uasset" 7441
"../../../Engine/Content/EngineMaterials/Substrate/Glints2/dict_0005_0191.uasset" 7442
"../../../Engine/Content/EngineMaterials/Substrate/Glints2/dict_0005_0189.uasset" 7443
"../../../Engine/Content/EngineMaterials/Substrate/Glints2/dict_0005_0186.uasset" 7444
"/Engine/EngineMaterials/Substrate/Glints2/dict_0005_0195" 7445
"../../../Engine/Content/EngineMaterials/Substrate/Glints2/dict_0005_0185.uasset" 7446
"../../../Engine/Content/EngineMaterials/Substrate/Glints2/dict_0005_0182.uasset" 7447
"../../../Engine/Content/EngineMaterials/Substrate/Glints2/dict_0005_0183.uasset" 7448
"../../../Engine/Content/EngineMaterials/Substrate/Glints2/dict_0005_0207.uasset" 7449
"/Engine/EngineMaterials/Substrate/Glints2/dict_0005_0197" 7450
"/Engine/EngineMaterials/Substrate/Glints2/dict_0005_0198" 7451
"/Engine/EngineMaterials/Substrate/Glints2/dict_0005_0199" 7452
"/Engine/EngineMaterials/Substrate/Glints2/dict_0005_0200" 7453
"/Engine/EngineMaterials/Substrate/Glints2/dict_0005_0202" 7454
"../../../Engine/Content/EngineMaterials/Substrate/Glints2/dict_0005_0187.uasset" 7455
"../../../Engine/Content/EngineMaterials/Substrate/Glints2/dict_0005_0188.uasset" 7456
"/Engine/EngineMaterials/Substrate/Glints2/dict_0005_0191" 7457
"../../../Engine/Content/EngineMaterials/Substrate/Glints2/dict_0005_0181.uasset" 7458
"../../../Engine/Content/EngineMaterials/Substrate/Glints2/dict_0005_0179.uasset" 7459
"/Engine/EngineMaterials/Substrate/Glints2/dict_0005_0192" 7460
"../../../Engine/Content/EngineMaterials/Substrate/Glints2/dict_0005_0180.uasset" 7461
"/Engine/EngineMaterials/Substrate/Glints2/dict_0005_0189" 7462
"../../../Engine/Content/EngineMaterials/Substrate/Glints2/dict_0005_0178.uasset" 7463
"/Engine/EngineMaterials/Substrate/Glints2/dict_0005_0190" 7464
"/Engine/EngineMaterials/Substrate/Glints2/dict_0005_0194" 7465
"../../../Engine/Content/EngineMaterials/Substrate/Glints2/dict_0005_0184.uasset" 7466
"/Engine/EngineMaterials/Substrate/Glints2/dict_0005_0207" 7467
"../../../Engine/Content/EngineMaterials/Substrate/Glints2/dict_0005_0176.uasset" 7468
"../../../Engine/Content/EngineMaterials/Substrate/Glints2/dict_0005_0172.uasset" 7469
"../../../Engine/Content/EngineMaterials/Substrate/Glints2/dict_0005_0177.uasset" 7470
"/Engine/EngineMaterials/Substrate/Glints2/dict_0005_0186" 7471
"../../../Engine/Content/EngineMaterials/Substrate/Glints2/dict_0005_0173.uasset" 7472
"../../../Engine/Content/EngineMaterials/Substrate/Glints2/dict_0005_0174.uasset" 7473
"/Engine/EngineMaterials/Substrate/Glints2/dict_0005_0179" 7474
"/Engine/EngineMaterials/Substrate/Glints2/dict_0005_0187" 7475
"/Engine/EngineMaterials/Substrate/Glints2/dict_0005_0180" 7476
"/Engine/EngineMaterials/Substrate/Glints2/dict_0005_0188" 7477
"/Engine/EngineMaterials/Substrate/Glints2/dict_0005_0181" 7478
"../../../Engine/Content/EngineMaterials/Substrate/Glints2/dict_0005_0171.uasset" 7479
"../../../Engine/Content/EngineMaterials/Substrate/Glints2/dict_0005_0175.uasset" 7480
"/Engine/EngineMaterials/Substrate/Glints2/dict_0005_0182" 7481
"/Engine/EngineMaterials/Substrate/Glints2/dict_0005_0183" 7482
"../../../Engine/Content/EngineMaterials/Substrate/Glints2/dict_0005_0165.uasset" 7483
"/Engine/EngineMaterials/Substrate/Glints2/dict_0005_0178" 7484
"../../../Engine/Content/EngineMaterials/Substrate/Glints2/dict_0005_0167.uasset" 7485
"/Engine/EngineMaterials/Substrate/Glints2/dict_0005_0184" 7486
"../../../Engine/Content/EngineMaterials/Substrate/Glints2/dict_0005_0170.uasset" 7487
"../../../Engine/Content/EngineMaterials/Substrate/Glints2/dict_0005_0164.uasset" 7488
"../../../Engine/Content/EngineMaterials/Substrate/Glints2/dict_0005_0161.uasset" 7489
"../../../Engine/Content/EngineMaterials/Substrate/Glints2/dict_0005_0162.uasset" 7490
"../../../Engine/Content/EngineMaterials/Substrate/Glints2/dict_0005_0169.uasset" 7491
"/Engine/EngineMaterials/Substrate/Glints2/dict_0005_0185" 7492
"../../../Engine/Content/EngineMaterials/Substrate/Glints2/dict_0005_0163.uasset" 7493
"/Engine/EngineMaterials/Substrate/Glints2/dict_0005_0161" 7494
"/Engine/EngineMaterials/Substrate/Glints2/dict_0005_0172" 7495
"/Engine/EngineMaterials/Substrate/Glints2/dict_0005_0162" 7496
"../../../Engine/Content/EngineMaterials/Substrate/Glints2/dict_0005_0168.uasset" 7497
"/Engine/EngineMaterials/Substrate/Glints2/dict_0005_0173" 7498
"/Engine/EngineMaterials/Substrate/Glints2/dict_0005_0163" 7499
"/Engine/EngineMaterials/Substrate/Glints2/dict_0005_0164" 7500
"/Engine/EngineMaterials/Substrate/Glints2/dict_0005_0165" 7501
"/Engine/EngineMaterials/Substrate/Glints2/dict_0005_0174" 7502
"/Engine/EngineMaterials/Substrate/Glints2/dict_0005_0167" 7503
"../../../Engine/Content/EngineMaterials/Substrate/Glints2/dict_0005_0166.uasset" 7504
"/Engine/EngineMaterials/Substrate/Glints2/dict_0005_0169" 7505
"../../../Engine/Content/EngineMaterials/Substrate/Glints2/dict_0005_0156.uasset" 7506
"../../../Engine/Content/EngineMaterials/Substrate/Glints2/dict_0005_0152.uasset" 7507
"/Engine/EngineMaterials/Substrate/Glints2/dict_0005_0170" 7508
"../../../Engine/Content/EngineMaterials/Substrate/Glints2/dict_0005_0157.uasset" 7509
"../../../Engine/Content/EngineMaterials/Substrate/Glints2/dict_0005_0158.uasset" 7510
"/Engine/EngineMaterials/Substrate/Glints2/dict_0005_0175" 7511
"../../../Engine/Content/EngineMaterials/Substrate/Glints2/dict_0005_0159.uasset" 7512
"/Engine/EngineMaterials/Substrate/Glints2/dict_0005_0176" 7513
"../../../Engine/Content/EngineMaterials/Substrate/Glints2/dict_0005_0155.uasset" 7514
"../../../Engine/Content/EngineMaterials/Substrate/Glints2/dict_0005_0150.uasset" 7515
"/Engine/EngineMaterials/Substrate/Glints2/dict_0005_0171" 7516
"/Engine/EngineMaterials/Substrate/Glints2/dict_0005_0177" 7517
"/Engine/EngineMaterials/Substrate/Glints2/dict_0005_0150" 7518
"/Engine/EngineMaterials/Substrate/Glints2/dict_0005_0152" 7519
"/Engine/EngineMaterials/Substrate/Glints2/dict_0005_0166" 7520
"/Engine/EngineMaterials/Substrate/Glints2/dict_0005_0168" 7521
"/Engine/EngineMaterials/Substrate/Glints2/dict_0005_0155" 7522
"/Engine/EngineMaterials/Substrate/Glints2/dict_0005_0156" 7523
"../../../Engine/Content/EngineMaterials/Substrate/Glints2/dict_0005_0149.uasset" 7524
"../../../Engine/Content/EngineMaterials/Substrate/Glints2/dict_0005_0148.uasset" 7525
"/Engine/EngineMaterials/Substrate/Glints2/dict_0005_0157" 7526
"/Engine/EngineMaterials/Substrate/Glints2/dict_0005_0158" 7527
"../../../Engine/Content/EngineMaterials/Substrate/Glints2/dict_0005_0153.uasset" 7528
"/Engine/EngineMaterials/Substrate/Glints2/dict_0005_0159" 7529
"/Engine/EngineMaterials/Substrate/Glints2/dict_0005_0149" 7530
"../../../Engine/Content/EngineMaterials/Substrate/Glints2/dict_0005_0151.uasset" 7531
"/Engine/EngineMaterials/Substrate/Glints2/dict_0005_0153" 7532
"../../../Engine/Content/EngineMaterials/Substrate/Glints2/dict_0005_0147.uasset" 7533
"/Engine/EngineMaterials/Substrate/Glints2/dict_0005_0148" 7534
"/Engine/EngineMaterials/Substrate/Glints2/dict_0005_0151" 7535
"/Engine/EngineMaterials/Substrate/Glints2/dict_0005_0147" 7536
"../../../Engine/Content/EngineMaterials/Substrate/Glints2/dict_0005_0144.uasset" 7537
"/Engine/EngineMaterials/Substrate/Glints2/dict_0005_0144" 7538
"../../../Engine/Content/EngineMaterials/Substrate/Glints2/dict_0005_0160.uasset" 7539
"../../../Engine/Content/EngineMaterials/Substrate/Glints2/dict_0005_0137.uasset" 7540
"../../../Engine/Content/EngineMaterials/Substrate/Glints2/dict_0005_0145.uasset" 7541
"../../../Engine/Content/EngineMaterials/Substrate/Glints2/dict_0005_0154.uasset" 7542
"../../../Engine/Content/EngineMaterials/Substrate/Glints2/dict_0005_0139.uasset" 7543
"../../../Engine/Content/EngineMaterials/Substrate/Glints2/dict_0005_0141.uasset" 7544
"../../../Engine/Content/EngineMaterials/Substrate/Glints2/dict_0005_0142.uasset" 7545
"../../../Engine/Content/EngineMaterials/Substrate/Glints2/dict_0005_0136.uasset" 7546
"../../../Engine/Content/EngineMaterials/Substrate/Glints2/dict_0005_0135.uasset" 7547
"../../../Engine/Content/EngineMaterials/Substrate/Glints2/dict_0005_0143.uasset" 7548
"../../../Engine/Content/EngineMaterials/Substrate/Glints2/dict_0005_0140.uasset" 7549
"../../../Engine/Content/EngineMaterials/Substrate/Glints2/dict_0005_0133.uasset" 7550
"../../../Engine/Content/EngineMaterials/Substrate/Glints2/dict_0005_0146.uasset" 7551
"../../../Engine/Content/EngineMaterials/Substrate/Glints2/dict_0005_0138.uasset" 7552
"../../../Engine/Content/EngineMaterials/Substrate/Glints2/dict_0005_0134.uasset" 7553
"../../../Engine/Content/EngineMaterials/Substrate/Glints2/dict_0005_0130.uasset" 7554
"../../../Engine/Content/EngineMaterials/Substrate/Glints2/dict_0005_0132.uasset" 7555
"../../../Engine/Content/EngineMaterials/Substrate/Glints2/dict_0005_0129.uasset" 7556
"../../../Engine/Content/EngineMaterials/Substrate/Glints2/dict_0005_0218.uasset" 7557
"../../../Engine/Content/EngineMaterials/Substrate/Glints2/dict_0005_0231.uasset" 7558
"../../../Engine/Content/EngineMaterials/Substrate/Glints2/dict_0005_0126.uasset" 7559
"../../../Engine/Content/EngineMaterials/Substrate/Glints2/dict_0005_0125.uasset" 7560
"../../../Engine/Content/EngineMaterials/Substrate/Glints2/dict_0005_0123.uasset" 7561
"../../../Engine/Content/EngineMaterials/Substrate/Glints2/dict_0005_0128.uasset" 7562
"../../../Engine/Content/EngineMaterials/Substrate/Glints2/dict_0005_0120.uasset" 7563
"../../../Engine/Content/EngineMaterials/Substrate/Glints2/dict_0005_0121.uasset" 7564
"../../../Engine/Content/EngineMaterials/Substrate/Glints2/dict_0005_0122.uasset" 7565
"../../../Engine/Content/EngineMaterials/Substrate/Glints2/dict_0005_0124.uasset" 7566
"../../../Engine/Content/EngineMaterials/Substrate/Glints2/dict_0005_0131.uasset" 7567
"../../../Engine/Content/EngineMaterials/Substrate/Glints2/dict_0005_0119.uasset" 7568
"../../../Engine/Content/EngineMaterials/Substrate/Glints2/dict_0005_0127.uasset" 7569
"../../../Engine/Content/EngineMaterials/Substrate/Glints2/dict_0005_0206.uasset" 7570
"/Engine/EngineMaterials/Substrate/Glints2/dict_0005_0206" 7571
"/Engine/EngineMaterials/Substrate/Glints2/dict_0005_0122" 7572
"/Engine/EngineMaterials/Substrate/Glints2/dict_0005_0125" 7573
"/Engine/EngineMaterials/Substrate/Glints2/dict_0005_0134" 7574
"/Engine/EngineMaterials/Substrate/Glints2/dict_0005_0135" 7575
"/Engine/EngineMaterials/Substrate/Glints2/dict_0005_0136" 7576
"/Engine/EngineMaterials/Substrate/Glints2/dict_0005_0120" 7577
"/Engine/EngineMaterials/Substrate/Glints2/dict_0005_0137" 7578
"/Engine/EngineMaterials/Substrate/Glints2/dict_0005_0138" 7579
"/Engine/EngineMaterials/Substrate/Glints2/dict_0005_0126" 7580
"/Engine/EngineMaterials/Substrate/Glints2/dict_0005_0123" 7581
"/Engine/EngineMaterials/Substrate/Glints2/dict_0005_0139" 7582
"/Engine/EngineMaterials/Substrate/Glints2/dict_0005_0140" 7583
"/Engine/EngineMaterials/Substrate/Glints2/dict_0005_0154" 7584
"/Engine/EngineMaterials/Substrate/Glints2/dict_0005_0141" 7585
"/Engine/EngineMaterials/Substrate/Glints2/dict_0005_0231" 7586
"/Engine/EngineMaterials/Substrate/Glints2/dict_0005_0127" 7587
"/Engine/EngineMaterials/Substrate/Glints2/dict_0005_0142" 7588
"/Engine/EngineMaterials/Substrate/Glints2/dict_0005_0128" 7589
"/Engine/EngineMaterials/Substrate/Glints2/dict_0005_0143" 7590
"/Engine/EngineMaterials/Substrate/Glints2/dict_0005_0129" 7591
"/Engine/EngineMaterials/Substrate/Glints2/dict_0005_0119" 7592
"/Engine/EngineMaterials/Substrate/Glints2/dict_0005_0145" 7593
"/Engine/EngineMaterials/Substrate/Glints2/dict_0005_0146" 7594
"/Engine/EngineMaterials/Substrate/Glints2/dict_0005_0130" 7595
"/Engine/EngineMaterials/Substrate/Glints2/dict_0005_0131" 7596
"/Engine/EngineMaterials/Substrate/Glints2/dict_0005_0121" 7597
"/Engine/EngineMaterials/Substrate/Glints2/dict_0005_0218" 7598
"/Engine/EngineMaterials/Substrate/Glints2/dict_0005_0124" 7599
"/Engine/EngineMaterials/Substrate/Glints2/dict_0005_0132" 7600
"/Engine/EngineMaterials/Substrate/Glints2/dict_0005_0133" 7601
"/Engine/EngineMaterials/Substrate/Glints2/dict_0005_0160" 7602
"../../../Engine/Content/EngineMaterials/Substrate/Glints2/dict_0005_0118.uasset" 7603
"../../../Engine/Content/EngineMaterials/Substrate/Glints2/dict_0005_0115.uasset" 7604
"../../../Engine/Content/EngineMaterials/Substrate/Glints2/dict_0005_0111.uasset" 7605
"../../../Engine/Content/EngineMaterials/Substrate/Glints2/dict_0005_0108.uasset" 7606
"../../../Engine/Content/EngineMaterials/Substrate/Glints2/dict_0005_0109.uasset" 7607
"../../../Engine/Content/EngineMaterials/Substrate/Glints2/dict_0005_0114.uasset" 7608
"../../../Engine/Content/EngineMaterials/Substrate/Glints2/dict_0005_0110.uasset" 7609
"../../../Engine/Content/EngineMaterials/Substrate/Glints2/dict_0005_0113.uasset" 7610
"../../../Engine/Content/EngineMaterials/Substrate/Glints2/dict_0005_0117.uasset" 7611
"../../../Engine/Content/EngineMaterials/Substrate/Glints2/dict_0005_0112.uasset" 7612
"../../../Engine/Content/EngineMaterials/Substrate/Glints2/dict_0005_0107.uasset" 7613
"../../../Engine/Content/EngineMaterials/Substrate/Glints2/dict_0005_0106.uasset" 7614
"../../../Engine/Content/EngineMaterials/Substrate/Glints2/dict_0005_0105.uasset" 7615
"../../../Engine/Content/EngineMaterials/Substrate/Glints2/dict_0005_0099.uasset" 7616
"../../../Engine/Content/EngineMaterials/Substrate/Glints2/dict_0005_0100.uasset" 7617
"../../../Engine/Content/EngineMaterials/Substrate/Glints2/dict_0005_0116.uasset" 7618
"../../../Engine/Content/EngineMaterials/Substrate/Glints2/dict_0005_0103.uasset" 7619
"/Engine/EngineMaterials/Substrate/Glints2/dict_0005_0099" 7620
"../../../Engine/Content/EngineMaterials/Substrate/Glints2/dict_0005_0093.uasset" 7621
"../../../Engine/Content/EngineMaterials/Substrate/Glints2/dict_0005_0104.uasset" 7622
"../../../Engine/Content/EngineMaterials/Substrate/Glints2/dict_0005_0094.uasset" 7623
"../../../Engine/Content/EngineMaterials/Substrate/Glints2/dict_0005_0102.uasset" 7624
"../../../Engine/Content/EngineMaterials/Substrate/Glints2/dict_0005_0092.uasset" 7625
"../../../Engine/Content/EngineMaterials/Substrate/Glints2/dict_0005_0101.uasset" 7626
"../../../Engine/Content/EngineMaterials/Substrate/Glints2/dict_0005_0090.uasset" 7627
"../../../Engine/Content/EngineMaterials/Substrate/Glints2/dict_0005_0098.uasset" 7628
"/Engine/EngineMaterials/Substrate/Glints2/dict_0005_0100" 7629
"../../../Engine/Content/EngineMaterials/Substrate/Glints2/dict_0005_0091.uasset" 7630
"../../../Engine/Content/EngineMaterials/Substrate/Glints2/dict_0005_0096.uasset" 7631
"../../../Engine/Content/EngineMaterials/Substrate/Glints2/dict_0005_0089.uasset" 7632
"/Engine/EngineMaterials/Substrate/Glints2/dict_0005_0105" 7633
"/Engine/EngineMaterials/Substrate/Glints2/dict_0005_0106" 7634
"../../../Engine/Content/EngineMaterials/Substrate/Glints2/dict_0005_0095.uasset" 7635
"../../../Engine/Content/EngineMaterials/Substrate/Glints2/dict_0005_0087.uasset" 7636
"/Engine/EngineMaterials/Substrate/Glints2/dict_0005_0107" 7637
"/Engine/EngineMaterials/Substrate/Glints2/dict_0005_0108" 7638
"../../../Engine/Content/EngineMaterials/Substrate/Glints2/dict_0005_0088.uasset" 7639
"/Engine/EngineMaterials/Substrate/Glints2/dict_0005_0109" 7640
"/Engine/EngineMaterials/Substrate/Glints2/dict_0005_0110" 7641
"/Engine/EngineMaterials/Substrate/Glints2/dict_0005_0111" 7642
"../../../Engine/Content/EngineMaterials/Substrate/Glints2/dict_0005_0097.uasset" 7643
"/Engine/EngineMaterials/Substrate/Glints2/dict_0005_0112" 7644
"/Engine/EngineMaterials/Substrate/Glints2/dict_0005_0113" 7645
"/Engine/EngineMaterials/Substrate/Glints2/dict_0005_0114" 7646
"/Engine/EngineMaterials/Substrate/Glints2/dict_0005_0115" 7647
"/Engine/EngineMaterials/Substrate/Glints2/dict_0005_0116" 7648
"/Engine/EngineMaterials/Substrate/Glints2/dict_0005_0117" 7649
"/Engine/EngineMaterials/Substrate/Glints2/dict_0005_0118" 7650
"/Engine/EngineMaterials/Substrate/Glints2/dict_0005_0087" 7651
"/Engine/EngineMaterials/Substrate/Glints2/dict_0005_0088" 7652
"/Engine/EngineMaterials/Substrate/Glints2/dict_0005_0089" 7653
"/Engine/EngineMaterials/Substrate/Glints2/dict_0005_0090" 7654
"/Engine/EngineMaterials/Substrate/Glints2/dict_0005_0091" 7655
"/Engine/EngineMaterials/Substrate/Glints2/dict_0005_0092" 7656
"/Engine/EngineMaterials/Substrate/Glints2/dict_0005_0093" 7657
"/Engine/EngineMaterials/Substrate/Glints2/dict_0005_0094" 7658
"/Engine/EngineMaterials/Substrate/Glints2/dict_0005_0095" 7659
"/Engine/EngineMaterials/Substrate/Glints2/dict_0005_0096" 7660
"../../../Engine/Content/EngineMaterials/Substrate/Glints2/dict_0005_0081.uasset" 7661
"/Engine/EngineMaterials/Substrate/Glints2/dict_0005_0097" 7662
"../../../Engine/Content/EngineMaterials/Substrate/Glints2/dict_0005_0085.uasset" 7663
"/Engine/EngineMaterials/Substrate/Glints2/dict_0005_0098" 7664
"../../../Engine/Content/EngineMaterials/Substrate/Glints2/dict_0005_0086.uasset" 7665
"/Engine/EngineMaterials/Substrate/Glints2/dict_0005_0101" 7666
"/Engine/EngineMaterials/Substrate/Glints2/dict_0005_0102" 7667
"/Engine/EngineMaterials/Substrate/Glints2/dict_0005_0103" 7668
"/Engine/EngineMaterials/Substrate/Glints2/dict_0005_0104" 7669
"../../../Engine/Content/EngineMaterials/Substrate/Glints2/dict_0005_0083.uasset" 7670
"../../../Engine/Content/EngineMaterials/Substrate/Glints2/dict_0005_0079.uasset" 7671
"/Engine/EngineMaterials/Substrate/Glints2/dict_0005_0081" 7672
"/Engine/EngineMaterials/Substrate/Glints2/dict_0005_0083" 7673
"/Engine/EngineMaterials/Substrate/Glints2/dict_0005_0085" 7674
"/Engine/EngineMaterials/Substrate/Glints2/dict_0005_0086" 7675
"/Engine/EngineMaterials/Substrate/Glints2/dict_0005_0079" 7676
"../../../Engine/Content/EngineMaterials/Substrate/Glints2/dict_0005_0080.uasset" 7677
"../../../Engine/Content/EngineMaterials/Substrate/Glints2/dict_0005_0073.uasset" 7678
"../../../Engine/Content/EngineMaterials/Substrate/Glints2/dict_0005_0074.uasset" 7679
"../../../Engine/Content/EngineMaterials/Substrate/Glints2/dict_0005_0067.uasset" 7680
"../../../Engine/Content/EngineMaterials/Substrate/Glints2/dict_0005_0070.uasset" 7681
"../../../Engine/Content/EngineMaterials/Substrate/Glints2/dict_0005_0084.uasset" 7682
"../../../Engine/Content/EngineMaterials/Substrate/Glints2/dict_0005_0071.uasset" 7683
"../../../Engine/Content/EngineMaterials/Substrate/Glints2/dict_0005_0068.uasset" 7684
"../../../Engine/Content/EngineMaterials/Substrate/Glints2/dict_0005_0075.uasset" 7685
"../../../Engine/Content/EngineMaterials/Substrate/Glints2/dict_0005_0069.uasset" 7686
"../../../Engine/Content/EngineMaterials/Substrate/Glints2/dict_0005_0078.uasset" 7687
"../../../Engine/Content/EngineMaterials/Substrate/Glints2/dict_0005_0077.uasset" 7688
"../../../Engine/Content/EngineMaterials/Substrate/Glints2/dict_0005_0060.uasset" 7689
"../../../Engine/Content/EngineMaterials/Substrate/Glints2/dict_0005_0061.uasset" 7690
"../../../Engine/Content/EngineMaterials/Substrate/Glints2/dict_0005_0062.uasset" 7691
"../../../Engine/Content/EngineMaterials/Substrate/Glints2/dict_0005_0059.uasset" 7692
"../../../Engine/Content/EngineMaterials/Substrate/Glints2/dict_0005_0064.uasset" 7693
"../../../Engine/Content/EngineMaterials/Substrate/Glints2/dict_0005_0056.uasset" 7694
"../../../Engine/Content/EngineMaterials/Substrate/Glints2/dict_0005_0058.uasset" 7695
"../../../Engine/Content/EngineMaterials/Substrate/Glints2/dict_0005_0063.uasset" 7696
"../../../Engine/Content/EngineMaterials/Substrate/Glints2/dict_0005_0076.uasset" 7697
"../../../Engine/Content/EngineMaterials/Substrate/Glints2/dict_0005_0065.uasset" 7698
"../../../Engine/Content/EngineMaterials/Substrate/Glints2/dict_0005_0057.uasset" 7699
"../../../Engine/Content/EngineMaterials/Substrate/Glints2/dict_0005_0053.uasset" 7700
"../../../Engine/Content/EngineMaterials/Substrate/Glints2/dict_0005_0082.uasset" 7701
"../../../Engine/Content/EngineMaterials/Substrate/Glints2/dict_0005_0066.uasset" 7702
"../../../Engine/Content/EngineMaterials/Substrate/Glints2/dict_0005_0052.uasset" 7703
"../../../Engine/Content/EngineMaterials/Substrate/Glints2/dict_0005_0055.uasset" 7704
"../../../Engine/Content/EngineMaterials/Substrate/Glints2/dict_0005_0051.uasset" 7705
"../../../Engine/Content/EngineMaterials/Substrate/Glints2/dict_0005_0050.uasset" 7706
"../../../Engine/Content/EngineMaterials/Substrate/Glints2/dict_0005_0072.uasset" 7707
"../../../Engine/Content/EngineMaterials/Substrate/Glints2/dict_0005_0054.uasset" 7708
"/Engine/EngineMaterials/Substrate/Glints2/dict_0005_0055" 7709
"/Engine/EngineMaterials/Substrate/Glints2/dict_0005_0056" 7710
"/Engine/EngineMaterials/Substrate/Glints2/dict_0005_0057" 7711
"/Engine/EngineMaterials/Substrate/Glints2/dict_0005_0058" 7712
"/Engine/EngineMaterials/Substrate/Glints2/dict_0005_0059" 7713
"/Engine/EngineMaterials/Substrate/Glints2/dict_0005_0060" 7714
"/Engine/EngineMaterials/Substrate/Glints2/dict_0005_0061" 7715
"/Engine/EngineMaterials/Substrate/Glints2/dict_0005_0062" 7716
"/Engine/EngineMaterials/Substrate/Glints2/dict_0005_0063" 7717
"/Engine/EngineMaterials/Substrate/Glints2/dict_0005_0064" 7718
"/Engine/EngineMaterials/Substrate/Glints2/dict_0005_0065" 7719
"/Engine/EngineMaterials/Substrate/Glints2/dict_0005_0066" 7720
"/Engine/EngineMaterials/Substrate/Glints2/dict_0005_0071" 7721
"/Engine/EngineMaterials/Substrate/Glints2/dict_0005_0072" 7722
"/Engine/EngineMaterials/Substrate/Glints2/dict_0005_0067" 7723
"/Engine/EngineMaterials/Substrate/Glints2/dict_0005_0068" 7724
"/Engine/EngineMaterials/Substrate/Glints2/dict_0005_0069" 7725
"/Engine/EngineMaterials/Substrate/Glints2/dict_0005_0070" 7726
"/Engine/EngineMaterials/Substrate/Glints2/dict_0005_0073" 7727
"/Engine/EngineMaterials/Substrate/Glints2/dict_0005_0074" 7728
"/Engine/EngineMaterials/Substrate/Glints2/dict_0005_0075" 7729
"/Engine/EngineMaterials/Substrate/Glints2/dict_0005_0076" 7730
"/Engine/EngineMaterials/Substrate/Glints2/dict_0005_0077" 7731
"/Engine/EngineMaterials/Substrate/Glints2/dict_0005_0078" 7732
"/Engine/EngineMaterials/Substrate/Glints2/dict_0005_0050" 7733
"/Engine/EngineMaterials/Substrate/Glints2/dict_0005_0080" 7734
"/Engine/EngineMaterials/Substrate/Glints2/dict_0005_0051" 7735
"/Engine/EngineMaterials/Substrate/Glints2/dict_0005_0082" 7736
"/Engine/EngineMaterials/Substrate/Glints2/dict_0005_0052" 7737
"/Engine/EngineMaterials/Substrate/Glints2/dict_0005_0084" 7738
"/Engine/EngineMaterials/Substrate/Glints2/dict_0005_0053" 7739
"/Engine/EngineMaterials/Substrate/Glints2/dict_0005_0054" 7740
"../../../Engine/Content/EngineMaterials/Substrate/Glints2/dict_0005_0049.uasset" 7741
"../../../Engine/Content/EngineMaterials/Substrate/Glints2/dict_0005_0043.uasset" 7742
"../../../Engine/Content/EngineMaterials/Substrate/Glints2/dict_0005_0041.uasset" 7743
"../../../Engine/Content/EngineMaterials/Substrate/Glints2/dict_0005_0044.uasset" 7744
"/Engine/EngineMaterials/Substrate/Glints2/dict_0005_0041" 7745
"../../../Engine/Content/EngineMaterials/Substrate/Glints2/dict_0005_0042.uasset" 7746
"../../../Engine/Content/EngineMaterials/Substrate/Glints2/dict_0005_0046.uasset" 7747
"/Engine/EngineMaterials/Substrate/Glints2/dict_0005_0043" 7748
"../../../Engine/Content/EngineMaterials/Substrate/Glints2/dict_0005_0047.uasset" 7749
"/Engine/EngineMaterials/Substrate/Glints2/dict_0005_0049" 7750
"../../../Engine/Content/EngineMaterials/Substrate/Glints2/dict_0005_0035.uasset" 7751
"../../../Engine/Content/EngineMaterials/Substrate/Glints2/dict_0005_0031.uasset" 7752
"/Engine/EngineMaterials/Substrate/Glints2/dict_0005_0031" 7753
"/Engine/EngineMaterials/Substrate/Glints2/dict_0005_0035" 7754
"../../../Engine/Content/EngineMaterials/Substrate/Glints2/dict_0005_0038.uasset" 7755
"../../../Engine/Content/EngineMaterials/Substrate/Glints2/dict_0005_0036.uasset" 7756
"../../../Engine/Content/EngineMaterials/Substrate/Glints2/dict_0005_0048.uasset" 7757
"../../../Engine/Content/EngineMaterials/Substrate/Glints2/dict_0005_0033.uasset" 7758
"../../../Engine/Content/EngineMaterials/Substrate/Glints2/dict_0005_0039.uasset" 7759
"../../../Engine/Content/EngineMaterials/Substrate/Glints2/dict_0005_0045.uasset" 7760
"../../../Engine/Content/EngineMaterials/Substrate/Glints2/dict_0005_0037.uasset" 7761
"../../../Engine/Content/EngineMaterials/Substrate/Glints2/dict_0005_0028.uasset" 7762
"../../../Engine/Content/EngineMaterials/Substrate/Glints2/dict_0005_0030.uasset" 7763
"../../../Engine/Content/EngineMaterials/Substrate/Glints2/dict_0005_0032.uasset" 7764
"/Engine/EngineMaterials/Substrate/Glints2/dict_0005_0042" 7765
"../../../Engine/Content/EngineMaterials/Substrate/Glints2/dict_0005_0024.uasset" 7766
"../../../Engine/Content/EngineMaterials/Substrate/Glints2/dict_0005_0025.uasset" 7767
"/Engine/EngineMaterials/Substrate/Glints2/dict_0005_0044" 7768
"/Engine/EngineMaterials/Substrate/Glints2/dict_0005_0046" 7769
"../../../Engine/Content/EngineMaterials/Substrate/Glints2/dict_0005_0029.uasset" 7770
"/Engine/EngineMaterials/Substrate/Glints2/dict_0005_0047" 7771
"/Engine/EngineMaterials/Substrate/Glints2/dict_0005_0024" 7772
"/Engine/EngineMaterials/Substrate/Glints2/dict_0005_0025" 7773
"/Engine/EngineMaterials/Substrate/Glints2/dict_0005_0028" 7774
"../../../Engine/Content/EngineMaterials/Substrate/Glints2/dict_0005_0015.uasset" 7775
"../../../Engine/Content/EngineMaterials/Substrate/Glints2/dict_0005_0019.uasset" 7776
"/Engine/EngineMaterials/Substrate/Glints2/dict_0005_0029" 7777
"../../../Engine/Content/EngineMaterials/Substrate/Glints2/dict_0005_0026.uasset" 7778
"../../../Engine/Content/EngineMaterials/Substrate/Glints2/dict_0005_0023.uasset" 7779
"../../../Engine/Content/EngineMaterials/Substrate/Glints2/dict_0005_0022.uasset" 7780
"../../../Engine/Content/EngineMaterials/Substrate/Glints2/dict_0005_0017.uasset" 7781
"/Engine/EngineMaterials/Substrate/Glints2/dict_0005_0030" 7782
"/Engine/EngineMaterials/Substrate/Glints2/dict_0005_0032" 7783
"../../../Engine/Content/EngineMaterials/Substrate/Glints2/dict_0005_0034.uasset" 7784
"/Engine/EngineMaterials/Substrate/Glints2/dict_0005_0033" 7785
"/Engine/EngineMaterials/Substrate/Glints2/dict_0005_0036" 7786
"../../../Engine/Content/EngineMaterials/Substrate/Glints2/dict_0005_0018.uasset" 7787
"/Engine/EngineMaterials/Substrate/Glints2/dict_0005_0037" 7788
"../../../Engine/Content/EngineMaterials/Substrate/Glints2/dict_0005_0021.uasset" 7789
"../../../Engine/Content/EngineMaterials/Substrate/Glints2/dict_0005_0014.uasset" 7790
"../../../Engine/Content/EngineMaterials/Substrate/Glints2/dict_0005_0027.uasset" 7791
"/Engine/EngineMaterials/Substrate/Glints2/dict_0005_0038" 7792
"../../../Engine/Content/EngineMaterials/Substrate/Glints2/dict_0005_0011.uasset" 7793
"/Engine/EngineMaterials/Substrate/Glints2/dict_0005_0039" 7794
"/Engine/EngineMaterials/Substrate/Glints2/dict_0005_0045" 7795
"../../../Engine/Content/EngineMaterials/Substrate/Glints2/dict_0005_0016.uasset" 7796
"/Engine/EngineMaterials/Substrate/Glints2/dict_0005_0048" 7797
"../../../Engine/Content/EngineMaterials/Substrate/Glints2/dict_0005_0013.uasset" 7798
"../../../Engine/Content/EngineMaterials/Substrate/Glints2/dict_0005_0012.uasset" 7799
"/Engine/EngineMaterials/Substrate/Glints2/dict_0005_0018" 7800
"/Engine/EngineMaterials/Substrate/Glints2/dict_0005_0019" 7801
"../../../Engine/Content/EngineMaterials/Substrate/Glints2/dict_0005_0009.uasset" 7802
"/Engine/EngineMaterials/Substrate/Glints2/dict_0005_0021" 7803
"/Engine/EngineMaterials/Substrate/Glints2/dict_0005_0022" 7804
"/Engine/EngineMaterials/Substrate/Glints2/dict_0005_0023" 7805
"/Engine/EngineMaterials/Substrate/Glints2/dict_0005_0026" 7806
"/Engine/EngineMaterials/Substrate/Glints2/dict_0005_0027" 7807
"/Engine/EngineMaterials/Substrate/Glints2/dict_0005_0034" 7808
"/Engine/EngineMaterials/Substrate/Glints2/dict_0005_0015" 7809
"../../../Engine/Content/EngineMaterials/Substrate/Glints2/dict_0005_0008.uasset" 7810
"/Engine/EngineMaterials/Substrate/Glints2/dict_0005_0011" 7811
"../../../Engine/Content/EngineMaterials/Substrate/Glints2/dict_0004_0252.uasset" 7812
"/Engine/EngineMaterials/Substrate/Glints2/dict_0005_0016" 7813
"../../../Engine/Content/EngineMaterials/Substrate/Glints2/dict_0005_0006.uasset" 7814
"/Engine/EngineMaterials/Substrate/Glints2/dict_0005_0014" 7815
"../../../Engine/Content/EngineMaterials/Substrate/Glints2/dict_0005_0004.uasset" 7816
"../../../Engine/Content/EngineMaterials/Substrate/Glints2/dict_0004_0254.uasset" 7817
"/Engine/EngineMaterials/Substrate/Glints2/dict_0005_0017" 7818
"../../../Engine/Content/EngineMaterials/Substrate/Glints2/dict_0004_0255.uasset" 7819
"../../../Engine/Content/EngineMaterials/Substrate/Glints2/dict_0005_0005.uasset" 7820
"../../../Engine/Content/EngineMaterials/Substrate/Glints2/dict_0005_0007.uasset" 7821
"../../../Engine/Content/EngineMaterials/Substrate/Glints2/dict_0005_0020.uasset" 7822
"/Engine/EngineMaterials/Substrate/Glints2/dict_0005_0020" 7823
"/Engine/EngineMaterials/Substrate/Glints2/dict_0004_0252" 7824
"../../../Engine/Content/EngineMaterials/Substrate/Glints2/dict_0005_0000.uasset" 7825
"/Engine/EngineMaterials/Substrate/Glints2/dict_0004_0254" 7826
"/Engine/EngineMaterials/Substrate/Glints2/dict_0004_0255" 7827
"/Engine/EngineMaterials/Substrate/Glints2/dict_0005_0009" 7828
"/Engine/EngineMaterials/Substrate/Glints2/dict_0005_0004" 7829
"/Engine/EngineMaterials/Substrate/Glints2/dict_0005_0005" 7830
"/Engine/EngineMaterials/Substrate/Glints2/dict_0005_0006" 7831
"/Engine/EngineMaterials/Substrate/Glints2/dict_0005_0012" 7832
"../../../Engine/Content/EngineMaterials/Substrate/Glints2/dict_0005_0003.uasset" 7833
"/Engine/EngineMaterials/Substrate/Glints2/dict_0005_0007" 7834
"/Engine/EngineMaterials/Substrate/Glints2/dict_0005_0013" 7835
"/Engine/EngineMaterials/Substrate/Glints2/dict_0005_0008" 7836
"/Engine/EngineMaterials/Substrate/Glints2/dict_0005_0000" 7837
"/Engine/EngineMaterials/Substrate/Glints2/dict_0005_0003" 7838
"../../../Engine/Content/EngineMaterials/Substrate/Glints2/dict_0004_0251.uasset" 7839
"/Engine/EngineMaterials/Substrate/Glints2/dict_0004_0251" 7840
"../../../Engine/Content/EngineMaterials/Substrate/Glints2/dict_0005_0002.uasset" 7841
"/Engine/EngineMaterials/Substrate/Glints2/dict_0005_0002" 7842
"../../../Engine/Content/EngineMaterials/Substrate/Glints2/dict_0004_0250.uasset" 7843
"/Engine/EngineMaterials/Substrate/Glints2/dict_0004_0250" 7844
"../../../Engine/Content/EngineMaterials/Substrate/Glints2/dict_0004_0240.uasset" 7845
"../../../Engine/Content/EngineMaterials/Substrate/Glints2/dict_0005_0001.uasset" 7846
"../../../Engine/Content/EngineMaterials/Substrate/Glints2/dict_0004_0245.uasset" 7847
"../../../Engine/Content/EngineMaterials/Substrate/Glints2/dict_0004_0244.uasset" 7848
"../../../Engine/Content/EngineMaterials/Substrate/Glints2/dict_0004_0247.uasset" 7849
"../../../Engine/Content/EngineMaterials/Substrate/Glints2/dict_0004_0238.uasset" 7850
"../../../Engine/Content/EngineMaterials/Substrate/Glints2/dict_0004_0243.uasset" 7851
"../../../Engine/Content/EngineMaterials/Substrate/Glints2/dict_0004_0237.uasset" 7852
"../../../Engine/Content/EngineMaterials/Substrate/Glints2/dict_0004_0241.uasset" 7853
"../../../Engine/Content/EngineMaterials/Substrate/Glints2/dict_0004_0236.uasset" 7854
"../../../Engine/Content/EngineMaterials/Substrate/Glints2/dict_0004_0242.uasset" 7855
"../../../Engine/Content/EngineMaterials/Substrate/Glints2/dict_0004_0234.uasset" 7856
"../../../Engine/Content/EngineMaterials/Substrate/Glints2/dict_0004_0235.uasset" 7857
"../../../Engine/Content/EngineMaterials/Substrate/Glints2/dict_0004_0232.uasset" 7858
"../../../Engine/Content/EngineMaterials/Substrate/Glints2/dict_0004_0228.uasset" 7859
"../../../Engine/Content/EngineMaterials/Substrate/Glints2/dict_0004_0249.uasset" 7860
"../../../Engine/Content/EngineMaterials/Substrate/Glints2/dict_0004_0225.uasset" 7861
"../../../Engine/Content/EngineMaterials/Substrate/Glints2/dict_0004_0227.uasset" 7862
"../../../Engine/Content/EngineMaterials/Substrate/Glints2/dict_0004_0231.uasset" 7863
"../../../Engine/Content/EngineMaterials/Substrate/Glints2/dict_0004_0246.uasset" 7864
"../../../Engine/Content/EngineMaterials/Substrate/Glints2/dict_0004_0248.uasset" 7865
"../../../Engine/Content/EngineMaterials/Substrate/Glints2/dict_0004_0239.uasset" 7866
"../../../Engine/Content/EngineMaterials/Substrate/Glints2/dict_0004_0226.uasset" 7867
"../../../Engine/Content/EngineMaterials/Substrate/Glints2/dict_0004_0233.uasset" 7868
"../../../Engine/Content/EngineMaterials/Substrate/Glints2/dict_0005_0010.uasset" 7869
"../../../Engine/Content/EngineMaterials/Substrate/Glints2/dict_0004_0253.uasset" 7870
"../../../Engine/Content/EngineMaterials/Substrate/Glints2/dict_0004_0229.uasset" 7871
"../../../Engine/Content/EngineMaterials/Substrate/Glints2/dict_0004_0224.uasset" 7872
"../../../Engine/Content/EngineMaterials/Substrate/Glints2/dict_0004_0223.uasset" 7873
"../../../Engine/Content/EngineMaterials/Substrate/Glints2/dict_0004_0222.uasset" 7874
"../../../Engine/Content/EngineMaterials/Substrate/Glints2/dict_0004_0230.uasset" 7875
"../../../Engine/Content/EngineMaterials/Substrate/Glints2/dict_0005_0040.uasset" 7876
"/Engine/EngineMaterials/Substrate/Glints2/dict_0004_0239" 7877
"/Engine/EngineMaterials/Substrate/Glints2/dict_0004_0240" 7878
"/Engine/EngineMaterials/Substrate/Glints2/dict_0004_0227" 7879
"/Engine/EngineMaterials/Substrate/Glints2/dict_0004_0241" 7880
"/Engine/EngineMaterials/Substrate/Glints2/dict_0004_0242" 7881
"/Engine/EngineMaterials/Substrate/Glints2/dict_0004_0243" 7882
"/Engine/EngineMaterials/Substrate/Glints2/dict_0004_0228" 7883
"/Engine/EngineMaterials/Substrate/Glints2/dict_0004_0253" 7884
"/Engine/EngineMaterials/Substrate/Glints2/dict_0004_0244" 7885
"/Engine/EngineMaterials/Substrate/Glints2/dict_0004_0245" 7886
"/Engine/EngineMaterials/Substrate/Glints2/dict_0004_0229" 7887
"/Engine/EngineMaterials/Substrate/Glints2/dict_0004_0230" 7888
"/Engine/EngineMaterials/Substrate/Glints2/dict_0004_0225" 7889
"/Engine/EngineMaterials/Substrate/Glints2/dict_0004_0231" 7890
"/Engine/EngineMaterials/Substrate/Glints2/dict_0005_0001" 7891
"/Engine/EngineMaterials/Substrate/Glints2/dict_0004_0223" 7892
"/Engine/EngineMaterials/Substrate/Glints2/dict_0004_0246" 7893
"/Engine/EngineMaterials/Substrate/Glints2/dict_0005_0010" 7894
"/Engine/EngineMaterials/Substrate/Glints2/dict_0004_0226" 7895
"/Engine/EngineMaterials/Substrate/Glints2/dict_0004_0232" 7896
"/Engine/EngineMaterials/Substrate/Glints2/dict_0004_0233" 7897
"/Engine/EngineMaterials/Substrate/Glints2/dict_0004_0234" 7898
"/Engine/EngineMaterials/Substrate/Glints2/dict_0005_0040" 7899
"/Engine/EngineMaterials/Substrate/Glints2/dict_0004_0247" 7900
"/Engine/EngineMaterials/Substrate/Glints2/dict_0004_0248" 7901
"/Engine/EngineMaterials/Substrate/Glints2/dict_0004_0249" 7902
"/Engine/EngineMaterials/Substrate/Glints2/dict_0004_0235" 7903
"/Engine/EngineMaterials/Substrate/Glints2/dict_0004_0236" 7904
"/Engine/EngineMaterials/Substrate/Glints2/dict_0004_0237" 7905
"/Engine/EngineMaterials/Substrate/Glints2/dict_0004_0222" 7906
"/Engine/EngineMaterials/Substrate/Glints2/dict_0004_0238" 7907
"/Engine/EngineMaterials/Substrate/Glints2/dict_0004_0224" 7908
"../../../Engine/Content/EngineMaterials/Substrate/Glints2/dict_0004_0220.uasset" 7909
"../../../Engine/Content/EngineMaterials/Substrate/Glints2/dict_0004_0221.uasset" 7910
"../../../Engine/Content/EngineMaterials/Substrate/Glints2/dict_0004_0207.uasset" 7911
"../../../Engine/Content/EngineMaterials/Substrate/Glints2/dict_0004_0205.uasset" 7912
"../../../Engine/Content/EngineMaterials/Substrate/Glints2/dict_0004_0219.uasset" 7913
"../../../Engine/Content/EngineMaterials/Substrate/Glints2/dict_0004_0216.uasset" 7914
"../../../Engine/Content/EngineMaterials/Substrate/Glints2/dict_0004_0213.uasset" 7915
"../../../Engine/Content/EngineMaterials/Substrate/Glints2/dict_0004_0218.uasset" 7916
"/Engine/EngineMaterials/Substrate/Glints2/dict_0004_0205" 7917
"/Engine/EngineMaterials/Substrate/Glints2/dict_0004_0207" 7918
"/Engine/EngineMaterials/Substrate/Glints2/dict_0004_0213" 7919
"../../../Engine/Content/EngineMaterials/Substrate/Glints2/dict_0004_0203.uasset" 7920
"/Engine/EngineMaterials/Substrate/Glints2/dict_0004_0216" 7921
"../../../Engine/Content/EngineMaterials/Substrate/Glints2/dict_0004_0215.uasset" 7922
"../../../Engine/Content/EngineMaterials/Substrate/Glints2/dict_0004_0201.uasset" 7923
"../../../Engine/Content/EngineMaterials/Substrate/Glints2/dict_0004_0204.uasset" 7924
"/Engine/EngineMaterials/Substrate/Glints2/dict_0004_0218" 7925
"/Engine/EngineMaterials/Substrate/Glints2/dict_0004_0219" 7926
"../../../Engine/Content/EngineMaterials/Substrate/Glints2/dict_0004_0208.uasset" 7927
"/Engine/EngineMaterials/Substrate/Glints2/dict_0004_0220" 7928
"../../../Engine/Content/EngineMaterials/Substrate/Glints2/dict_0004_0202.uasset" 7929
"../../../Engine/Content/EngineMaterials/Substrate/Glints2/dict_0004_0214.uasset" 7930
"../../../Engine/Content/EngineMaterials/Substrate/Glints2/dict_0004_0210.uasset" 7931
"/Engine/EngineMaterials/Substrate/Glints2/dict_0004_0221" 7932
"../../../Engine/Content/EngineMaterials/Substrate/Glints2/dict_0004_0206.uasset" 7933
"/Engine/EngineMaterials/Substrate/Glints2/dict_0004_0201" 7934
"/Engine/EngineMaterials/Substrate/Glints2/dict_0004_0202" 7935
"/Engine/EngineMaterials/Substrate/Glints2/dict_0004_0203" 7936
"/Engine/EngineMaterials/Substrate/Glints2/dict_0004_0204" 7937
"/Engine/EngineMaterials/Substrate/Glints2/dict_0004_0206" 7938
"../../../Engine/Content/EngineMaterials/Substrate/Glints2/dict_0004_0209.uasset" 7939
"/Engine/EngineMaterials/Substrate/Glints2/dict_0004_0208" 7940
"../../../Engine/Content/EngineMaterials/Substrate/Glints2/dict_0004_0198.uasset" 7941
"/Engine/EngineMaterials/Substrate/Glints2/dict_0004_0210" 7942
"/Engine/EngineMaterials/Substrate/Glints2/dict_0004_0214" 7943
"../../../Engine/Content/EngineMaterials/Substrate/Glints2/dict_0004_0217.uasset" 7944
"/Engine/EngineMaterials/Substrate/Glints2/dict_0004_0215" 7945
"../../../Engine/Content/EngineMaterials/Substrate/Glints2/dict_0004_0196.uasset" 7946
"../../../Engine/Content/EngineMaterials/Substrate/Glints2/dict_0004_0193.uasset" 7947
"/Engine/EngineMaterials/Substrate/Glints2/dict_0004_0193" 7948
"../../../Engine/Content/EngineMaterials/Substrate/Glints2/dict_0004_0212.uasset" 7949
"/Engine/EngineMaterials/Substrate/Glints2/dict_0004_0196" 7950
"/Engine/EngineMaterials/Substrate/Glints2/dict_0004_0198" 7951
"../../../Engine/Content/EngineMaterials/Substrate/Glints2/dict_0004_0211.uasset" 7952
"/Engine/EngineMaterials/Substrate/Glints2/dict_0004_0209" 7953
"/Engine/EngineMaterials/Substrate/Glints2/dict_0004_0217" 7954
"../../../Engine/Content/EngineMaterials/Substrate/Glints2/dict_0004_0188.uasset" 7955
"/Engine/EngineMaterials/Substrate/Glints2/dict_0004_0211" 7956
"/Engine/EngineMaterials/Substrate/Glints2/dict_0004_0212" 7957
"/Engine/EngineMaterials/Substrate/Glints2/dict_0004_0188" 7958
"../../../Engine/Content/EngineMaterials/Substrate/Glints2/dict_0004_0194.uasset" 7959
"../../../Engine/Content/EngineMaterials/Substrate/Glints2/dict_0004_0185.uasset" 7960
"/Engine/EngineMaterials/Substrate/Glints2/dict_0004_0194" 7961
"../../../Engine/Content/EngineMaterials/Substrate/Glints2/dict_0004_0189.uasset" 7962
"../../../Engine/Content/EngineMaterials/Substrate/Glints2/dict_0004_0197.uasset" 7963
"../../../Engine/Content/EngineMaterials/Substrate/Glints2/dict_0004_0190.uasset" 7964
"/Engine/EngineMaterials/Substrate/Glints2/dict_0004_0197" 7965
"../../../Engine/Content/EngineMaterials/Substrate/Glints2/dict_0004_0199.uasset" 7966
"../../../Engine/Content/EngineMaterials/Substrate/Glints2/dict_0004_0200.uasset" 7967
"../../../Engine/Content/EngineMaterials/Substrate/Glints2/dict_0004_0184.uasset" 7968
"../../../Engine/Content/EngineMaterials/Substrate/Glints2/dict_0004_0187.uasset" 7969
"/Engine/EngineMaterials/Substrate/Glints2/dict_0004_0185" 7970
"/Engine/EngineMaterials/Substrate/Glints2/dict_0004_0189" 7971
"../../../Engine/Content/EngineMaterials/Substrate/Glints2/dict_0004_0191.uasset" 7972
"/Engine/EngineMaterials/Substrate/Glints2/dict_0004_0190" 7973
"../../../Engine/Content/EngineMaterials/Substrate/Glints2/dict_0004_0183.uasset" 7974
"/Engine/EngineMaterials/Substrate/Glints2/dict_0004_0191" 7975
"/Engine/EngineMaterials/Substrate/Glints2/dict_0004_0199" 7976
"/Engine/EngineMaterials/Substrate/Glints2/dict_0004_0200" 7977
"../../../Engine/Content/EngineMaterials/Substrate/Glints2/dict_0004_0186.uasset" 7978
"/Engine/EngineMaterials/Substrate/Glints2/dict_0004_0184" 7979
"/Engine/EngineMaterials/Substrate/Glints2/dict_0004_0187" 7980
"/Engine/EngineMaterials/Substrate/Glints2/dict_0004_0183" 7981
"/Engine/EngineMaterials/Substrate/Glints2/dict_0004_0186" 7982
"../../../Engine/Content/EngineMaterials/Substrate/Glints2/dict_0004_0172.uasset" 7983
"../../../Engine/Content/EngineMaterials/Substrate/Glints2/dict_0004_0181.uasset" 7984
"../../../Engine/Content/EngineMaterials/Substrate/Glints2/dict_0004_0174.uasset" 7985
"../../../Engine/Content/EngineMaterials/Substrate/Glints2/dict_0004_0182.uasset" 7986
"../../../Engine/Content/EngineMaterials/Substrate/Glints2/dict_0004_0175.uasset" 7987
"../../../Engine/Content/EngineMaterials/Substrate/Glints2/dict_0004_0178.uasset" 7988
"../../../Engine/Content/EngineMaterials/Substrate/Glints2/dict_0004_0168.uasset" 7989
"../../../Engine/Content/EngineMaterials/Substrate/Glints2/dict_0004_0176.uasset" 7990
"../../../Engine/Content/EngineMaterials/Substrate/Glints2/dict_0004_0171.uasset" 7991
"../../../Engine/Content/EngineMaterials/Substrate/Glints2/dict_0004_0173.uasset" 7992
"../../../Engine/Content/EngineMaterials/Substrate/Glints2/dict_0004_0177.uasset" 7993
"../../../Engine/Content/EngineMaterials/Substrate/Glints2/dict_0004_0179.uasset" 7994
"../../../Engine/Content/EngineMaterials/Substrate/Glints2/dict_0004_0180.uasset" 7995
"/Engine/EngineMaterials/Substrate/Glints2/dict_0004_0168" 7996
"../../../Engine/Content/EngineMaterials/Substrate/Glints2/dict_0004_0164.uasset" 7997
"../../../Engine/Content/EngineMaterials/Substrate/Glints2/dict_0004_0165.uasset" 7998
"../../../Engine/Content/EngineMaterials/Substrate/Glints2/dict_0004_0162.uasset" 7999
"/Engine/EngineMaterials/Substrate/Glints2/dict_0004_0173" 8000
"../../../Engine/Content/EngineMaterials/Substrate/Glints2/dict_0004_0166.uasset" 8001
"/Engine/EngineMaterials/Substrate/Glints2/dict_0004_0174" 8002
"../../../Engine/Content/EngineMaterials/Substrate/Glints2/dict_0004_0160.uasset" 8003
"/Engine/EngineMaterials/Substrate/Glints2/dict_0004_0175" 8004
"../../../Engine/Content/EngineMaterials/Substrate/Glints2/dict_0004_0169.uasset" 8005
"../../../Engine/Content/EngineMaterials/Substrate/Glints2/dict_0004_0170.uasset" 8006
"/Engine/EngineMaterials/Substrate/Glints2/dict_0004_0176" 8007
"/Engine/EngineMaterials/Substrate/Glints2/dict_0004_0182" 8008
"/Engine/EngineMaterials/Substrate/Glints2/dict_0004_0177" 8009
"../../../Engine/Content/EngineMaterials/Substrate/Glints2/dict_0004_0158.uasset" 8010
"../../../Engine/Content/EngineMaterials/Substrate/Glints2/dict_0004_0167.uasset" 8011
"../../../Engine/Content/EngineMaterials/Substrate/Glints2/dict_0004_0161.uasset" 8012
"/Engine/EngineMaterials/Substrate/Glints2/dict_0004_0178" 8013
"../../../Engine/Content/EngineMaterials/Substrate/Glints2/dict_0004_0163.uasset" 8014
"../../../Engine/Content/EngineMaterials/Substrate/Glints2/dict_0004_0154.uasset" 8015
"../../../Engine/Content/EngineMaterials/Substrate/Glints2/dict_0004_0195.uasset" 8016
"/Engine/EngineMaterials/Substrate/Glints2/dict_0004_0171" 8017
"../../../Engine/Content/EngineMaterials/Substrate/Glints2/dict_0004_0153.uasset" 8018
"/Engine/EngineMaterials/Substrate/Glints2/dict_0004_0179" 8019
"../../../Engine/Content/EngineMaterials/Substrate/Glints2/dict_0004_0156.uasset" 8020
"/Engine/EngineMaterials/Substrate/Glints2/dict_0004_0180" 8021
"../../../Engine/Content/EngineMaterials/Substrate/Glints2/dict_0004_0159.uasset" 8022
"/Engine/EngineMaterials/Substrate/Glints2/dict_0004_0181" 8023
"../../../Engine/Content/EngineMaterials/Substrate/Glints2/dict_0004_0157.uasset" 8024
"/Engine/EngineMaterials/Substrate/Glints2/dict_0004_0172" 8025
"../../../Engine/Content/EngineMaterials/Substrate/Glints2/dict_0004_0155.uasset" 8026
"/Engine/EngineMaterials/Substrate/Glints2/dict_0004_0155" 8027
"/Engine/EngineMaterials/Substrate/Glints2/dict_0004_0156" 8028
"/Engine/EngineMaterials/Substrate/Glints2/dict_0004_0164" 8029
"/Engine/EngineMaterials/Substrate/Glints2/dict_0004_0195" 8030
"/Engine/EngineMaterials/Substrate/Glints2/dict_0004_0169" 8031
"/Engine/EngineMaterials/Substrate/Glints2/dict_0004_0161" 8032
"/Engine/EngineMaterials/Substrate/Glints2/dict_0004_0170" 8033
"/Engine/EngineMaterials/Substrate/Glints2/dict_0004_0157" 8034
"/Engine/EngineMaterials/Substrate/Glints2/dict_0004_0158" 8035
"../../../Engine/Content/EngineMaterials/Substrate/Glints2/dict_0004_0144.uasset" 8036
"../../../Engine/Content/EngineMaterials/Substrate/Glints2/dict_0004_0152.uasset" 8037
"/Engine/EngineMaterials/Substrate/Glints2/dict_0004_0153" 8038
"../../../Engine/Content/EngineMaterials/Substrate/Glints2/dict_0004_0150.uasset" 8039
"/Engine/EngineMaterials/Substrate/Glints2/dict_0004_0165" 8040
"../../../Engine/Content/EngineMaterials/Substrate/Glints2/dict_0004_0151.uasset" 8041
"../../../Engine/Content/EngineMaterials/Substrate/Glints2/dict_0004_0143.uasset" 8042
"../../../Engine/Content/EngineMaterials/Substrate/Glints2/dict_0004_0141.uasset" 8043
"../../../Engine/Content/EngineMaterials/Substrate/Glints2/dict_0004_0146.uasset" 8044
"/Engine/EngineMaterials/Substrate/Glints2/dict_0004_0166" 8045
"../../../Engine/Content/EngineMaterials/Substrate/Glints2/dict_0004_0145.uasset" 8046
"/Engine/EngineMaterials/Substrate/Glints2/dict_0004_0159" 8047
"../../../Engine/Content/EngineMaterials/Substrate/Glints2/dict_0004_0147.uasset" 8048
"../../../Engine/Content/EngineMaterials/Substrate/Glints2/dict_0004_0142.uasset" 8049
"../../../Engine/Content/EngineMaterials/Substrate/Glints2/dict_0004_0148.uasset" 8050
"/Engine/EngineMaterials/Substrate/Glints2/dict_0004_0162" 8051
"/Engine/EngineMaterials/Substrate/Glints2/dict_0004_0154" 8052
"../../../Engine/Content/EngineMaterials/Substrate/Glints2/dict_0004_0149.uasset" 8053
"/Engine/EngineMaterials/Substrate/Glints2/dict_0004_0160" 8054
"/Engine/EngineMaterials/Substrate/Glints2/dict_0004_0167" 8055
"/Engine/EngineMaterials/Substrate/Glints2/dict_0004_0163" 8056
"/Engine/EngineMaterials/Substrate/Glints2/dict_0004_0141" 8057
"../../../Engine/Content/EngineMaterials/Substrate/Glints2/dict_0004_0140.uasset" 8058
"/Engine/EngineMaterials/Substrate/Glints2/dict_0004_0142" 8059
"/Engine/EngineMaterials/Substrate/Glints2/dict_0004_0143" 8060
"/Engine/EngineMaterials/Substrate/Glints2/dict_0004_0144" 8061
"../../../Engine/Content/EngineMaterials/Substrate/Glints2/dict_0004_0135.uasset" 8062
"../../../Engine/Content/EngineMaterials/Substrate/Glints2/dict_0004_0139.uasset" 8063
"../../../Engine/Content/EngineMaterials/Substrate/Glints2/dict_0004_0136.uasset" 8064
"../../../Engine/Content/EngineMaterials/Substrate/Glints2/dict_0004_0192.uasset" 8065
"../../../Engine/Content/EngineMaterials/Substrate/Glints2/dict_0004_0138.uasset" 8066
"/Engine/EngineMaterials/Substrate/Glints2/dict_0004_0145" 8067
"../../../Engine/Content/EngineMaterials/Substrate/Glints2/dict_0004_0134.uasset" 8068
"/Engine/EngineMaterials/Substrate/Glints2/dict_0004_0146" 8069
"/Engine/EngineMaterials/Substrate/Glints2/dict_0004_0147" 8070
"../../../Engine/Content/EngineMaterials/Substrate/Glints2/dict_0004_0123.uasset" 8071
"../../../Engine/Content/EngineMaterials/Substrate/Glints2/dict_0004_0128.uasset" 8072
"../../../Engine/Content/EngineMaterials/Substrate/Glints2/dict_0004_0125.uasset" 8073
"../../../Engine/Content/EngineMaterials/Substrate/Glints2/dict_0004_0137.uasset" 8074
"../../../Engine/Content/EngineMaterials/Substrate/Glints2/dict_0004_0132.uasset" 8075
"../../../Engine/Content/EngineMaterials/Substrate/Glints2/dict_0004_0129.uasset" 8076
"/Engine/EngineMaterials/Substrate/Glints2/dict_0004_0148" 8077
"../../../Engine/Content/EngineMaterials/Substrate/Glints2/dict_0004_0127.uasset" 8078
"/Engine/EngineMaterials/Substrate/Glints2/dict_0004_0149" 8079
"../../../Engine/Content/EngineMaterials/Substrate/Glints2/dict_0004_0126.uasset" 8080
"../../../Engine/Content/EngineMaterials/Substrate/Glints2/dict_0004_0124.uasset" 8081
"/Engine/EngineMaterials/Substrate/Glints2/dict_0004_0150" 8082
"/Engine/EngineMaterials/Substrate/Glints2/dict_0004_0151" 8083
"/Engine/EngineMaterials/Substrate/Glints2/dict_0004_0152" 8084
"/Engine/EngineMaterials/Substrate/Glints2/dict_0004_0123" 8085
"../../../Engine/Content/EngineMaterials/Substrate/Glints2/dict_0004_0133.uasset" 8086
"../../../Engine/Content/EngineMaterials/Substrate/Glints2/dict_0004_0120.uasset" 8087
"/Engine/EngineMaterials/Substrate/Glints2/dict_0004_0192" 8088
"/Engine/EngineMaterials/Substrate/Glints2/dict_0004_0140" 8089
"../../../Engine/Content/EngineMaterials/Substrate/Glints2/dict_0004_0121.uasset" 8090
"/Engine/EngineMaterials/Substrate/Glints2/dict_0004_0124" 8091
"../../../Engine/Content/EngineMaterials/Substrate/Glints2/dict_0004_0119.uasset" 8092
"/Engine/EngineMaterials/Substrate/Glints2/dict_0004_0125" 8093
"../../../Engine/Content/EngineMaterials/Substrate/Glints2/dict_0004_0130.uasset" 8094
"../../../Engine/Content/EngineMaterials/Substrate/Glints2/dict_0004_0131.uasset" 8095
"/Engine/EngineMaterials/Substrate/Glints2/dict_0004_0126" 8096
"../../../Engine/Content/EngineMaterials/Substrate/Glints2/dict_0004_0111.uasset" 8097
"../../../Engine/Content/EngineMaterials/Substrate/Glints2/dict_0004_0112.uasset" 8098
"/Engine/EngineMaterials/Substrate/Glints2/dict_0004_0127" 8099
"../../../Engine/Content/EngineMaterials/Substrate/Glints2/dict_0004_0117.uasset" 8100
"/Engine/EngineMaterials/Substrate/Glints2/dict_0004_0128" 8101
"/Engine/EngineMaterials/Substrate/Glints2/dict_0004_0129" 8102
"/Engine/EngineMaterials/Substrate/Glints2/dict_0004_0132" 8103
"../../../Engine/Content/EngineMaterials/Substrate/Glints2/dict_0004_0110.uasset" 8104
"../../../Engine/Content/EngineMaterials/Substrate/Glints2/dict_0004_0113.uasset" 8105
"/Engine/EngineMaterials/Substrate/Glints2/dict_0004_0134" 8106
"../../../Engine/Content/EngineMaterials/Substrate/Glints2/dict_0004_0118.uasset" 8107
"../../../Engine/Content/EngineMaterials/Substrate/Glints2/dict_0004_0116.uasset" 8108
"/Engine/EngineMaterials/Substrate/Glints2/dict_0004_0135" 8109
"../../../Engine/Content/EngineMaterials/Substrate/Glints2/dict_0004_0115.uasset" 8110
"../../../Engine/Content/EngineMaterials/Substrate/Glints2/dict_0004_0114.uasset" 8111
"/Engine/EngineMaterials/Substrate/Glints2/dict_0004_0136" 8112
"/Engine/EngineMaterials/Substrate/Glints2/dict_0004_0137" 8113
"/Engine/EngineMaterials/Substrate/Glints2/dict_0004_0138" 8114
"/Engine/EngineMaterials/Substrate/Glints2/dict_0004_0139" 8115
"/Engine/EngineMaterials/Substrate/Glints2/dict_0004_0130" 8116
"../../../Engine/Content/EngineMaterials/Substrate/Glints2/dict_0004_0108.uasset" 8117
"../../../Engine/Content/EngineMaterials/Substrate/Glints2/dict_0004_0107.uasset" 8118
"/Engine/EngineMaterials/Substrate/Glints2/dict_0004_0110" 8119
"../../../Engine/Content/EngineMaterials/Substrate/Glints2/dict_0004_0109.uasset" 8120
"/Engine/EngineMaterials/Substrate/Glints2/dict_0004_0111" 8121
"/Engine/EngineMaterials/Substrate/Glints2/dict_0004_0112" 8122
"/Engine/EngineMaterials/Substrate/Glints2/dict_0004_0113" 8123
"../../../Engine/Content/EngineMaterials/Substrate/Glints2/dict_0004_0106.uasset" 8124
"/Engine/EngineMaterials/Substrate/Glints2/dict_0004_0114" 8125
"../../../Engine/Content/EngineMaterials/Substrate/Glints2/dict_0004_0104.uasset" 8126
"/Engine/EngineMaterials/Substrate/Glints2/dict_0004_0115" 8127
"/Engine/EngineMaterials/Substrate/Glints2/dict_0004_0131" 8128
"../../../Engine/Content/EngineMaterials/Substrate/Glints2/dict_0004_0099.uasset" 8129
"../../../Engine/Content/EngineMaterials/Substrate/Glints2/dict_0004_0101.uasset" 8130
"../../../Engine/Content/EngineMaterials/Substrate/Glints2/dict_0004_0098.uasset" 8131
"../../../Engine/Content/EngineMaterials/Substrate/Glints2/dict_0004_0105.uasset" 8132
"../../../Engine/Content/EngineMaterials/Substrate/Glints2/dict_0004_0102.uasset" 8133
"/Engine/EngineMaterials/Substrate/Glints2/dict_0004_0116" 8134
"../../../Engine/Content/EngineMaterials/Substrate/Glints2/dict_0004_0103.uasset" 8135
"/Engine/EngineMaterials/Substrate/Glints2/dict_0004_0117" 8136
"/Engine/EngineMaterials/Substrate/Glints2/dict_0004_0118" 8137
"../../../Engine/Content/EngineMaterials/Substrate/Glints2/dict_0004_0094.uasset" 8138
"../../../Engine/Content/EngineMaterials/Substrate/Glints2/dict_0004_0097.uasset" 8139
"../../../Engine/Content/EngineMaterials/Substrate/Glints2/dict_0004_0100.uasset" 8140
"/Engine/EngineMaterials/Substrate/Glints2/dict_0004_0133" 8141
"../../../Engine/Content/EngineMaterials/Substrate/Glints2/dict_0004_0095.uasset" 8142
"../../../Engine/Content/EngineMaterials/Substrate/Glints2/dict_0004_0096.uasset" 8143
"../../../Engine/Content/EngineMaterials/Substrate/Glints2/dict_0004_0122.uasset" 8144
"/Engine/EngineMaterials/Substrate/Glints2/dict_0004_0119" 8145
"/Engine/EngineMaterials/Substrate/Glints2/dict_0004_0120" 8146
"/Engine/EngineMaterials/Substrate/Glints2/dict_0004_0121" 8147
"/Engine/EngineMaterials/Substrate/Glints2/dict_0004_0122" 8148
"/Engine/EngineMaterials/Substrate/Glints2/dict_0004_0094" 8149
"/Engine/EngineMaterials/Substrate/Glints2/dict_0004_0095" 8150
"/Engine/EngineMaterials/Substrate/Glints2/dict_0004_0096" 8151
"../../../Engine/Content/EngineMaterials/Substrate/Glints2/dict_0004_0093.uasset" 8152
"/Engine/EngineMaterials/Substrate/Glints2/dict_0004_0097" 8153
"../../../Engine/Content/EngineMaterials/Substrate/Glints2/dict_0004_0091.uasset" 8154
"/Engine/EngineMaterials/Substrate/Glints2/dict_0004_0098" 8155
"/Engine/EngineMaterials/Substrate/Glints2/dict_0004_0099" 8156
"../../../Engine/Content/EngineMaterials/Substrate/Glints2/dict_0004_0082.uasset" 8157
"../../../Engine/Content/EngineMaterials/Substrate/Glints2/dict_0004_0079.uasset" 8158
"../../../Engine/Content/EngineMaterials/Substrate/Glints2/dict_0004_0090.uasset" 8159
"/Engine/EngineMaterials/Substrate/Glints2/dict_0004_0100" 8160
"../../../Engine/Content/EngineMaterials/Substrate/Glints2/dict_0004_0086.uasset" 8161
"/Engine/EngineMaterials/Substrate/Glints2/dict_0004_0101" 8162
"../../../Engine/Content/EngineMaterials/Substrate/Glints2/dict_0004_0084.uasset" 8163
"/Engine/EngineMaterials/Substrate/Glints2/dict_0004_0102" 8164
"../../../Engine/Content/EngineMaterials/Substrate/Glints2/dict_0004_0092.uasset" 8165
"../../../Engine/Content/EngineMaterials/Substrate/Glints2/dict_0004_0089.uasset" 8166
"/Engine/EngineMaterials/Substrate/Glints2/dict_0004_0103" 8167
"../../../Engine/Content/EngineMaterials/Substrate/Glints2/dict_0004_0088.uasset" 8168
"/Engine/EngineMaterials/Substrate/Glints2/dict_0004_0104" 8169
"/Engine/EngineMaterials/Substrate/Glints2/dict_0004_0105" 8170
"../../../Engine/Content/EngineMaterials/Substrate/Glints2/dict_0004_0085.uasset" 8171
"/Engine/EngineMaterials/Substrate/Glints2/dict_0004_0106" 8172
"/Engine/EngineMaterials/Substrate/Glints2/dict_0004_0107" 8173
"/Engine/EngineMaterials/Substrate/Glints2/dict_0004_0108" 8174
"/Engine/EngineMaterials/Substrate/Glints2/dict_0004_0109" 8175
"/Engine/EngineMaterials/Substrate/Glints2/dict_0004_0079" 8176
"/Engine/EngineMaterials/Substrate/Glints2/dict_0004_0082" 8177
"/Engine/EngineMaterials/Substrate/Glints2/dict_0004_0084" 8178
"../../../Engine/Content/EngineMaterials/Substrate/Glints2/dict_0004_0078.uasset" 8179
"../../../Engine/Content/EngineMaterials/Substrate/Glints2/dict_0004_0077.uasset" 8180
"../../../Engine/Content/EngineMaterials/Substrate/Glints2/dict_0004_0071.uasset" 8181
"../../../Engine/Content/EngineMaterials/Substrate/Glints2/dict_0004_0072.uasset" 8182
"../../../Engine/Content/EngineMaterials/Substrate/Glints2/dict_0004_0076.uasset" 8183
"../../../Engine/Content/EngineMaterials/Substrate/Glints2/dict_0004_0074.uasset" 8184
"/Engine/EngineMaterials/Substrate/Glints2/dict_0004_0085" 8185
"../../../Engine/Content/EngineMaterials/Substrate/Glints2/dict_0004_0087.uasset" 8186
"../../../Engine/Content/EngineMaterials/Substrate/Glints2/dict_0004_0081.uasset" 8187
"/Engine/EngineMaterials/Substrate/Glints2/dict_0004_0086" 8188
"../../../Engine/Content/EngineMaterials/Substrate/Glints2/dict_0004_0083.uasset" 8189
"/Engine/EngineMaterials/Substrate/Glints2/dict_0004_0088" 8190
"/Engine/EngineMaterials/Substrate/Glints2/dict_0004_0089" 8191
"../../../Engine/Content/EngineMaterials/Substrate/Glints2/dict_0004_0075.uasset" 8192
"../../../Engine/Content/EngineMaterials/Substrate/Glints2/dict_0004_0073.uasset" 8193
"/Engine/EngineMaterials/Substrate/Glints2/dict_0004_0090" 8194
"../../../Engine/Content/EngineMaterials/Substrate/Glints2/dict_0004_0080.uasset" 8195
"/Engine/EngineMaterials/Substrate/Glints2/dict_0004_0091" 8196
"/Engine/EngineMaterials/Substrate/Glints2/dict_0004_0092" 8197
"/Engine/EngineMaterials/Substrate/Glints2/dict_0004_0093" 8198
"/Engine/EngineMaterials/Substrate/Glints2/dict_0004_0071" 8199
"../../../Engine/Content/EngineMaterials/Substrate/Glints2/dict_0004_0068.uasset" 8200
"/Engine/EngineMaterials/Substrate/Glints2/dict_0004_0080" 8201
"/Engine/EngineMaterials/Substrate/Glints2/dict_0004_0081" 8202
"/Engine/EngineMaterials/Substrate/Glints2/dict_0004_0083" 8203
"/Engine/EngineMaterials/Substrate/Glints2/dict_0004_0087" 8204
"../../../Engine/Content/EngineMaterials/Substrate/Glints2/dict_0004_0069.uasset" 8205
"../../../Engine/Content/EngineMaterials/Substrate/Glints2/dict_0004_0064.uasset" 8206
"../../../Engine/Content/EngineMaterials/Substrate/Glints2/dict_0004_0063.uasset" 8207
"/Engine/EngineMaterials/Substrate/Glints2/dict_0004_0072" 8208
"../../../Engine/Content/EngineMaterials/Substrate/Glints2/dict_0004_0065.uasset" 8209
"../../../Engine/Content/EngineMaterials/Substrate/Glints2/dict_0004_0070.uasset" 8210
"/Engine/EngineMaterials/Substrate/Glints2/dict_0004_0073" 8211
"/Engine/EngineMaterials/Substrate/Glints2/dict_0004_0074" 8212
"../../../Engine/Content/EngineMaterials/Substrate/Glints2/dict_0004_0067.uasset" 8213
"/Engine/EngineMaterials/Substrate/Glints2/dict_0004_0075" 8214
"/Engine/EngineMaterials/Substrate/Glints2/dict_0004_0076" 8215
"../../../Engine/Content/EngineMaterials/Substrate/Glints2/dict_0004_0066.uasset" 8216
"../../../Engine/Content/EngineMaterials/Substrate/Glints2/dict_0004_0061.uasset" 8217
"../../../Engine/Content/EngineMaterials/Substrate/Glints2/dict_0004_0062.uasset" 8218
"/Engine/EngineMaterials/Substrate/Glints2/dict_0004_0077" 8219
"../../../Engine/Content/EngineMaterials/Substrate/Glints2/dict_0004_0059.uasset" 8220
"../../../Engine/Content/EngineMaterials/Substrate/Glints2/dict_0004_0056.uasset" 8221
"/Engine/EngineMaterials/Substrate/Glints2/dict_0004_0078" 8222
"../../../Engine/Content/EngineMaterials/Substrate/Glints2/dict_0004_0054.uasset" 8223
"../../../Engine/Content/EngineMaterials/Substrate/Glints2/dict_0004_0052.uasset" 8224
"../../../Engine/Content/EngineMaterials/Substrate/Glints2/dict_0004_0060.uasset" 8225
"../../../Engine/Content/EngineMaterials/Substrate/Glints2/dict_0004_0051.uasset" 8226
"../../../Engine/Content/EngineMaterials/Substrate/Glints2/dict_0004_0058.uasset" 8227
"/Engine/EngineMaterials/Substrate/Glints2/dict_0004_0062" 8228
"/Engine/EngineMaterials/Substrate/Glints2/dict_0004_0063" 8229
"/Engine/EngineMaterials/Substrate/Glints2/dict_0004_0064" 8230
"/Engine/EngineMaterials/Substrate/Glints2/dict_0004_0065" 8231
"/Engine/EngineMaterials/Substrate/Glints2/dict_0004_0066" 8232
"/Engine/EngineMaterials/Substrate/Glints2/dict_0004_0067" 8233
"../../../Engine/Content/EngineMaterials/Substrate/Glints2/dict_0004_0053.uasset" 8234
"/Engine/EngineMaterials/Substrate/Glints2/dict_0004_0068" 8235
"/Engine/EngineMaterials/Substrate/Glints2/dict_0004_0069" 8236
"../../../Engine/Content/EngineMaterials/Substrate/Glints2/dict_0004_0050.uasset" 8237
"../../../Engine/Content/EngineMaterials/Substrate/Glints2/dict_0004_0045.uasset" 8238
"../../../Engine/Content/EngineMaterials/Substrate/Glints2/dict_0004_0049.uasset" 8239
"/Engine/EngineMaterials/Substrate/Glints2/dict_0004_0070" 8240
"../../../Engine/Content/EngineMaterials/Substrate/Glints2/dict_0004_0055.uasset" 8241
"/Engine/EngineMaterials/Substrate/Glints2/dict_0004_0051" 8242
"../../../Engine/Content/EngineMaterials/Substrate/Glints2/dict_0004_0042.uasset" 8243
"/Engine/EngineMaterials/Substrate/Glints2/dict_0004_0052" 8244
"../../../Engine/Content/EngineMaterials/Substrate/Glints2/dict_0004_0047.uasset" 8245
"/Engine/EngineMaterials/Substrate/Glints2/dict_0004_0054" 8246
"../../../Engine/Content/EngineMaterials/Substrate/Glints2/dict_0004_0043.uasset" 8247
"../../../Engine/Content/EngineMaterials/Substrate/Glints2/dict_0004_0044.uasset" 8248
"/Engine/EngineMaterials/Substrate/Glints2/dict_0004_0056" 8249
"../../../Engine/Content/EngineMaterials/Substrate/Glints2/dict_0004_0039.uasset" 8250
"/Engine/EngineMaterials/Substrate/Glints2/dict_0004_0058" 8251
"/Engine/EngineMaterials/Substrate/Glints2/dict_0004_0059" 8252
"../../../Engine/Content/EngineMaterials/Substrate/Glints2/dict_0004_0040.uasset" 8253
"../../../Engine/Content/EngineMaterials/Substrate/Glints2/dict_0004_0057.uasset" 8254
"/Engine/EngineMaterials/Substrate/Glints2/dict_0004_0060" 8255
"../../../Engine/Content/EngineMaterials/Substrate/Glints2/dict_0004_0048.uasset" 8256
"/Engine/EngineMaterials/Substrate/Glints2/dict_0004_0061" 8257
"/Engine/EngineMaterials/Substrate/Glints2/dict_0004_0039" 8258
"/Engine/EngineMaterials/Substrate/Glints2/dict_0004_0040" 8259
"/Engine/EngineMaterials/Substrate/Glints2/dict_0004_0042" 8260
"/Engine/EngineMaterials/Substrate/Glints2/dict_0004_0053" 8261
"/Engine/EngineMaterials/Substrate/Glints2/dict_0004_0055" 8262
"/Engine/EngineMaterials/Substrate/Glints2/dict_0004_0043" 8263
"/Engine/EngineMaterials/Substrate/Glints2/dict_0004_0057" 8264
"/Engine/EngineMaterials/Substrate/Glints2/dict_0004_0044" 8265
"/Engine/EngineMaterials/Substrate/Glints2/dict_0004_0045" 8266
"../../../Engine/Content/EngineMaterials/Substrate/Glints2/dict_0004_0046.uasset" 8267
"/Engine/EngineMaterials/Substrate/Glints2/dict_0004_0047" 8268
"/Engine/EngineMaterials/Substrate/Glints2/dict_0004_0048" 8269
"/Engine/EngineMaterials/Substrate/Glints2/dict_0004_0049" 8270
"/Engine/EngineMaterials/Substrate/Glints2/dict_0004_0050" 8271
"../../../Engine/Content/EngineMaterials/Substrate/Glints2/dict_0004_0038.uasset" 8272
"../../../Engine/Content/EngineMaterials/Substrate/Glints2/dict_0004_0037.uasset" 8273
"../../../Engine/Content/EngineMaterials/Substrate/Glints2/dict_0004_0028.uasset" 8274
"../../../Engine/Content/EngineMaterials/Substrate/Glints2/dict_0004_0034.uasset" 8275
"/Engine/EngineMaterials/Substrate/Glints2/dict_0004_0028" 8276
"/Engine/EngineMaterials/Substrate/Glints2/dict_0004_0034" 8277
"../../../Engine/Content/EngineMaterials/Substrate/Glints2/dict_0004_0035.uasset" 8278
"/Engine/EngineMaterials/Substrate/Glints2/dict_0004_0037" 8279
"/Engine/EngineMaterials/Substrate/Glints2/dict_0004_0046" 8280
"/Engine/EngineMaterials/Substrate/Glints2/dict_0004_0038" 8281
"../../../Engine/Content/EngineMaterials/Substrate/Glints2/dict_0004_0018.uasset" 8282
"../../../Engine/Content/EngineMaterials/Substrate/Glints2/dict_0004_0020.uasset" 8283
"/Engine/EngineMaterials/Substrate/Glints2/dict_0004_0035" 8284
"../../../Engine/Content/EngineMaterials/Substrate/Glints2/dict_0004_0041.uasset" 8285
"../../../Engine/Content/EngineMaterials/Substrate/Glints2/dict_0004_0022.uasset" 8286
"/Engine/EngineMaterials/Substrate/Glints2/dict_0004_0018" 8287
"../../../Engine/Content/EngineMaterials/Substrate/Glints2/dict_0004_0021.uasset" 8288
"/Engine/EngineMaterials/Substrate/Glints2/dict_0004_0020" 8289
"/Engine/EngineMaterials/Substrate/Glints2/dict_0004_0022" 8290
"/Engine/EngineMaterials/Substrate/Glints2/dict_0004_0041" 8291
"/Engine/EngineMaterials/Substrate/Glints2/dict_0004_0021" 8292
"../../../Engine/Content/EngineMaterials/Substrate/Glints2/dict_0004_0033.uasset" 8293
"/Engine/EngineMaterials/Substrate/Glints2/dict_0004_0033" 8294
"../../../Engine/Content/EngineMaterials/Substrate/Glints2/dict_0004_0029.uasset" 8295
"../../../Engine/Content/EngineMaterials/Substrate/Glints2/dict_0004_0023.uasset" 8296
"/Engine/EngineMaterials/Substrate/Glints2/dict_0004_0023" 8297
"../../../Engine/Content/EngineMaterials/Substrate/Glints2/dict_0004_0015.uasset" 8298
"../../../Engine/Content/EngineMaterials/Substrate/Glints2/dict_0004_0014.uasset" 8299
"/Engine/EngineMaterials/Substrate/Glints2/dict_0004_0029" 8300
"../../../Engine/Content/EngineMaterials/Substrate/Glints2/dict_0004_0026.uasset" 8301
"../../../Engine/Content/EngineMaterials/Substrate/Glints2/dict_0004_0030.uasset" 8302
"../../../Engine/Content/EngineMaterials/Substrate/Glints2/dict_0004_0024.uasset" 8303
"/Engine/EngineMaterials/Substrate/Glints2/dict_0004_0024" 8304
"../../../Engine/Content/EngineMaterials/Substrate/Glints2/dict_0004_0013.uasset" 8305
"../../../Engine/Content/EngineMaterials/Substrate/Glints2/dict_0004_0011.uasset" 8306
"../../../Engine/Content/EngineMaterials/Substrate/Glints2/dict_0004_0031.uasset" 8307
"/Engine/EngineMaterials/Substrate/Glints2/dict_0004_0026" 8308
"/Engine/EngineMaterials/Substrate/Glints2/dict_0004_0030" 8309
"/Engine/EngineMaterials/Substrate/Glints2/dict_0004_0014" 8310
"/Engine/EngineMaterials/Substrate/Glints2/dict_0004_0015" 8311
"/Engine/EngineMaterials/Substrate/Glints2/dict_0004_0031" 8312
"/Engine/EngineMaterials/Substrate/Glints2/dict_0004_0011" 8313
"/Engine/EngineMaterials/Substrate/Glints2/dict_0004_0013" 8314
"../../../Engine/Content/EngineMaterials/Substrate/Glints2/dict_0004_0036.uasset" 8315
"../../../Engine/Content/EngineMaterials/Substrate/Glints2/dict_0004_0006.uasset" 8316
"../../../Engine/Content/EngineMaterials/Substrate/Glints2/dict_0004_0027.uasset" 8317
"../../../Engine/Content/EngineMaterials/Substrate/Glints2/dict_0004_0005.uasset" 8318
"../../../Engine/Content/EngineMaterials/Substrate/Glints2/dict_0004_0032.uasset" 8319
"../../../Engine/Content/EngineMaterials/Substrate/Glints2/dict_0004_0019.uasset" 8320
"../../../Engine/Content/EngineMaterials/Substrate/Glints2/dict_0004_0010.uasset" 8321
"../../../Engine/Content/EngineMaterials/Substrate/Glints2/dict_0004_0017.uasset" 8322
"../../../Engine/Content/EngineMaterials/Substrate/Glints2/dict_0004_0000.uasset" 8323
"../../../Engine/Content/EngineMaterials/Substrate/Glints2/dict_0004_0001.uasset" 8324
"../../../Engine/Content/EngineMaterials/Substrate/Glints2/dict_0004_0016.uasset" 8325
"../../../Engine/Content/EngineMaterials/Substrate/Glints2/dict_0004_0008.uasset" 8326
"../../../Engine/Content/EngineMaterials/Substrate/Glints2/dict_0004_0012.uasset" 8327
"../../../Engine/Content/EngineMaterials/Substrate/Glints2/dict_0004_0002.uasset" 8328
"../../../Engine/Content/EngineMaterials/Substrate/Glints2/dict_0003_0255.uasset" 8329
"../../../Engine/Content/EngineMaterials/Substrate/Glints2/dict_0003_0253.uasset" 8330
"../../../Engine/Content/EngineMaterials/Substrate/Glints2/dict_0003_0246.uasset" 8331
"../../../Engine/Content/EngineMaterials/Substrate/Glints2/dict_0003_0251.uasset" 8332
"../../../Engine/Content/EngineMaterials/Substrate/Glints2/dict_0003_0252.uasset" 8333
"../../../Engine/Content/EngineMaterials/Substrate/Glints2/dict_0003_0248.uasset" 8334
"../../../Engine/Content/EngineMaterials/Substrate/Glints2/dict_0003_0254.uasset" 8335
"../../../Engine/Content/EngineMaterials/Substrate/Glints2/dict_0004_0007.uasset" 8336
"../../../Engine/Content/EngineMaterials/Substrate/Glints2/dict_0003_0249.uasset" 8337
"../../../Engine/Content/EngineMaterials/Substrate/Glints2/dict_0003_0247.uasset" 8338
"../../../Engine/Content/EngineMaterials/Substrate/Glints2/dict_0004_0004.uasset" 8339
"/Engine/EngineMaterials/Substrate/Glints2/dict_0003_0254" 8340
"/Engine/EngineMaterials/Substrate/Glints2/dict_0003_0251" 8341
"../../../Engine/Content/EngineMaterials/Substrate/Glints2/dict_0003_0243.uasset" 8342
"../../../Engine/Content/EngineMaterials/Substrate/Glints2/dict_0003_0250.uasset" 8343
"/Engine/EngineMaterials/Substrate/Glints2/dict_0003_0246" 8344
"../../../Engine/Content/EngineMaterials/Substrate/Glints2/dict_0004_0003.uasset" 8345
"../../../Engine/Content/EngineMaterials/Substrate/Glints2/dict_0004_0025.uasset" 8346
"/Engine/EngineMaterials/Substrate/Glints2/dict_0003_0247" 8347
"../../../Engine/Content/EngineMaterials/Substrate/Glints2/dict_0003_0244.uasset" 8348
"/Engine/EngineMaterials/Substrate/Glints2/dict_0004_0027" 8349
"/Engine/EngineMaterials/Substrate/Glints2/dict_0004_0004" 8350
"../../../Engine/Content/EngineMaterials/Substrate/Glints2/dict_0003_0245.uasset" 8351
"/Engine/EngineMaterials/Substrate/Glints2/dict_0003_0252" 8352
"../../../Engine/Content/EngineMaterials/Substrate/Glints2/dict_0004_0009.uasset" 8353
"/Engine/EngineMaterials/Substrate/Glints2/dict_0003_0248" 8354
"/Engine/EngineMaterials/Substrate/Glints2/dict_0004_0010" 8355
"/Engine/EngineMaterials/Substrate/Glints2/dict_0003_0255" 8356
"/Engine/EngineMaterials/Substrate/Glints2/dict_0004_0032" 8357
"/Engine/EngineMaterials/Substrate/Glints2/dict_0004_0012" 8358
"/Engine/EngineMaterials/Substrate/Glints2/dict_0003_0253" 8359
"/Engine/EngineMaterials/Substrate/Glints2/dict_0003_0249" 8360
"/Engine/EngineMaterials/Substrate/Glints2/dict_0004_0005" 8361
"/Engine/EngineMaterials/Substrate/Glints2/dict_0004_0016" 8362
"/Engine/EngineMaterials/Substrate/Glints2/dict_0004_0001" 8363
"/Engine/EngineMaterials/Substrate/Glints2/dict_0004_0017" 8364
"/Engine/EngineMaterials/Substrate/Glints2/dict_0004_0036" 8365
"/Engine/EngineMaterials/Substrate/Glints2/dict_0004_0006" 8366
"/Engine/EngineMaterials/Substrate/Glints2/dict_0004_0007" 8367
"/Engine/EngineMaterials/Substrate/Glints2/dict_0004_0008" 8368
"/Engine/EngineMaterials/Substrate/Glints2/dict_0004_0002" 8369
"/Engine/EngineMaterials/Substrate/Glints2/dict_0004_0019" 8370
"/Engine/EngineMaterials/Substrate/Glints2/dict_0004_0000" 8371
"/Engine/EngineMaterials/Substrate/Glints2/dict_0004_0025" 8372
"/Engine/EngineMaterials/Substrate/Glints2/dict_0004_0009" 8373
"/Engine/EngineMaterials/Substrate/Glints2/dict_0003_0243" 8374
"/Engine/EngineMaterials/Substrate/Glints2/dict_0003_0244" 8375
"/Engine/EngineMaterials/Substrate/Glints2/dict_0003_0245" 8376
"/Engine/EngineMaterials/Substrate/Glints2/dict_0003_0250" 8377
"/Engine/EngineMaterials/Substrate/Glints2/dict_0004_0003" 8378
"../../../Engine/Content/EngineMaterials/Substrate/Glints2/dict_0003_0232.uasset" 8379
"../../../Engine/Content/EngineMaterials/Substrate/Glints2/dict_0003_0239.uasset" 8380
"../../../Engine/Content/EngineMaterials/Substrate/Glints2/dict_0003_0236.uasset" 8381
"../../../Engine/Content/EngineMaterials/Substrate/Glints2/dict_0003_0234.uasset" 8382
"../../../Engine/Content/EngineMaterials/Substrate/Glints2/dict_0003_0227.uasset" 8383
"../../../Engine/Content/EngineMaterials/Substrate/Glints2/dict_0003_0242.uasset" 8384
"../../../Engine/Content/EngineMaterials/Substrate/Glints2/dict_0003_0241.uasset" 8385
"../../../Engine/Content/EngineMaterials/Substrate/Glints2/dict_0003_0224.uasset" 8386
"../../../Engine/Content/EngineMaterials/Substrate/Glints2/dict_0003_0226.uasset" 8387
"../../../Engine/Content/EngineMaterials/Substrate/Glints2/dict_0003_0229.uasset" 8388
"../../../Engine/Content/EngineMaterials/Substrate/Glints2/dict_0003_0235.uasset" 8389
"../../../Engine/Content/EngineMaterials/Substrate/Glints2/dict_0003_0237.uasset" 8390
"../../../Engine/Content/EngineMaterials/Substrate/Glints2/dict_0003_0231.uasset" 8391
"../../../Engine/Content/EngineMaterials/Substrate/Glints2/dict_0003_0240.uasset" 8392
"../../../Engine/Content/EngineMaterials/Substrate/Glints2/dict_0003_0225.uasset" 8393
"../../../Engine/Content/EngineMaterials/Substrate/Glints2/dict_0003_0222.uasset" 8394
"../../../Engine/Content/EngineMaterials/Substrate/Glints2/dict_0003_0218.uasset" 8395
"/Engine/EngineMaterials/Substrate/Glints2/dict_0003_0224" 8396
"../../../Engine/Content/EngineMaterials/Substrate/Glints2/dict_0003_0221.uasset" 8397
"/Engine/EngineMaterials/Substrate/Glints2/dict_0003_0226" 8398
"../../../Engine/Content/EngineMaterials/Substrate/Glints2/dict_0003_0228.uasset" 8399
"/Engine/EngineMaterials/Substrate/Glints2/dict_0003_0227" 8400
"../../../Engine/Content/EngineMaterials/Substrate/Glints2/dict_0003_0216.uasset" 8401
"../../../Engine/Content/EngineMaterials/Substrate/Glints2/dict_0003_0219.uasset" 8402
"../../../Engine/Content/EngineMaterials/Substrate/Glints2/dict_0003_0220.uasset" 8403
"/Engine/EngineMaterials/Substrate/Glints2/dict_0003_0229" 8404
"../../../Engine/Content/EngineMaterials/Substrate/Glints2/dict_0003_0214.uasset" 8405
"../../../Engine/Content/EngineMaterials/Substrate/Glints2/dict_0003_0211.uasset" 8406
"../../../Engine/Content/EngineMaterials/Substrate/Glints2/dict_0003_0213.uasset" 8407
"/Engine/EngineMaterials/Substrate/Glints2/dict_0003_0231" 8408
"../../../Engine/Content/EngineMaterials/Substrate/Glints2/dict_0003_0215.uasset" 8409
"/Engine/EngineMaterials/Substrate/Glints2/dict_0003_0232" 8410
"../../../Engine/Content/EngineMaterials/Substrate/Glints2/dict_0003_0223.uasset" 8411
"/Engine/EngineMaterials/Substrate/Glints2/dict_0003_0234" 8412
"../../../Engine/Content/EngineMaterials/Substrate/Glints2/dict_0003_0230.uasset" 8413
"../../../Engine/Content/EngineMaterials/Substrate/Glints2/dict_0003_0212.uasset" 8414
"/Engine/EngineMaterials/Substrate/Glints2/dict_0003_0235" 8415
"../../../Engine/Content/EngineMaterials/Substrate/Glints2/dict_0003_0217.uasset" 8416
"/Engine/EngineMaterials/Substrate/Glints2/dict_0003_0236" 8417
"/Engine/EngineMaterials/Substrate/Glints2/dict_0003_0237" 8418
"/Engine/EngineMaterials/Substrate/Glints2/dict_0003_0239" 8419
"../../../Engine/Content/EngineMaterials/Substrate/Glints2/dict_0003_0233.uasset" 8420
"/Engine/EngineMaterials/Substrate/Glints2/dict_0003_0240" 8421
"/Engine/EngineMaterials/Substrate/Glints2/dict_0003_0241" 8422
"/Engine/EngineMaterials/Substrate/Glints2/dict_0003_0242" 8423
"/Engine/EngineMaterials/Substrate/Glints2/dict_0003_0218" 8424
"/Engine/EngineMaterials/Substrate/Glints2/dict_0003_0219" 8425
"/Engine/EngineMaterials/Substrate/Glints2/dict_0003_0220" 8426
"/Engine/EngineMaterials/Substrate/Glints2/dict_0003_0211" 8427
"../../../Engine/Content/EngineMaterials/Substrate/Glints2/dict_0003_0206.uasset" 8428
"../../../Engine/Content/EngineMaterials/Substrate/Glints2/dict_0003_0209.uasset" 8429
"../../../Engine/Content/EngineMaterials/Substrate/Glints2/dict_0003_0208.uasset" 8430
"../../../Engine/Content/EngineMaterials/Substrate/Glints2/dict_0003_0199.uasset" 8431
"../../../Engine/Content/EngineMaterials/Substrate/Glints2/dict_0003_0201.uasset" 8432
"../../../Engine/Content/EngineMaterials/Substrate/Glints2/dict_0003_0205.uasset" 8433
"../../../Engine/Content/EngineMaterials/Substrate/Glints2/dict_0003_0202.uasset" 8434
"/Engine/EngineMaterials/Substrate/Glints2/dict_0003_0221" 8435
"../../../Engine/Content/EngineMaterials/Substrate/Glints2/dict_0003_0200.uasset" 8436
"../../../Engine/Content/EngineMaterials/Substrate/Glints2/dict_0003_0204.uasset" 8437
"/Engine/EngineMaterials/Substrate/Glints2/dict_0003_0222" 8438
"../../../Engine/Content/EngineMaterials/Substrate/Glints2/dict_0003_0210.uasset" 8439
"../../../Engine/Content/EngineMaterials/Substrate/Glints2/dict_0003_0203.uasset" 8440
"/Engine/EngineMaterials/Substrate/Glints2/dict_0003_0223" 8441
"/Engine/EngineMaterials/Substrate/Glints2/dict_0003_0225" 8442
"/Engine/EngineMaterials/Substrate/Glints2/dict_0003_0212" 8443
"../../../Engine/Content/EngineMaterials/Substrate/Glints2/dict_0003_0238.uasset" 8444
"../../../Engine/Content/EngineMaterials/Substrate/Glints2/dict_0003_0207.uasset" 8445
"/Engine/EngineMaterials/Substrate/Glints2/dict_0003_0213" 8446
"/Engine/EngineMaterials/Substrate/Glints2/dict_0003_0228" 8447
"/Engine/EngineMaterials/Substrate/Glints2/dict_0003_0214" 8448
"../../../Engine/Content/EngineMaterials/Substrate/Glints2/dict_0003_0198.uasset" 8449
"/Engine/EngineMaterials/Substrate/Glints2/dict_0003_0230" 8450
"/Engine/EngineMaterials/Substrate/Glints2/dict_0003_0215" 8451
"/Engine/EngineMaterials/Substrate/Glints2/dict_0003_0216" 8452
"/Engine/EngineMaterials/Substrate/Glints2/dict_0003_0233" 8453
"/Engine/EngineMaterials/Substrate/Glints2/dict_0003_0217" 8454
"/Engine/EngineMaterials/Substrate/Glints2/dict_0003_0198" 8455
"/Engine/EngineMaterials/Substrate/Glints2/dict_0003_0199" 8456
"/Engine/EngineMaterials/Substrate/Glints2/dict_0003_0200" 8457
"/Engine/EngineMaterials/Substrate/Glints2/dict_0003_0201" 8458
"/Engine/EngineMaterials/Substrate/Glints2/dict_0003_0202" 8459
"/Engine/EngineMaterials/Substrate/Glints2/dict_0003_0203" 8460
"/Engine/EngineMaterials/Substrate/Glints2/dict_0003_0204" 8461
"/Engine/EngineMaterials/Substrate/Glints2/dict_0003_0205" 8462
"/Engine/EngineMaterials/Substrate/Glints2/dict_0003_0206" 8463
"/Engine/EngineMaterials/Substrate/Glints2/dict_0003_0238" 8464
"/Engine/EngineMaterials/Substrate/Glints2/dict_0003_0207" 8465
"/Engine/EngineMaterials/Substrate/Glints2/dict_0003_0208" 8466
"/Engine/EngineMaterials/Substrate/Glints2/dict_0003_0209" 8467
"/Engine/EngineMaterials/Substrate/Glints2/dict_0003_0210" 8468
"../../../Engine/Content/EngineMaterials/Substrate/Glints2/dict_0003_0187.uasset" 8469
"../../../Engine/Content/EngineMaterials/Substrate/Glints2/dict_0003_0194.uasset" 8470
"../../../Engine/Content/EngineMaterials/Substrate/Glints2/dict_0003_0189.uasset" 8471
"../../../Engine/Content/EngineMaterials/Substrate/Glints2/dict_0003_0191.uasset" 8472
"../../../Engine/Content/EngineMaterials/Substrate/Glints2/dict_0003_0180.uasset" 8473
"../../../Engine/Content/EngineMaterials/Substrate/Glints2/dict_0003_0181.uasset" 8474
"../../../Engine/Content/EngineMaterials/Substrate/Glints2/dict_0003_0195.uasset" 8475
"../../../Engine/Content/EngineMaterials/Substrate/Glints2/dict_0003_0185.uasset" 8476
"../../../Engine/Content/EngineMaterials/Substrate/Glints2/dict_0003_0188.uasset" 8477
"../../../Engine/Content/EngineMaterials/Substrate/Glints2/dict_0003_0177.uasset" 8478
"../../../Engine/Content/EngineMaterials/Substrate/Glints2/dict_0003_0176.uasset" 8479
"../../../Engine/Content/EngineMaterials/Substrate/Glints2/dict_0003_0196.uasset" 8480
"../../../Engine/Content/EngineMaterials/Substrate/Glints2/dict_0003_0193.uasset" 8481
"../../../Engine/Content/EngineMaterials/Substrate/Glints2/dict_0003_0186.uasset" 8482
"../../../Engine/Content/EngineMaterials/Substrate/Glints2/dict_0003_0173.uasset" 8483
"../../../Engine/Content/EngineMaterials/Substrate/Glints2/dict_0003_0182.uasset" 8484
"../../../Engine/Content/EngineMaterials/Substrate/Glints2/dict_0003_0178.uasset" 8485
"../../../Engine/Content/EngineMaterials/Substrate/Glints2/dict_0003_0179.uasset" 8486
"../../../Engine/Content/EngineMaterials/Substrate/Glints2/dict_0003_0192.uasset" 8487
"../../../Engine/Content/EngineMaterials/Substrate/Glints2/dict_0003_0184.uasset" 8488
"../../../Engine/Content/EngineMaterials/Substrate/Glints2/dict_0003_0171.uasset" 8489
"../../../Engine/Content/EngineMaterials/Substrate/Glints2/dict_0003_0183.uasset" 8490
"../../../Engine/Content/EngineMaterials/Substrate/Glints2/dict_0003_0169.uasset" 8491
"../../../Engine/Content/EngineMaterials/Substrate/Glints2/dict_0003_0174.uasset" 8492
"../../../Engine/Content/EngineMaterials/Substrate/Glints2/dict_0003_0197.uasset" 8493
"../../../Engine/Content/EngineMaterials/Substrate/Glints2/dict_0003_0166.uasset" 8494
"../../../Engine/Content/EngineMaterials/Substrate/Glints2/dict_0003_0167.uasset" 8495
"../../../Engine/Content/EngineMaterials/Substrate/Glints2/dict_0003_0190.uasset" 8496
"../../../Engine/Content/EngineMaterials/Substrate/Glints2/dict_0003_0172.uasset" 8497
"../../../Engine/Content/EngineMaterials/Substrate/Glints2/dict_0003_0170.uasset" 8498
"../../../Engine/Content/EngineMaterials/Substrate/Glints2/dict_0003_0168.uasset" 8499
"../../../Engine/Content/EngineMaterials/Substrate/Glints2/dict_0003_0175.uasset" 8500
"/Engine/EngineMaterials/Substrate/Glints2/dict_0003_0180" 8501
"/Engine/EngineMaterials/Substrate/Glints2/dict_0003_0181" 8502
"/Engine/EngineMaterials/Substrate/Glints2/dict_0003_0182" 8503
"/Engine/EngineMaterials/Substrate/Glints2/dict_0003_0183" 8504
"/Engine/EngineMaterials/Substrate/Glints2/dict_0003_0184" 8505
"/Engine/EngineMaterials/Substrate/Glints2/dict_0003_0185" 8506
"/Engine/EngineMaterials/Substrate/Glints2/dict_0003_0186" 8507
"/Engine/EngineMaterials/Substrate/Glints2/dict_0003_0197" 8508
"/Engine/EngineMaterials/Substrate/Glints2/dict_0003_0187" 8509
"/Engine/EngineMaterials/Substrate/Glints2/dict_0003_0188" 8510
"/Engine/EngineMaterials/Substrate/Glints2/dict_0003_0189" 8511
"/Engine/EngineMaterials/Substrate/Glints2/dict_0003_0166" 8512
"/Engine/EngineMaterials/Substrate/Glints2/dict_0003_0167" 8513
"/Engine/EngineMaterials/Substrate/Glints2/dict_0003_0190" 8514
"/Engine/EngineMaterials/Substrate/Glints2/dict_0003_0191" 8515
"/Engine/EngineMaterials/Substrate/Glints2/dict_0003_0168" 8516
"/Engine/EngineMaterials/Substrate/Glints2/dict_0003_0192" 8517
"/Engine/EngineMaterials/Substrate/Glints2/dict_0003_0193" 8518
"/Engine/EngineMaterials/Substrate/Glints2/dict_0003_0169" 8519
"/Engine/EngineMaterials/Substrate/Glints2/dict_0003_0170" 8520
"/Engine/EngineMaterials/Substrate/Glints2/dict_0003_0194" 8521
"/Engine/EngineMaterials/Substrate/Glints2/dict_0003_0195" 8522
"/Engine/EngineMaterials/Substrate/Glints2/dict_0003_0171" 8523
"/Engine/EngineMaterials/Substrate/Glints2/dict_0003_0172" 8524
"/Engine/EngineMaterials/Substrate/Glints2/dict_0003_0173" 8525
"/Engine/EngineMaterials/Substrate/Glints2/dict_0003_0174" 8526
"/Engine/EngineMaterials/Substrate/Glints2/dict_0003_0175" 8527
"/Engine/EngineMaterials/Substrate/Glints2/dict_0003_0176" 8528
"/Engine/EngineMaterials/Substrate/Glints2/dict_0003_0177" 8529
"/Engine/EngineMaterials/Substrate/Glints2/dict_0003_0178" 8530
"/Engine/EngineMaterials/Substrate/Glints2/dict_0003_0196" 8531
"/Engine/EngineMaterials/Substrate/Glints2/dict_0003_0179" 8532
"../../../Engine/Content/EngineMaterials/Substrate/Glints2/dict_0003_0165.uasset" 8533
"../../../Engine/Content/EngineMaterials/Substrate/Glints2/dict_0003_0164.uasset" 8534
"../../../Engine/Content/EngineMaterials/Substrate/Glints2/dict_0003_0161.uasset" 8535
"../../../Engine/Content/EngineMaterials/Substrate/Glints2/dict_0003_0163.uasset" 8536
"../../../Engine/Content/EngineMaterials/Substrate/Glints2/dict_0003_0146.uasset" 8537
"../../../Engine/Content/EngineMaterials/Substrate/Glints2/dict_0003_0160.uasset" 8538
"../../../Engine/Content/EngineMaterials/Substrate/Glints2/dict_0003_0149.uasset" 8539
"../../../Engine/Content/EngineMaterials/Substrate/Glints2/dict_0003_0147.uasset" 8540
"/Engine/EngineMaterials/Substrate/Glints2/dict_0003_0146" 8541
"../../../Engine/Content/EngineMaterials/Substrate/Glints2/dict_0003_0155.uasset" 8542
"/Engine/EngineMaterials/Substrate/Glints2/dict_0003_0149" 8543
"../../../Engine/Content/EngineMaterials/Substrate/Glints2/dict_0003_0145.uasset" 8544
"../../../Engine/Content/EngineMaterials/Substrate/Glints2/dict_0003_0154.uasset" 8545
"../../../Engine/Content/EngineMaterials/Substrate/Glints2/dict_0003_0156.uasset" 8546
"/Engine/EngineMaterials/Substrate/Glints2/dict_0003_0160" 8547
"../../../Engine/Content/EngineMaterials/Substrate/Glints2/dict_0003_0150.uasset" 8548
"../../../Engine/Content/EngineMaterials/Substrate/Glints2/dict_0003_0157.uasset" 8549
"../../../Engine/Content/EngineMaterials/Substrate/Glints2/dict_0003_0144.uasset" 8550
"/Engine/EngineMaterials/Substrate/Glints2/dict_0003_0161" 8551
"../../../Engine/Content/EngineMaterials/Substrate/Glints2/dict_0003_0152.uasset" 8552
"/Engine/EngineMaterials/Substrate/Glints2/dict_0003_0163" 8553
"../../../Engine/Content/EngineMaterials/Substrate/Glints2/dict_0003_0159.uasset" 8554
"/Engine/EngineMaterials/Substrate/Glints2/dict_0003_0164" 8555
"../../../Engine/Content/EngineMaterials/Substrate/Glints2/dict_0003_0141.uasset" 8556
"../../../Engine/Content/EngineMaterials/Substrate/Glints2/dict_0003_0142.uasset" 8557
"/Engine/EngineMaterials/Substrate/Glints2/dict_0003_0165" 8558
"../../../Engine/Content/EngineMaterials/Substrate/Glints2/dict_0003_0148.uasset" 8559
"../../../Engine/Content/EngineMaterials/Substrate/Glints2/dict_0003_0143.uasset" 8560
"../../../Engine/Content/EngineMaterials/Substrate/Glints2/dict_0003_0138.uasset" 8561
"../../../Engine/Content/EngineMaterials/Substrate/Glints2/dict_0003_0137.uasset" 8562
"/Engine/EngineMaterials/Substrate/Glints2/dict_0003_0138" 8563
"../../../Engine/Content/EngineMaterials/Substrate/Glints2/dict_0003_0136.uasset" 8564
"/Engine/EngineMaterials/Substrate/Glints2/dict_0003_0141" 8565
"../../../Engine/Content/EngineMaterials/Substrate/Glints2/dict_0003_0162.uasset" 8566
"../../../Engine/Content/EngineMaterials/Substrate/Glints2/dict_0003_0139.uasset" 8567
"/Engine/EngineMaterials/Substrate/Glints2/dict_0003_0142" 8568
"../../../Engine/Content/EngineMaterials/Substrate/Glints2/dict_0003_0134.uasset" 8569
"../../../Engine/Content/EngineMaterials/Substrate/Glints2/dict_0003_0135.uasset" 8570
"/Engine/EngineMaterials/Substrate/Glints2/dict_0003_0143" 8571
"/Engine/EngineMaterials/Substrate/Glints2/dict_0003_0144" 8572
"/Engine/EngineMaterials/Substrate/Glints2/dict_0003_0145" 8573
"../../../Engine/Content/EngineMaterials/Substrate/Glints2/dict_0003_0131.uasset" 8574
"/Engine/EngineMaterials/Substrate/Glints2/dict_0003_0147" 8575
"../../../Engine/Content/EngineMaterials/Substrate/Glints2/dict_0003_0153.uasset" 8576
"../../../Engine/Content/EngineMaterials/Substrate/Glints2/dict_0003_0128.uasset" 8577
"../../../Engine/Content/EngineMaterials/Substrate/Glints2/dict_0003_0140.uasset" 8578
"/Engine/EngineMaterials/Substrate/Glints2/dict_0003_0148" 8579
"/Engine/EngineMaterials/Substrate/Glints2/dict_0003_0150" 8580
"../../../Engine/Content/EngineMaterials/Substrate/Glints2/dict_0003_0132.uasset" 8581
"../../../Engine/Content/EngineMaterials/Substrate/Glints2/dict_0003_0127.uasset" 8582
"../../../Engine/Content/EngineMaterials/Substrate/Glints2/dict_0003_0130.uasset" 8583
"../../../Engine/Content/EngineMaterials/Substrate/Glints2/dict_0003_0158.uasset" 8584
"/Engine/EngineMaterials/Substrate/Glints2/dict_0003_0152" 8585
"../../../Engine/Content/EngineMaterials/Substrate/Glints2/dict_0003_0129.uasset" 8586
"/Engine/EngineMaterials/Substrate/Glints2/dict_0003_0154" 8587
"/Engine/EngineMaterials/Substrate/Glints2/dict_0003_0155" 8588
"/Engine/EngineMaterials/Substrate/Glints2/dict_0003_0156" 8589
"/Engine/EngineMaterials/Substrate/Glints2/dict_0003_0157" 8590
"/Engine/EngineMaterials/Substrate/Glints2/dict_0003_0159" 8591
"/Engine/EngineMaterials/Substrate/Glints2/dict_0003_0134" 8592
"/Engine/EngineMaterials/Substrate/Glints2/dict_0003_0135" 8593
"/Engine/EngineMaterials/Substrate/Glints2/dict_0003_0136" 8594
"/Engine/EngineMaterials/Substrate/Glints2/dict_0003_0137" 8595
"/Engine/EngineMaterials/Substrate/Glints2/dict_0003_0139" 8596
"/Engine/EngineMaterials/Substrate/Glints2/dict_0003_0140" 8597
"/Engine/EngineMaterials/Substrate/Glints2/dict_0003_0127" 8598
"/Engine/EngineMaterials/Substrate/Glints2/dict_0003_0128" 8599
"../../../Engine/Content/EngineMaterials/Substrate/Glints2/dict_0003_0133.uasset" 8600
"/Engine/EngineMaterials/Substrate/Glints2/dict_0003_0153" 8601
"/Engine/EngineMaterials/Substrate/Glints2/dict_0003_0158" 8602
"/Engine/EngineMaterials/Substrate/Glints2/dict_0003_0129" 8603
"/Engine/EngineMaterials/Substrate/Glints2/dict_0003_0130" 8604
"/Engine/EngineMaterials/Substrate/Glints2/dict_0003_0162" 8605
"../../../Engine/Content/EngineMaterials/Substrate/Glints2/dict_0003_0151.uasset" 8606
"/Engine/EngineMaterials/Substrate/Glints2/dict_0003_0131" 8607
"/Engine/EngineMaterials/Substrate/Glints2/dict_0003_0132" 8608
"../../../Engine/Content/EngineMaterials/Substrate/Glints2/dict_0003_0125.uasset" 8609
"../../../Engine/Content/EngineMaterials/Substrate/Glints2/dict_0003_0126.uasset" 8610
"/Engine/EngineMaterials/Substrate/Glints2/dict_0003_0125" 8611
"../../../Engine/Content/EngineMaterials/Substrate/Glints2/dict_0003_0123.uasset" 8612
"/Engine/EngineMaterials/Substrate/Glints2/dict_0003_0126" 8613
"/Engine/EngineMaterials/Substrate/Glints2/dict_0003_0133" 8614
"/Engine/EngineMaterials/Substrate/Glints2/dict_0003_0151" 8615
"../../../Engine/Content/EngineMaterials/Substrate/Glints2/dict_0003_0118.uasset" 8616
"../../../Engine/Content/EngineMaterials/Substrate/Glints2/dict_0003_0117.uasset" 8617
"/Engine/EngineMaterials/Substrate/Glints2/dict_0003_0123" 8618
"../../../Engine/Content/EngineMaterials/Substrate/Glints2/dict_0003_0114.uasset" 8619
"../../../Engine/Content/EngineMaterials/Substrate/Glints2/dict_0003_0112.uasset" 8620
"/Engine/EngineMaterials/Substrate/Glints2/dict_0003_0112" 8621
"../../../Engine/Content/EngineMaterials/Substrate/Glints2/dict_0003_0119.uasset" 8622
"/Engine/EngineMaterials/Substrate/Glints2/dict_0003_0114" 8623
"../../../Engine/Content/EngineMaterials/Substrate/Glints2/dict_0003_0113.uasset" 8624
"../../../Engine/Content/EngineMaterials/Substrate/Glints2/dict_0003_0111.uasset" 8625
"../../../Engine/Content/EngineMaterials/Substrate/Glints2/dict_0003_0110.uasset" 8626
"../../../Engine/Content/EngineMaterials/Substrate/Glints2/dict_0003_0115.uasset" 8627
"/Engine/EngineMaterials/Substrate/Glints2/dict_0003_0117" 8628
"../../../Engine/Content/EngineMaterials/Substrate/Glints2/dict_0003_0109.uasset" 8629
"/Engine/EngineMaterials/Substrate/Glints2/dict_0003_0118" 8630
"../../../Engine/Content/EngineMaterials/Substrate/Glints2/dict_0003_0106.uasset" 8631
"../../../Engine/Content/EngineMaterials/Substrate/Glints2/dict_0003_0100.uasset" 8632
"/Engine/EngineMaterials/Substrate/Glints2/dict_0003_0100" 8633
"../../../Engine/Content/EngineMaterials/Substrate/Glints2/dict_0003_0103.uasset" 8634
"/Engine/EngineMaterials/Substrate/Glints2/dict_0003_0113" 8635
"../../../Engine/Content/EngineMaterials/Substrate/Glints2/dict_0003_0124.uasset" 8636
"../../../Engine/Content/EngineMaterials/Substrate/Glints2/dict_0003_0102.uasset" 8637
"/Engine/EngineMaterials/Substrate/Glints2/dict_0003_0115" 8638
"../../../Engine/Content/EngineMaterials/Substrate/Glints2/dict_0003_0097.uasset" 8639
"../../../Engine/Content/EngineMaterials/Substrate/Glints2/dict_0003_0096.uasset" 8640
"../../../Engine/Content/EngineMaterials/Substrate/Glints2/dict_0003_0107.uasset" 8641
"../../../Engine/Content/EngineMaterials/Substrate/Glints2/dict_0003_0116.uasset" 8642
"../../../Engine/Content/EngineMaterials/Substrate/Glints2/dict_0003_0099.uasset" 8643
"/Engine/EngineMaterials/Substrate/Glints2/dict_0003_0119" 8644
"../../../Engine/Content/EngineMaterials/Substrate/Glints2/dict_0003_0121.uasset" 8645
"/Engine/EngineMaterials/Substrate/Glints2/dict_0003_0106" 8646
"../../../Engine/Content/EngineMaterials/Substrate/Glints2/dict_0003_0108.uasset" 8647
"../../../Engine/Content/EngineMaterials/Substrate/Glints2/dict_0003_0104.uasset" 8648
"/Engine/EngineMaterials/Substrate/Glints2/dict_0003_0109" 8649
"../../../Engine/Content/EngineMaterials/Substrate/Glints2/dict_0003_0120.uasset" 8650
"../../../Engine/Content/EngineMaterials/Substrate/Glints2/dict_0003_0092.uasset" 8651
"/Engine/EngineMaterials/Substrate/Glints2/dict_0003_0110" 8652
"../../../Engine/Content/EngineMaterials/Substrate/Glints2/dict_0003_0094.uasset" 8653
"/Engine/EngineMaterials/Substrate/Glints2/dict_0003_0111" 8654
"../../../Engine/Content/EngineMaterials/Substrate/Glints2/dict_0003_0122.uasset" 8655
"/Engine/EngineMaterials/Substrate/Glints2/dict_0003_0097" 8656
"../../../Engine/Content/EngineMaterials/Substrate/Glints2/dict_0003_0093.uasset" 8657
"/Engine/EngineMaterials/Substrate/Glints2/dict_0003_0099" 8658
"../../../Engine/Content/EngineMaterials/Substrate/Glints2/dict_0003_0088.uasset" 8659
"/Engine/EngineMaterials/Substrate/Glints2/dict_0003_0102" 8660
"/Engine/EngineMaterials/Substrate/Glints2/dict_0003_0116" 8661
"/Engine/EngineMaterials/Substrate/Glints2/dict_0003_0103" 8662
"../../../Engine/Content/EngineMaterials/Substrate/Glints2/dict_0003_0091.uasset" 8663
"../../../Engine/Content/EngineMaterials/Substrate/Glints2/dict_0003_0101.uasset" 8664
"/Engine/EngineMaterials/Substrate/Glints2/dict_0003_0104" 8665
"../../../Engine/Content/EngineMaterials/Substrate/Glints2/dict_0003_0089.uasset" 8666
"../../../Engine/Content/EngineMaterials/Substrate/Glints2/dict_0003_0095.uasset" 8667
"/Engine/EngineMaterials/Substrate/Glints2/dict_0003_0120" 8668
"/Engine/EngineMaterials/Substrate/Glints2/dict_0003_0092" 8669
"../../../Engine/Content/EngineMaterials/Substrate/Glints2/dict_0003_0105.uasset" 8670
"/Engine/EngineMaterials/Substrate/Glints2/dict_0003_0122" 8671
"/Engine/EngineMaterials/Substrate/Glints2/dict_0003_0124" 8672
"/Engine/EngineMaterials/Substrate/Glints2/dict_0003_0094" 8673
"../../../Engine/Content/EngineMaterials/Substrate/Glints2/dict_0003_0090.uasset" 8674
"/Engine/EngineMaterials/Substrate/Glints2/dict_0003_0107" 8675
"../../../Engine/Content/EngineMaterials/Substrate/Glints2/dict_0003_0086.uasset" 8676
"/Engine/EngineMaterials/Substrate/Glints2/dict_0003_0108" 8677
"../../../Engine/Content/EngineMaterials/Substrate/Glints2/dict_0003_0080.uasset" 8678
"../../../Engine/Content/EngineMaterials/Substrate/Glints2/dict_0003_0081.uasset" 8679
"../../../Engine/Content/EngineMaterials/Substrate/Glints2/dict_0003_0082.uasset" 8680
"/Engine/EngineMaterials/Substrate/Glints2/dict_0003_0096" 8681
"../../../Engine/Content/EngineMaterials/Substrate/Glints2/dict_0003_0098.uasset" 8682
"/Engine/EngineMaterials/Substrate/Glints2/dict_0003_0098" 8683
"/Engine/EngineMaterials/Substrate/Glints2/dict_0003_0080" 8684
"/Engine/EngineMaterials/Substrate/Glints2/dict_0003_0088" 8685
"/Engine/EngineMaterials/Substrate/Glints2/dict_0003_0101" 8686
"/Engine/EngineMaterials/Substrate/Glints2/dict_0003_0081" 8687
"/Engine/EngineMaterials/Substrate/Glints2/dict_0003_0089" 8688
"/Engine/EngineMaterials/Substrate/Glints2/dict_0003_0082" 8689
"/Engine/EngineMaterials/Substrate/Glints2/dict_0003_0090" 8690
"/Engine/EngineMaterials/Substrate/Glints2/dict_0003_0091" 8691
"/Engine/EngineMaterials/Substrate/Glints2/dict_0003_0121" 8692
"/Engine/EngineMaterials/Substrate/Glints2/dict_0003_0105" 8693
"../../../Engine/Content/EngineMaterials/Substrate/Glints2/dict_0003_0084.uasset" 8694
"../../../Engine/Content/EngineMaterials/Substrate/Glints2/dict_0003_0078.uasset" 8695
"../../../Engine/Content/EngineMaterials/Substrate/Glints2/dict_0003_0085.uasset" 8696
"../../../Engine/Content/EngineMaterials/Substrate/Glints2/dict_0003_0079.uasset" 8697
"../../../Engine/Content/EngineMaterials/Substrate/Glints2/dict_0003_0083.uasset" 8698
"/Engine/EngineMaterials/Substrate/Glints2/dict_0003_0093" 8699
"../../../Engine/Content/EngineMaterials/Substrate/Glints2/dict_0003_0077.uasset" 8700
"../../../Engine/Content/EngineMaterials/Substrate/Glints2/dict_0003_0068.uasset" 8701
"../../../Engine/Content/EngineMaterials/Substrate/Glints2/dict_0003_0069.uasset" 8702
"../../../Engine/Content/EngineMaterials/Substrate/Glints2/dict_0003_0067.uasset" 8703
"/Engine/EngineMaterials/Substrate/Glints2/dict_0003_0095" 8704
"../../../Engine/Content/EngineMaterials/Substrate/Glints2/dict_0003_0087.uasset" 8705
"/Engine/EngineMaterials/Substrate/Glints2/dict_0003_0086" 8706
"/Engine/EngineMaterials/Substrate/Glints2/dict_0003_0067" 8707
"/Engine/EngineMaterials/Substrate/Glints2/dict_0003_0068" 8708
"../../../Engine/Content/EngineMaterials/Substrate/Glints2/dict_0003_0071.uasset" 8709
"../../../Engine/Content/EngineMaterials/Substrate/Glints2/dict_0003_0074.uasset" 8710
"/Engine/EngineMaterials/Substrate/Glints2/dict_0003_0069" 8711
"../../../Engine/Content/EngineMaterials/Substrate/Glints2/dict_0003_0070.uasset" 8712
"../../../Engine/Content/EngineMaterials/Substrate/Glints2/dict_0003_0072.uasset" 8713
"/Engine/EngineMaterials/Substrate/Glints2/dict_0003_0083" 8714
"../../../Engine/Content/EngineMaterials/Substrate/Glints2/dict_0003_0065.uasset" 8715
"../../../Engine/Content/EngineMaterials/Substrate/Glints2/dict_0003_0073.uasset" 8716
"/Engine/EngineMaterials/Substrate/Glints2/dict_0003_0084" 8717
"../../../Engine/Content/EngineMaterials/Substrate/Glints2/dict_0003_0075.uasset" 8718
"/Engine/EngineMaterials/Substrate/Glints2/dict_0003_0077" 8719
"../../../Engine/Content/EngineMaterials/Substrate/Glints2/dict_0003_0063.uasset" 8720
"/Engine/EngineMaterials/Substrate/Glints2/dict_0003_0078" 8721
"/Engine/EngineMaterials/Substrate/Glints2/dict_0003_0085" 8722
"/Engine/EngineMaterials/Substrate/Glints2/dict_0003_0087" 8723
"/Engine/EngineMaterials/Substrate/Glints2/dict_0003_0079" 8724
"../../../Engine/Content/EngineMaterials/Substrate/Glints2/dict_0003_0064.uasset" 8725
"/Engine/EngineMaterials/Substrate/Glints2/dict_0003_0070" 8726
"/Engine/EngineMaterials/Substrate/Glints2/dict_0003_0071" 8727
"../../../Engine/Content/EngineMaterials/Substrate/Glints2/dict_0003_0062.uasset" 8728
"/Engine/EngineMaterials/Substrate/Glints2/dict_0003_0072" 8729
"../../../Engine/Content/EngineMaterials/Substrate/Glints2/dict_0003_0066.uasset" 8730
"/Engine/EngineMaterials/Substrate/Glints2/dict_0003_0073" 8731
"/Engine/EngineMaterials/Substrate/Glints2/dict_0003_0074" 8732
"/Engine/EngineMaterials/Substrate/Glints2/dict_0003_0063" 8733
"/Engine/EngineMaterials/Substrate/Glints2/dict_0003_0075" 8734
"../../../Engine/Content/EngineMaterials/Substrate/Glints2/dict_0003_0057.uasset" 8735
"../../../Engine/Content/EngineMaterials/Substrate/Glints2/dict_0003_0054.uasset" 8736
"/Engine/EngineMaterials/Substrate/Glints2/dict_0003_0064" 8737
"/Engine/EngineMaterials/Substrate/Glints2/dict_0003_0065" 8738
"/Engine/EngineMaterials/Substrate/Glints2/dict_0003_0054" 8739
"../../../Engine/Content/EngineMaterials/Substrate/Glints2/dict_0003_0059.uasset" 8740
"/Engine/EngineMaterials/Substrate/Glints2/dict_0003_0057" 8741
"../../../Engine/Content/EngineMaterials/Substrate/Glints2/dict_0003_0050.uasset" 8742
"/Engine/EngineMaterials/Substrate/Glints2/dict_0003_0062" 8743
"../../../Engine/Content/EngineMaterials/Substrate/Glints2/dict_0003_0055.uasset" 8744
"/Engine/EngineMaterials/Substrate/Glints2/dict_0003_0055" 8745
"/Engine/EngineMaterials/Substrate/Glints2/dict_0003_0059" 8746
"../../../Engine/Content/EngineMaterials/Substrate/Glints2/dict_0003_0060.uasset" 8747
"/Engine/EngineMaterials/Substrate/Glints2/dict_0003_0050" 8748
"/Engine/EngineMaterials/Substrate/Glints2/dict_0003_0066" 8749
"../../../Engine/Content/EngineMaterials/Substrate/Glints2/dict_0003_0046.uasset" 8750
"../../../Engine/Content/EngineMaterials/Substrate/Glints2/dict_0003_0049.uasset" 8751
"../../../Engine/Content/EngineMaterials/Substrate/Glints2/dict_0003_0051.uasset" 8752
"/Engine/EngineMaterials/Substrate/Glints2/dict_0003_0060" 8753
"/Engine/EngineMaterials/Substrate/Glints2/dict_0003_0046" 8754
"/Engine/EngineMaterials/Substrate/Glints2/dict_0003_0049" 8755
"/Engine/EngineMaterials/Substrate/Glints2/dict_0003_0051" 8756
"../../../Engine/Content/EngineMaterials/Substrate/Glints2/dict_0003_0048.uasset" 8757
"/Engine/EngineMaterials/Substrate/Glints2/dict_0003_0048" 8758
"../../../Engine/Content/EngineMaterials/Substrate/Glints2/dict_0003_0041.uasset" 8759
"../../../Engine/Content/EngineMaterials/Substrate/Glints2/dict_0003_0047.uasset" 8760
"../../../Engine/Content/EngineMaterials/Substrate/Glints2/dict_0003_0058.uasset" 8761
"../../../Engine/Content/EngineMaterials/Substrate/Glints2/dict_0003_0039.uasset" 8762
"../../../Engine/Content/EngineMaterials/Substrate/Glints2/dict_0003_0044.uasset" 8763
"../../../Engine/Content/EngineMaterials/Substrate/Glints2/dict_0003_0036.uasset" 8764
"../../../Engine/Content/EngineMaterials/Substrate/Glints2/dict_0003_0042.uasset" 8765
"../../../Engine/Content/EngineMaterials/Substrate/Glints2/dict_0003_0076.uasset" 8766
"../../../Engine/Content/EngineMaterials/Substrate/Glints2/dict_0003_0035.uasset" 8767
"../../../Engine/Content/EngineMaterials/Substrate/Glints2/dict_0003_0037.uasset" 8768
"../../../Engine/Content/EngineMaterials/Substrate/Glints2/dict_0003_0043.uasset" 8769
"../../../Engine/Content/EngineMaterials/Substrate/Glints2/dict_0003_0040.uasset" 8770
"../../../Engine/Content/EngineMaterials/Substrate/Glints2/dict_0003_0032.uasset" 8771
"../../../Engine/Content/EngineMaterials/Substrate/Glints2/dict_0003_0030.uasset" 8772
"../../../Engine/Content/EngineMaterials/Substrate/Glints2/dict_0003_0027.uasset" 8773
"../../../Engine/Content/EngineMaterials/Substrate/Glints2/dict_0003_0038.uasset" 8774
"../../../Engine/Content/EngineMaterials/Substrate/Glints2/dict_0003_0033.uasset" 8775
"../../../Engine/Content/EngineMaterials/Substrate/Glints2/dict_0003_0061.uasset" 8776
"../../../Engine/Content/EngineMaterials/Substrate/Glints2/dict_0003_0023.uasset" 8777
"../../../Engine/Content/EngineMaterials/Substrate/Glints2/dict_0003_0029.uasset" 8778
"../../../Engine/Content/EngineMaterials/Substrate/Glints2/dict_0003_0031.uasset" 8779
"../../../Engine/Content/EngineMaterials/Substrate/Glints2/dict_0003_0034.uasset" 8780
"../../../Engine/Content/EngineMaterials/Substrate/Glints2/dict_0003_0045.uasset" 8781
"../../../Engine/Content/EngineMaterials/Substrate/Glints2/dict_0003_0022.uasset" 8782
"../../../Engine/Content/EngineMaterials/Substrate/Glints2/dict_0003_0052.uasset" 8783
"../../../Engine/Content/EngineMaterials/Substrate/Glints2/dict_0003_0021.uasset" 8784
"../../../Engine/Content/EngineMaterials/Substrate/Glints2/dict_0003_0056.uasset" 8785
"../../../Engine/Content/EngineMaterials/Substrate/Glints2/dict_0003_0053.uasset" 8786
"../../../Engine/Content/EngineMaterials/Substrate/Glints2/dict_0003_0026.uasset" 8787
"/Engine/EngineMaterials/Substrate/Glints2/dict_0003_0052" 8788
"/Engine/EngineMaterials/Substrate/Glints2/dict_0003_0042" 8789
"../../../Engine/Content/EngineMaterials/Substrate/Glints2/dict_0003_0028.uasset" 8790
"../../../Engine/Content/EngineMaterials/Substrate/Glints2/dict_0003_0024.uasset" 8791
"/Engine/EngineMaterials/Substrate/Glints2/dict_0003_0053" 8792
"../../../Engine/Content/EngineMaterials/Substrate/Glints2/dict_0003_0025.uasset" 8793
"/Engine/EngineMaterials/Substrate/Glints2/dict_0003_0030" 8794
"/Engine/EngineMaterials/Substrate/Glints2/dict_0003_0027" 8795
"/Engine/EngineMaterials/Substrate/Glints2/dict_0003_0043" 8796
"/Engine/EngineMaterials/Substrate/Glints2/dict_0003_0056" 8797
"/Engine/EngineMaterials/Substrate/Glints2/dict_0003_0031" 8798
"/Engine/EngineMaterials/Substrate/Glints2/dict_0003_0058" 8799
"/Engine/EngineMaterials/Substrate/Glints2/dict_0003_0044" 8800
"/Engine/EngineMaterials/Substrate/Glints2/dict_0003_0033" 8801
"/Engine/EngineMaterials/Substrate/Glints2/dict_0003_0026" 8802
"/Engine/EngineMaterials/Substrate/Glints2/dict_0003_0045" 8803
"/Engine/EngineMaterials/Substrate/Glints2/dict_0003_0034" 8804
"/Engine/EngineMaterials/Substrate/Glints2/dict_0003_0035" 8805
"/Engine/EngineMaterials/Substrate/Glints2/dict_0003_0036" 8806
"/Engine/EngineMaterials/Substrate/Glints2/dict_0003_0061" 8807
"/Engine/EngineMaterials/Substrate/Glints2/dict_0003_0032" 8808
"/Engine/EngineMaterials/Substrate/Glints2/dict_0003_0037" 8809
"/Engine/EngineMaterials/Substrate/Glints2/dict_0003_0038" 8810
"/Engine/EngineMaterials/Substrate/Glints2/dict_0003_0039" 8811
"/Engine/EngineMaterials/Substrate/Glints2/dict_0003_0076" 8812
"/Engine/EngineMaterials/Substrate/Glints2/dict_0003_0022" 8813
"/Engine/EngineMaterials/Substrate/Glints2/dict_0003_0040" 8814
"/Engine/EngineMaterials/Substrate/Glints2/dict_0003_0047" 8815
"/Engine/EngineMaterials/Substrate/Glints2/dict_0003_0021" 8816
"/Engine/EngineMaterials/Substrate/Glints2/dict_0003_0023" 8817
"/Engine/EngineMaterials/Substrate/Glints2/dict_0003_0041" 8818
"/Engine/EngineMaterials/Substrate/Glints2/dict_0003_0029" 8819
"/Engine/EngineMaterials/Substrate/Glints2/dict_0003_0025" 8820
"/Engine/EngineMaterials/Substrate/Glints2/dict_0003_0028" 8821
"/Engine/EngineMaterials/Substrate/Glints2/dict_0003_0024" 8822
"../../../Engine/Content/EngineMaterials/Substrate/Glints2/dict_0003_0019.uasset" 8823
"../../../Engine/Content/EngineMaterials/Substrate/Glints2/dict_0003_0020.uasset" 8824
"../../../Engine/Content/EngineMaterials/Substrate/Glints2/dict_0003_0017.uasset" 8825
"../../../Engine/Content/EngineMaterials/Substrate/Glints2/dict_0003_0012.uasset" 8826
"../../../Engine/Content/EngineMaterials/Substrate/Glints2/dict_0003_0016.uasset" 8827
"../../../Engine/Content/EngineMaterials/Substrate/Glints2/dict_0003_0013.uasset" 8828
"../../../Engine/Content/EngineMaterials/Substrate/Glints2/dict_0003_0014.uasset" 8829
"../../../Engine/Content/EngineMaterials/Substrate/Glints2/dict_0003_0005.uasset" 8830
"../../../Engine/Content/EngineMaterials/Substrate/Glints2/dict_0003_0003.uasset" 8831
"../../../Engine/Content/EngineMaterials/Substrate/Glints2/dict_0003_0009.uasset" 8832
"../../../Engine/Content/EngineMaterials/Substrate/Glints2/dict_0003_0004.uasset" 8833
"../../../Engine/Content/EngineMaterials/Substrate/Glints2/dict_0003_0010.uasset" 8834
"../../../Engine/Content/EngineMaterials/Substrate/Glints2/dict_0003_0007.uasset" 8835
"../../../Engine/Content/EngineMaterials/Substrate/Glints2/dict_0003_0002.uasset" 8836
"../../../Engine/Content/EngineMaterials/Substrate/Glints2/dict_0002_0255.uasset" 8837
"/Engine/EngineMaterials/Substrate/Glints2/dict_0002_0255" 8838
"../../../Engine/Content/EngineMaterials/Substrate/Glints2/dict_0002_0251.uasset" 8839
"../../../Engine/Content/EngineMaterials/Substrate/Glints2/dict_0003_0015.uasset" 8840
"/Engine/EngineMaterials/Substrate/Glints2/dict_0003_0002" 8841
"../../../Engine/Content/EngineMaterials/Substrate/Glints2/dict_0003_0008.uasset" 8842
"../../../Engine/Content/EngineMaterials/Substrate/Glints2/dict_0003_0018.uasset" 8843
"../../../Engine/Content/EngineMaterials/Substrate/Glints2/dict_0003_0000.uasset" 8844
"../../../Engine/Content/EngineMaterials/Substrate/Glints2/dict_0002_0250.uasset" 8845
"../../../Engine/Content/EngineMaterials/Substrate/Glints2/dict_0002_0253.uasset" 8846
"../../../Engine/Content/EngineMaterials/Substrate/Glints2/dict_0002_0254.uasset" 8847
"/Engine/EngineMaterials/Substrate/Glints2/dict_0003_0003" 8848
"../../../Engine/Content/EngineMaterials/Substrate/Glints2/dict_0002_0246.uasset" 8849
"/Engine/EngineMaterials/Substrate/Glints2/dict_0003_0004" 8850
"../../../Engine/Content/EngineMaterials/Substrate/Glints2/dict_0002_0249.uasset" 8851
"../../../Engine/Content/EngineMaterials/Substrate/Glints2/dict_0002_0245.uasset" 8852
"/Engine/EngineMaterials/Substrate/Glints2/dict_0003_0005" 8853
"../../../Engine/Content/EngineMaterials/Substrate/Glints2/dict_0002_0247.uasset" 8854
"/Engine/EngineMaterials/Substrate/Glints2/dict_0003_0007" 8855
"../../../Engine/Content/EngineMaterials/Substrate/Glints2/dict_0003_0011.uasset" 8856
"../../../Engine/Content/EngineMaterials/Substrate/Glints2/dict_0002_0252.uasset" 8857
"/Engine/EngineMaterials/Substrate/Glints2/dict_0003_0009" 8858
"/Engine/EngineMaterials/Substrate/Glints2/dict_0003_0010" 8859
"../../../Engine/Content/EngineMaterials/Substrate/Glints2/dict_0003_0006.uasset" 8860
"/Engine/EngineMaterials/Substrate/Glints2/dict_0003_0012" 8861
"/Engine/EngineMaterials/Substrate/Glints2/dict_0003_0013" 8862
"/Engine/EngineMaterials/Substrate/Glints2/dict_0003_0014" 8863
"../../../Engine/Content/EngineMaterials/Substrate/Glints2/dict_0003_0001.uasset" 8864
"/Engine/EngineMaterials/Substrate/Glints2/dict_0003_0016" 8865
"/Engine/EngineMaterials/Substrate/Glints2/dict_0003_0017" 8866
"/Engine/EngineMaterials/Substrate/Glints2/dict_0003_0019" 8867
"/Engine/EngineMaterials/Substrate/Glints2/dict_0003_0020" 8868
"/Engine/EngineMaterials/Substrate/Glints2/dict_0002_0245" 8869
"/Engine/EngineMaterials/Substrate/Glints2/dict_0002_0249" 8870
"/Engine/EngineMaterials/Substrate/Glints2/dict_0002_0250" 8871
"/Engine/EngineMaterials/Substrate/Glints2/dict_0002_0251" 8872
"/Engine/EngineMaterials/Substrate/Glints2/dict_0002_0252" 8873
"/Engine/EngineMaterials/Substrate/Glints2/dict_0002_0253" 8874
"/Engine/EngineMaterials/Substrate/Glints2/dict_0002_0254" 8875
"/Engine/EngineMaterials/Substrate/Glints2/dict_0003_0000" 8876
"/Engine/EngineMaterials/Substrate/Glints2/dict_0003_0001" 8877
"../../../Engine/Content/EngineMaterials/Substrate/Glints2/dict_0002_0248.uasset" 8878
"/Engine/EngineMaterials/Substrate/Glints2/dict_0002_0246" 8879
"/Engine/EngineMaterials/Substrate/Glints2/dict_0003_0006" 8880
"../../../Engine/Content/EngineMaterials/Substrate/Glints2/dict_0002_0240.uasset" 8881
"../../../Engine/Content/EngineMaterials/Substrate/Glints2/dict_0002_0244.uasset" 8882
"../../../Engine/Content/EngineMaterials/Substrate/Glints2/dict_0002_0242.uasset" 8883
"/Engine/EngineMaterials/Substrate/Glints2/dict_0003_0008" 8884
"/Engine/EngineMaterials/Substrate/Glints2/dict_0003_0011" 8885
"../../../Engine/Content/EngineMaterials/Substrate/Glints2/dict_0002_0243.uasset" 8886
"../../../Engine/Content/EngineMaterials/Substrate/Glints2/dict_0002_0238.uasset" 8887
"/Engine/EngineMaterials/Substrate/Glints2/dict_0003_0015" 8888
"/Engine/EngineMaterials/Substrate/Glints2/dict_0003_0018" 8889
"../../../Engine/Content/EngineMaterials/Substrate/Glints2/dict_0002_0236.uasset" 8890
"/Engine/EngineMaterials/Substrate/Glints2/dict_0002_0247" 8891
"../../../Engine/Content/EngineMaterials/Substrate/Glints2/dict_0002_0234.uasset" 8892
"/Engine/EngineMaterials/Substrate/Glints2/dict_0002_0248" 8893
"/Engine/EngineMaterials/Substrate/Glints2/dict_0002_0234" 8894
"../../../Engine/Content/EngineMaterials/Substrate/Glints2/dict_0002_0239.uasset" 8895
"/Engine/EngineMaterials/Substrate/Glints2/dict_0002_0236" 8896
"/Engine/EngineMaterials/Substrate/Glints2/dict_0002_0238" 8897
"../../../Engine/Content/EngineMaterials/Substrate/Glints2/dict_0002_0237.uasset" 8898
"/Engine/EngineMaterials/Substrate/Glints2/dict_0002_0240" 8899
"/Engine/EngineMaterials/Substrate/Glints2/dict_0002_0242" 8900
"/Engine/EngineMaterials/Substrate/Glints2/dict_0002_0243" 8901
"/Engine/EngineMaterials/Substrate/Glints2/dict_0002_0244" 8902
"../../../Engine/Content/EngineMaterials/Substrate/Glints2/dict_0002_0230.uasset" 8903
"../../../Engine/Content/EngineMaterials/Substrate/Glints2/dict_0002_0232.uasset" 8904
"../../../Engine/Content/EngineMaterials/Substrate/Glints2/dict_0002_0228.uasset" 8905
"../../../Engine/Content/EngineMaterials/Substrate/Glints2/dict_0002_0223.uasset" 8906
"../../../Engine/Content/EngineMaterials/Substrate/Glints2/dict_0002_0225.uasset" 8907
"/Engine/EngineMaterials/Substrate/Glints2/dict_0002_0230" 8908
"../../../Engine/Content/EngineMaterials/Substrate/Glints2/dict_0002_0218.uasset" 8909
"../../../Engine/Content/EngineMaterials/Substrate/Glints2/dict_0002_0222.uasset" 8910
"../../../Engine/Content/EngineMaterials/Substrate/Glints2/dict_0002_0221.uasset" 8911
"../../../Engine/Content/EngineMaterials/Substrate/Glints2/dict_0002_0226.uasset" 8912
"../../../Engine/Content/EngineMaterials/Substrate/Glints2/dict_0002_0220.uasset" 8913
"/Engine/EngineMaterials/Substrate/Glints2/dict_0002_0237" 8914
"../../../Engine/Content/EngineMaterials/Substrate/Glints2/dict_0002_0227.uasset" 8915
"/Engine/EngineMaterials/Substrate/Glints2/dict_0002_0239" 8916
"/Engine/EngineMaterials/Substrate/Glints2/dict_0002_0218" 8917
"../../../Engine/Content/EngineMaterials/Substrate/Glints2/dict_0002_0211.uasset" 8918
"../../../Engine/Content/EngineMaterials/Substrate/Glints2/dict_0002_0216.uasset" 8919
"../../../Engine/Content/EngineMaterials/Substrate/Glints2/dict_0002_0213.uasset" 8920
"../../../Engine/Content/EngineMaterials/Substrate/Glints2/dict_0002_0229.uasset" 8921
"../../../Engine/Content/EngineMaterials/Substrate/Glints2/dict_0002_0207.uasset" 8922
"/Engine/EngineMaterials/Substrate/Glints2/dict_0002_0220" 8923
"/Engine/EngineMaterials/Substrate/Glints2/dict_0002_0221" 8924
"../../../Engine/Content/EngineMaterials/Substrate/Glints2/dict_0002_0217.uasset" 8925
"../../../Engine/Content/EngineMaterials/Substrate/Glints2/dict_0002_0219.uasset" 8926
"/Engine/EngineMaterials/Substrate/Glints2/dict_0002_0222" 8927
"../../../Engine/Content/EngineMaterials/Substrate/Glints2/dict_0002_0210.uasset" 8928
"../../../Engine/Content/EngineMaterials/Substrate/Glints2/dict_0002_0231.uasset" 8929
"../../../Engine/Content/EngineMaterials/Substrate/Glints2/dict_0002_0215.uasset" 8930
"../../../Engine/Content/EngineMaterials/Substrate/Glints2/dict_0002_0209.uasset" 8931
"/Engine/EngineMaterials/Substrate/Glints2/dict_0002_0223" 8932
"../../../Engine/Content/EngineMaterials/Substrate/Glints2/dict_0002_0206.uasset" 8933
"../../../Engine/Content/EngineMaterials/Substrate/Glints2/dict_0002_0214.uasset" 8934
"../../../Engine/Content/EngineMaterials/Substrate/Glints2/dict_0002_0208.uasset" 8935
"/Engine/EngineMaterials/Substrate/Glints2/dict_0002_0232" 8936
"/Engine/EngineMaterials/Substrate/Glints2/dict_0002_0225" 8937
"../../../Engine/Content/EngineMaterials/Substrate/Glints2/dict_0002_0205.uasset" 8938
"/Engine/EngineMaterials/Substrate/Glints2/dict_0002_0226" 8939
"../../../Engine/Content/EngineMaterials/Substrate/Glints2/dict_0002_0233.uasset" 8940
"../../../Engine/Content/EngineMaterials/Substrate/Glints2/dict_0002_0224.uasset" 8941
"/Engine/EngineMaterials/Substrate/Glints2/dict_0002_0227" 8942
"/Engine/EngineMaterials/Substrate/Glints2/dict_0002_0228" 8943
"/Engine/EngineMaterials/Substrate/Glints2/dict_0002_0214" 8944
"/Engine/EngineMaterials/Substrate/Glints2/dict_0002_0206" 8945
"../../../Engine/Content/EngineMaterials/Substrate/Glints2/dict_0002_0203.uasset" 8946
"../../../Engine/Content/EngineMaterials/Substrate/Glints2/dict_0002_0204.uasset" 8947
"/Engine/EngineMaterials/Substrate/Glints2/dict_0002_0215" 8948
"/Engine/EngineMaterials/Substrate/Glints2/dict_0002_0216" 8949
"/Engine/EngineMaterials/Substrate/Glints2/dict_0002_0217" 8950
"/Engine/EngineMaterials/Substrate/Glints2/dict_0002_0219" 8951
"/Engine/EngineMaterials/Substrate/Glints2/dict_0002_0231" 8952
"/Engine/EngineMaterials/Substrate/Glints2/dict_0002_0233" 8953
"/Engine/EngineMaterials/Substrate/Glints2/dict_0002_0207" 8954
"../../../Engine/Content/EngineMaterials/Substrate/Glints2/dict_0002_0202.uasset" 8955
"../../../Engine/Content/EngineMaterials/Substrate/Glints2/dict_0002_0193.uasset" 8956
"../../../Engine/Content/EngineMaterials/Substrate/Glints2/dict_0002_0201.uasset" 8957
"../../../Engine/Content/EngineMaterials/Substrate/Glints2/dict_0002_0200.uasset" 8958
"/Engine/EngineMaterials/Substrate/Glints2/dict_0002_0224" 8959
"/Engine/EngineMaterials/Substrate/Glints2/dict_0002_0208" 8960
"/Engine/EngineMaterials/Substrate/Glints2/dict_0002_0209" 8961
"../../../Engine/Content/EngineMaterials/Substrate/Glints2/dict_0002_0196.uasset" 8962
"/Engine/EngineMaterials/Substrate/Glints2/dict_0002_0205" 8963
"/Engine/EngineMaterials/Substrate/Glints2/dict_0002_0210" 8964
"/Engine/EngineMaterials/Substrate/Glints2/dict_0002_0211" 8965
"../../../Engine/Content/EngineMaterials/Substrate/Glints2/dict_0002_0195.uasset" 8966
"/Engine/EngineMaterials/Substrate/Glints2/dict_0002_0213" 8967
"/Engine/EngineMaterials/Substrate/Glints2/dict_0002_0229" 8968
"../../../Engine/Content/EngineMaterials/Substrate/Glints2/dict_0002_0197.uasset" 8969
"/Engine/EngineMaterials/Substrate/Glints2/dict_0002_0193" 8970
"/Engine/EngineMaterials/Substrate/Glints2/dict_0002_0203" 8971
"/Engine/EngineMaterials/Substrate/Glints2/dict_0002_0195" 8972
"/Engine/EngineMaterials/Substrate/Glints2/dict_0002_0196" 8973
"../../../Engine/Content/EngineMaterials/Substrate/Glints2/dict_0002_0199.uasset" 8974
"../../../Engine/Content/EngineMaterials/Substrate/Glints2/dict_0002_0184.uasset" 8975
"../../../Engine/Content/EngineMaterials/Substrate/Glints2/dict_0002_0188.uasset" 8976
"../../../Engine/Content/EngineMaterials/Substrate/Glints2/dict_0002_0186.uasset" 8977
"../../../Engine/Content/EngineMaterials/Substrate/Glints2/dict_0002_0191.uasset" 8978
"../../../Engine/Content/EngineMaterials/Substrate/Glints2/dict_0002_0194.uasset" 8979
"/Engine/EngineMaterials/Substrate/Glints2/dict_0002_0204" 8980
"../../../Engine/Content/EngineMaterials/Substrate/Glints2/dict_0002_0192.uasset" 8981
"../../../Engine/Content/EngineMaterials/Substrate/Glints2/dict_0002_0189.uasset" 8982
"/Engine/EngineMaterials/Substrate/Glints2/dict_0002_0200" 8983
"../../../Engine/Content/EngineMaterials/Substrate/Glints2/dict_0002_0190.uasset" 8984
"../../../Engine/Content/EngineMaterials/Substrate/Glints2/dict_0002_0183.uasset" 8985
"../../../Engine/Content/EngineMaterials/Substrate/Glints2/dict_0002_0181.uasset" 8986
"/Engine/EngineMaterials/Substrate/Glints2/dict_0002_0201" 8987
"../../../Engine/Content/EngineMaterials/Substrate/Glints2/dict_0002_0187.uasset" 8988
"../../../Engine/Content/EngineMaterials/Substrate/Glints2/dict_0002_0185.uasset" 8989
"../../../Engine/Content/EngineMaterials/Substrate/Glints2/dict_0002_0198.uasset" 8990
"/Engine/EngineMaterials/Substrate/Glints2/dict_0002_0202" 8991
"/Engine/EngineMaterials/Substrate/Glints2/dict_0002_0181" 8992
"/Engine/EngineMaterials/Substrate/Glints2/dict_0002_0194" 8993
"/Engine/EngineMaterials/Substrate/Glints2/dict_0002_0197" 8994
"../../../Engine/Content/EngineMaterials/Substrate/Glints2/dict_0002_0182.uasset" 8995
"/Engine/EngineMaterials/Substrate/Glints2/dict_0002_0198" 8996
"/Engine/EngineMaterials/Substrate/Glints2/dict_0002_0183" 8997
"/Engine/EngineMaterials/Substrate/Glints2/dict_0002_0184" 8998
"/Engine/EngineMaterials/Substrate/Glints2/dict_0002_0185" 8999
"/Engine/EngineMaterials/Substrate/Glints2/dict_0002_0199" 9000
"../../../Engine/Content/EngineMaterials/Substrate/Glints2/dict_0002_0176.uasset" 9001
"../../../Engine/Content/EngineMaterials/Substrate/Glints2/dict_0002_0178.uasset" 9002
"../../../Engine/Content/EngineMaterials/Substrate/Glints2/dict_0002_0177.uasset" 9003
"../../../Engine/Content/EngineMaterials/Substrate/Glints2/dict_0002_0180.uasset" 9004
"/Engine/EngineMaterials/Substrate/Glints2/dict_0002_0186" 9005
"/Engine/EngineMaterials/Substrate/Glints2/dict_0002_0187" 9006
"/Engine/EngineMaterials/Substrate/Glints2/dict_0002_0188" 9007
"../../../Engine/Content/EngineMaterials/Substrate/Glints2/dict_0002_0241.uasset" 9008
"../../../Engine/Content/EngineMaterials/Substrate/Glints2/dict_0002_0172.uasset" 9009
"../../../Engine/Content/EngineMaterials/Substrate/Glints2/dict_0002_0212.uasset" 9010
"../../../Engine/Content/EngineMaterials/Substrate/Glints2/dict_0002_0235.uasset" 9011
"/Engine/EngineMaterials/Substrate/Glints2/dict_0002_0189" 9012
"/Engine/EngineMaterials/Substrate/Glints2/dict_0002_0190" 9013
"../../../Engine/Content/EngineMaterials/Substrate/Glints2/dict_0002_0174.uasset" 9014
"../../../Engine/Content/EngineMaterials/Substrate/Glints2/dict_0002_0175.uasset" 9015
"../../../Engine/Content/EngineMaterials/Substrate/Glints2/dict_0002_0168.uasset" 9016
"/Engine/EngineMaterials/Substrate/Glints2/dict_0002_0191" 9017
"../../../Engine/Content/EngineMaterials/Substrate/Glints2/dict_0002_0173.uasset" 9018
"/Engine/EngineMaterials/Substrate/Glints2/dict_0002_0192" 9019
"/Engine/EngineMaterials/Substrate/Glints2/dict_0002_0176" 9020
"/Engine/EngineMaterials/Substrate/Glints2/dict_0002_0177" 9021
"/Engine/EngineMaterials/Substrate/Glints2/dict_0002_0178" 9022
"/Engine/EngineMaterials/Substrate/Glints2/dict_0002_0180" 9023
"/Engine/EngineMaterials/Substrate/Glints2/dict_0002_0168" 9024
"/Engine/EngineMaterials/Substrate/Glints2/dict_0002_0182" 9025
"/Engine/EngineMaterials/Substrate/Glints2/dict_0002_0235" 9026
"/Engine/EngineMaterials/Substrate/Glints2/dict_0002_0172" 9027
"/Engine/EngineMaterials/Substrate/Glints2/dict_0002_0173" 9028
"/Engine/EngineMaterials/Substrate/Glints2/dict_0002_0174" 9029
"/Engine/EngineMaterials/Substrate/Glints2/dict_0002_0241" 9030
"/Engine/EngineMaterials/Substrate/Glints2/dict_0002_0175" 9031
"/Engine/EngineMaterials/Substrate/Glints2/dict_0002_0212" 9032
"../../../Engine/Content/EngineMaterials/Substrate/Glints2/dict_0002_0164.uasset" 9033
"/Engine/EngineMaterials/Substrate/Glints2/dict_0002_0164" 9034
"../../../Engine/Content/EngineMaterials/Substrate/Glints2/dict_0002_0167.uasset" 9035
"../../../Engine/Content/EngineMaterials/Substrate/Glints2/dict_0002_0179.uasset" 9036
"/Engine/EngineMaterials/Substrate/Glints2/dict_0002_0167" 9037
"/Engine/EngineMaterials/Substrate/Glints2/dict_0002_0179" 9038
"../../../Engine/Content/EngineMaterials/Substrate/Glints2/dict_0002_0166.uasset" 9039
"/Engine/EngineMaterials/Substrate/Glints2/dict_0002_0166" 9040
"../../../Engine/Content/EngineMaterials/Substrate/Glints2/dict_0002_0156.uasset" 9041
"../../../Engine/Content/EngineMaterials/Substrate/Glints2/dict_0002_0161.uasset" 9042
"../../../Engine/Content/EngineMaterials/Substrate/Glints2/dict_0002_0170.uasset" 9043
"../../../Engine/Content/EngineMaterials/Substrate/Glints2/dict_0002_0159.uasset" 9044
"../../../Engine/Content/EngineMaterials/Substrate/Glints2/dict_0002_0157.uasset" 9045
"../../../Engine/Content/EngineMaterials/Substrate/Glints2/dict_0002_0165.uasset" 9046
"../../../Engine/Content/EngineMaterials/Substrate/Glints2/dict_0002_0149.uasset" 9047
"../../../Engine/Content/EngineMaterials/Substrate/Glints2/dict_0002_0148.uasset" 9048
"../../../Engine/Content/EngineMaterials/Substrate/Glints2/dict_0002_0163.uasset" 9049
"../../../Engine/Content/EngineMaterials/Substrate/Glints2/dict_0002_0158.uasset" 9050
"../../../Engine/Content/EngineMaterials/Substrate/Glints2/dict_0002_0153.uasset" 9051
"/Engine/EngineMaterials/Substrate/Glints2/dict_0002_0153" 9052
"../../../Engine/Content/EngineMaterials/Substrate/Glints2/dict_0002_0150.uasset" 9053
"/Engine/EngineMaterials/Substrate/Glints2/dict_0002_0170" 9054
"../../../Engine/Content/EngineMaterials/Substrate/Glints2/dict_0002_0154.uasset" 9055
"../../../Engine/Content/EngineMaterials/Substrate/Glints2/dict_0002_0162.uasset" 9056
"../../../Engine/Content/EngineMaterials/Substrate/Glints2/dict_0002_0155.uasset" 9057
"../../../Engine/Content/EngineMaterials/Substrate/Glints2/dict_0002_0151.uasset" 9058
"../../../Engine/Content/EngineMaterials/Substrate/Glints2/dict_0002_0147.uasset" 9059
"../../../Engine/Content/EngineMaterials/Substrate/Glints2/dict_0002_0143.uasset" 9060
"../../../Engine/Content/EngineMaterials/Substrate/Glints2/dict_0002_0146.uasset" 9061
"../../../Engine/Content/EngineMaterials/Substrate/Glints2/dict_0002_0144.uasset" 9062
"../../../Engine/Content/EngineMaterials/Substrate/Glints2/dict_0002_0152.uasset" 9063
"../../../Engine/Content/EngineMaterials/Substrate/Glints2/dict_0002_0171.uasset" 9064
"/Engine/EngineMaterials/Substrate/Glints2/dict_0002_0156" 9065
"/Engine/EngineMaterials/Substrate/Glints2/dict_0002_0157" 9066
"../../../Engine/Content/EngineMaterials/Substrate/Glints2/dict_0002_0142.uasset" 9067
"../../../Engine/Content/EngineMaterials/Substrate/Glints2/dict_0002_0145.uasset" 9068
"/Engine/EngineMaterials/Substrate/Glints2/dict_0002_0158" 9069
"../../../Engine/Content/EngineMaterials/Substrate/Glints2/dict_0002_0138.uasset" 9070
"../../../Engine/Content/EngineMaterials/Substrate/Glints2/dict_0002_0140.uasset" 9071
"../../../Engine/Content/EngineMaterials/Substrate/Glints2/dict_0002_0160.uasset" 9072
"/Engine/EngineMaterials/Substrate/Glints2/dict_0002_0159" 9073
"/Engine/EngineMaterials/Substrate/Glints2/dict_0002_0161" 9074
"/Engine/EngineMaterials/Substrate/Glints2/dict_0002_0148" 9075
"../../../Engine/Content/EngineMaterials/Substrate/Glints2/dict_0002_0141.uasset" 9076
"/Engine/EngineMaterials/Substrate/Glints2/dict_0002_0163" 9077
"/Engine/EngineMaterials/Substrate/Glints2/dict_0002_0149" 9078
"/Engine/EngineMaterials/Substrate/Glints2/dict_0002_0165" 9079
"../../../Engine/Content/EngineMaterials/Substrate/Glints2/dict_0002_0137.uasset" 9080
"/Engine/EngineMaterials/Substrate/Glints2/dict_0002_0140" 9081
"../../../Engine/Content/EngineMaterials/Substrate/Glints2/dict_0002_0136.uasset" 9082
"/Engine/EngineMaterials/Substrate/Glints2/dict_0002_0141" 9083
"../../../Engine/Content/EngineMaterials/Substrate/Glints2/dict_0002_0139.uasset" 9084
"/Engine/EngineMaterials/Substrate/Glints2/dict_0002_0142" 9085
"/Engine/EngineMaterials/Substrate/Glints2/dict_0002_0137" 9086
"/Engine/EngineMaterials/Substrate/Glints2/dict_0002_0143" 9087
"/Engine/EngineMaterials/Substrate/Glints2/dict_0002_0144" 9088
"/Engine/EngineMaterials/Substrate/Glints2/dict_0002_0154" 9089
"/Engine/EngineMaterials/Substrate/Glints2/dict_0002_0171" 9090
"/Engine/EngineMaterials/Substrate/Glints2/dict_0002_0155" 9091
"/Engine/EngineMaterials/Substrate/Glints2/dict_0002_0145" 9092
"/Engine/EngineMaterials/Substrate/Glints2/dict_0002_0146" 9093
"../../../Engine/Content/EngineMaterials/Substrate/Glints2/dict_0002_0133.uasset" 9094
"../../../Engine/Content/EngineMaterials/Substrate/Glints2/dict_0002_0134.uasset" 9095
"/Engine/EngineMaterials/Substrate/Glints2/dict_0002_0160" 9096
"../../../Engine/Content/EngineMaterials/Substrate/Glints2/dict_0002_0135.uasset" 9097
"../../../Engine/Content/EngineMaterials/Substrate/Glints2/dict_0002_0130.uasset" 9098
"../../../Engine/Content/EngineMaterials/Substrate/Glints2/dict_0002_0132.uasset" 9099
"../../../Engine/Content/EngineMaterials/Substrate/Glints2/dict_0002_0129.uasset" 9100
"/Engine/EngineMaterials/Substrate/Glints2/dict_0002_0147" 9101
"../../../Engine/Content/EngineMaterials/Substrate/Glints2/dict_0002_0131.uasset" 9102
"/Engine/EngineMaterials/Substrate/Glints2/dict_0002_0162" 9103
"../../../Engine/Content/EngineMaterials/Substrate/Glints2/dict_0002_0169.uasset" 9104
"/Engine/EngineMaterials/Substrate/Glints2/dict_0002_0150" 9105
"/Engine/EngineMaterials/Substrate/Glints2/dict_0002_0151" 9106
"/Engine/EngineMaterials/Substrate/Glints2/dict_0002_0152" 9107
"/Engine/EngineMaterials/Substrate/Glints2/dict_0002_0138" 9108
"../../../Engine/Content/EngineMaterials/Substrate/Glints2/dict_0002_0128.uasset" 9109
"/Engine/EngineMaterials/Substrate/Glints2/dict_0002_0169" 9110
"/Engine/EngineMaterials/Substrate/Glints2/dict_0002_0128" 9111
"/Engine/EngineMaterials/Substrate/Glints2/dict_0002_0129" 9112
"/Engine/EngineMaterials/Substrate/Glints2/dict_0002_0130" 9113
"/Engine/EngineMaterials/Substrate/Glints2/dict_0002_0131" 9114
"/Engine/EngineMaterials/Substrate/Glints2/dict_0002_0132" 9115
"/Engine/EngineMaterials/Substrate/Glints2/dict_0002_0133" 9116
"/Engine/EngineMaterials/Substrate/Glints2/dict_0002_0139" 9117
"/Engine/EngineMaterials/Substrate/Glints2/dict_0002_0134" 9118
"/Engine/EngineMaterials/Substrate/Glints2/dict_0002_0135" 9119
"/Engine/EngineMaterials/Substrate/Glints2/dict_0002_0136" 9120
"../../../Engine/Content/EngineMaterials/Substrate/Glints2/dict_0002_0119.uasset" 9121
"../../../Engine/Content/EngineMaterials/Substrate/Glints2/dict_0002_0120.uasset" 9122
"/Engine/EngineMaterials/Substrate/Glints2/dict_0002_0119" 9123
"../../../Engine/Content/EngineMaterials/Substrate/Glints2/dict_0002_0124.uasset" 9124
"../../../Engine/Content/EngineMaterials/Substrate/Glints2/dict_0002_0122.uasset" 9125
"/Engine/EngineMaterials/Substrate/Glints2/dict_0002_0120" 9126
"../../../Engine/Content/EngineMaterials/Substrate/Glints2/dict_0002_0127.uasset" 9127
"../../../Engine/Content/EngineMaterials/Substrate/Glints2/dict_0002_0126.uasset" 9128
"../../../Engine/Content/EngineMaterials/Substrate/Glints2/dict_0002_0125.uasset" 9129
"/Engine/EngineMaterials/Substrate/Glints2/dict_0002_0122" 9130
"../../../Engine/Content/EngineMaterials/Substrate/Glints2/dict_0002_0123.uasset" 9131
"../../../Engine/Content/EngineMaterials/Substrate/Glints2/dict_0002_0121.uasset" 9132
"../../../Engine/Content/EngineMaterials/Substrate/Glints2/dict_0002_0114.uasset" 9133
"../../../Engine/Content/EngineMaterials/Substrate/Glints2/dict_0002_0112.uasset" 9134
"../../../Engine/Content/EngineMaterials/Substrate/Glints2/dict_0002_0113.uasset" 9135
"../../../Engine/Content/EngineMaterials/Substrate/Glints2/dict_0002_0102.uasset" 9136
"/Engine/EngineMaterials/Substrate/Glints2/dict_0002_0124" 9137
"../../../Engine/Content/EngineMaterials/Substrate/Glints2/dict_0002_0115.uasset" 9138
"../../../Engine/Content/EngineMaterials/Substrate/Glints2/dict_0002_0111.uasset" 9139
"../../../Engine/Content/EngineMaterials/Substrate/Glints2/dict_0002_0117.uasset" 9140
"/Engine/EngineMaterials/Substrate/Glints2/dict_0002_0112" 9141
"../../../Engine/Content/EngineMaterials/Substrate/Glints2/dict_0002_0110.uasset" 9142
"../../../Engine/Content/EngineMaterials/Substrate/Glints2/dict_0002_0098.uasset" 9143
"../../../Engine/Content/EngineMaterials/Substrate/Glints2/dict_0002_0109.uasset" 9144
"../../../Engine/Content/EngineMaterials/Substrate/Glints2/dict_0002_0116.uasset" 9145
"/Engine/EngineMaterials/Substrate/Glints2/dict_0002_0125" 9146
"../../../Engine/Content/EngineMaterials/Substrate/Glints2/dict_0002_0096.uasset" 9147
"/Engine/EngineMaterials/Substrate/Glints2/dict_0002_0113" 9148
"../../../Engine/Content/EngineMaterials/Substrate/Glints2/dict_0002_0095.uasset" 9149
"/Engine/EngineMaterials/Substrate/Glints2/dict_0002_0126" 9150
"../../../Engine/Content/EngineMaterials/Substrate/Glints2/dict_0002_0099.uasset" 9151
"/Engine/EngineMaterials/Substrate/Glints2/dict_0002_0114" 9152
"../../../Engine/Content/EngineMaterials/Substrate/Glints2/dict_0002_0107.uasset" 9153
"../../../Engine/Content/EngineMaterials/Substrate/Glints2/dict_0002_0108.uasset" 9154
"/Engine/EngineMaterials/Substrate/Glints2/dict_0002_0115" 9155
"../../../Engine/Content/EngineMaterials/Substrate/Glints2/dict_0002_0097.uasset" 9156
"/Engine/EngineMaterials/Substrate/Glints2/dict_0002_0127" 9157
"/Engine/EngineMaterials/Substrate/Glints2/dict_0002_0102" 9158
"../../../Engine/Content/EngineMaterials/Substrate/Glints2/dict_0002_0100.uasset" 9159
"/Engine/EngineMaterials/Substrate/Glints2/dict_0002_0121" 9160
"../../../Engine/Content/EngineMaterials/Substrate/Glints2/dict_0002_0101.uasset" 9161
"/Engine/EngineMaterials/Substrate/Glints2/dict_0002_0123" 9162
"../../../Engine/Content/EngineMaterials/Substrate/Glints2/dict_0002_0092.uasset" 9163
"../../../Engine/Content/EngineMaterials/Substrate/Glints2/dict_0002_0094.uasset" 9164
"../../../Engine/Content/EngineMaterials/Substrate/Glints2/dict_0002_0106.uasset" 9165
"/Engine/EngineMaterials/Substrate/Glints2/dict_0002_0107" 9166
"../../../Engine/Content/EngineMaterials/Substrate/Glints2/dict_0002_0093.uasset" 9167
"/Engine/EngineMaterials/Substrate/Glints2/dict_0002_0108" 9168
"../../../Engine/Content/EngineMaterials/Substrate/Glints2/dict_0002_0118.uasset" 9169
"/Engine/EngineMaterials/Substrate/Glints2/dict_0002_0109" 9170
"/Engine/EngineMaterials/Substrate/Glints2/dict_0002_0110" 9171
"/Engine/EngineMaterials/Substrate/Glints2/dict_0002_0111" 9172
"/Engine/EngineMaterials/Substrate/Glints2/dict_0002_0096" 9173
"/Engine/EngineMaterials/Substrate/Glints2/dict_0002_0116" 9174
"/Engine/EngineMaterials/Substrate/Glints2/dict_0002_0097" 9175
"../../../Engine/Content/EngineMaterials/Substrate/Glints2/dict_0002_0086.uasset" 9176
"../../../Engine/Content/EngineMaterials/Substrate/Glints2/dict_0002_0090.uasset" 9177
"../../../Engine/Content/EngineMaterials/Substrate/Glints2/dict_0002_0089.uasset" 9178
"../../../Engine/Content/EngineMaterials/Substrate/Glints2/dict_0002_0105.uasset" 9179
"/Engine/EngineMaterials/Substrate/Glints2/dict_0002_0098" 9180
"../../../Engine/Content/EngineMaterials/Substrate/Glints2/dict_0002_0087.uasset" 9181
"../../../Engine/Content/EngineMaterials/Substrate/Glints2/dict_0002_0103.uasset" 9182
"../../../Engine/Content/EngineMaterials/Substrate/Glints2/dict_0002_0104.uasset" 9183
"/Engine/EngineMaterials/Substrate/Glints2/dict_0002_0099" 9184
"/Engine/EngineMaterials/Substrate/Glints2/dict_0002_0117" 9185
"/Engine/EngineMaterials/Substrate/Glints2/dict_0002_0100" 9186
"/Engine/EngineMaterials/Substrate/Glints2/dict_0002_0095" 9187
"../../../Engine/Content/EngineMaterials/Substrate/Glints2/dict_0002_0088.uasset" 9188
"/Engine/EngineMaterials/Substrate/Glints2/dict_0002_0101" 9189
"/Engine/EngineMaterials/Substrate/Glints2/dict_0002_0092" 9190
"/Engine/EngineMaterials/Substrate/Glints2/dict_0002_0106" 9191
"../../../Engine/Content/EngineMaterials/Substrate/Glints2/dict_0002_0085.uasset" 9192
"/Engine/EngineMaterials/Substrate/Glints2/dict_0002_0094" 9193
"../../../Engine/Content/EngineMaterials/Substrate/Glints2/dict_0002_0084.uasset" 9194
"/Engine/EngineMaterials/Substrate/Glints2/dict_0002_0084" 9195
"/Engine/EngineMaterials/Substrate/Glints2/dict_0002_0085" 9196
"/Engine/EngineMaterials/Substrate/Glints2/dict_0002_0086" 9197
"/Engine/EngineMaterials/Substrate/Glints2/dict_0002_0087" 9198
"/Engine/EngineMaterials/Substrate/Glints2/dict_0002_0088" 9199
"../../../Engine/Content/EngineMaterials/Substrate/Glints2/dict_0002_0080.uasset" 9200
"../../../Engine/Content/EngineMaterials/Substrate/Glints2/dict_0002_0079.uasset" 9201
"../../../Engine/Content/EngineMaterials/Substrate/Glints2/dict_0002_0091.uasset" 9202
"../../../Engine/Content/EngineMaterials/Substrate/Glints2/dict_0002_0083.uasset" 9203
"../../../Engine/Content/EngineMaterials/Substrate/Glints2/dict_0002_0082.uasset" 9204
"/Engine/EngineMaterials/Substrate/Glints2/dict_0002_0118" 9205
"../../../Engine/Content/EngineMaterials/Substrate/Glints2/dict_0002_0081.uasset" 9206
"../../../Engine/Content/EngineMaterials/Substrate/Glints2/dict_0002_0076.uasset" 9207
"/Engine/EngineMaterials/Substrate/Glints2/dict_0002_0089" 9208
"/Engine/EngineMaterials/Substrate/Glints2/dict_0002_0103" 9209
"../../../Engine/Content/EngineMaterials/Substrate/Glints2/dict_0002_0072.uasset" 9210
"/Engine/EngineMaterials/Substrate/Glints2/dict_0002_0104" 9211
"/Engine/EngineMaterials/Substrate/Glints2/dict_0002_0090" 9212
"../../../Engine/Content/EngineMaterials/Substrate/Glints2/dict_0002_0073.uasset" 9213
"../../../Engine/Content/EngineMaterials/Substrate/Glints2/dict_0002_0077.uasset" 9214
"../../../Engine/Content/EngineMaterials/Substrate/Glints2/dict_0002_0075.uasset" 9215
"../../../Engine/Content/EngineMaterials/Substrate/Glints2/dict_0002_0069.uasset" 9216
"/Engine/EngineMaterials/Substrate/Glints2/dict_0002_0105" 9217
"../../../Engine/Content/EngineMaterials/Substrate/Glints2/dict_0002_0071.uasset" 9218
"../../../Engine/Content/EngineMaterials/Substrate/Glints2/dict_0002_0078.uasset" 9219
"../../../Engine/Content/EngineMaterials/Substrate/Glints2/dict_0002_0067.uasset" 9220
"../../../Engine/Content/EngineMaterials/Substrate/Glints2/dict_0002_0074.uasset" 9221
"../../../Engine/Content/EngineMaterials/Substrate/Glints2/dict_0002_0070.uasset" 9222
"/Engine/EngineMaterials/Substrate/Glints2/dict_0002_0093" 9223
"/Engine/EngineMaterials/Substrate/Glints2/dict_0002_0067" 9224
"../../../Engine/Content/EngineMaterials/Substrate/Glints2/dict_0002_0068.uasset" 9225
"/Engine/EngineMaterials/Substrate/Glints2/dict_0002_0069" 9226
"../../../Engine/Content/EngineMaterials/Substrate/Glints2/dict_0002_0066.uasset" 9227
"../../../Engine/Content/EngineMaterials/Substrate/Glints2/dict_0002_0065.uasset" 9228
"/Engine/EngineMaterials/Substrate/Glints2/dict_0002_0082" 9229
"/Engine/EngineMaterials/Substrate/Glints2/dict_0002_0083" 9230
"/Engine/EngineMaterials/Substrate/Glints2/dict_0002_0070" 9231
"/Engine/EngineMaterials/Substrate/Glints2/dict_0002_0071" 9232
"/Engine/EngineMaterials/Substrate/Glints2/dict_0002_0072" 9233
"/Engine/EngineMaterials/Substrate/Glints2/dict_0002_0073" 9234
"/Engine/EngineMaterials/Substrate/Glints2/dict_0002_0074" 9235
"/Engine/EngineMaterials/Substrate/Glints2/dict_0002_0075" 9236
"/Engine/EngineMaterials/Substrate/Glints2/dict_0002_0076" 9237
"../../../Engine/Content/EngineMaterials/Substrate/Glints2/dict_0002_0063.uasset" 9238
"../../../Engine/Content/EngineMaterials/Substrate/Glints2/dict_0002_0055.uasset" 9239
"/Engine/EngineMaterials/Substrate/Glints2/dict_0002_0077" 9240
"../../../Engine/Content/EngineMaterials/Substrate/Glints2/dict_0002_0059.uasset" 9241
"../../../Engine/Content/EngineMaterials/Substrate/Glints2/dict_0002_0057.uasset" 9242
"../../../Engine/Content/EngineMaterials/Substrate/Glints2/dict_0002_0064.uasset" 9243
"../../../Engine/Content/EngineMaterials/Substrate/Glints2/dict_0002_0061.uasset" 9244
"../../../Engine/Content/EngineMaterials/Substrate/Glints2/dict_0002_0060.uasset" 9245
"/Engine/EngineMaterials/Substrate/Glints2/dict_0002_0078" 9246
"../../../Engine/Content/EngineMaterials/Substrate/Glints2/dict_0002_0053.uasset" 9247
"/Engine/EngineMaterials/Substrate/Glints2/dict_0002_0079" 9248
"../../../Engine/Content/EngineMaterials/Substrate/Glints2/dict_0002_0056.uasset" 9249
"../../../Engine/Content/EngineMaterials/Substrate/Glints2/dict_0002_0062.uasset" 9250
"../../../Engine/Content/EngineMaterials/Substrate/Glints2/dict_0002_0058.uasset" 9251
"/Engine/EngineMaterials/Substrate/Glints2/dict_0002_0091" 9252
"/Engine/EngineMaterials/Substrate/Glints2/dict_0002_0080" 9253
"/Engine/EngineMaterials/Substrate/Glints2/dict_0002_0081" 9254
"/Engine/EngineMaterials/Substrate/Glints2/dict_0002_0065" 9255
"/Engine/EngineMaterials/Substrate/Glints2/dict_0002_0066" 9256
"/Engine/EngineMaterials/Substrate/Glints2/dict_0002_0068" 9257
"/Engine/EngineMaterials/Substrate/Glints2/dict_0002_0053" 9258
"/Engine/EngineMaterials/Substrate/Glints2/dict_0002_0055" 9259
"../../../Engine/Content/EngineMaterials/Substrate/Glints2/dict_0002_0054.uasset" 9260
"/Engine/EngineMaterials/Substrate/Glints2/dict_0002_0056" 9261
"/Engine/EngineMaterials/Substrate/Glints2/dict_0002_0057" 9262
"/Engine/EngineMaterials/Substrate/Glints2/dict_0002_0058" 9263
"/Engine/EngineMaterials/Substrate/Glints2/dict_0002_0059" 9264
"/Engine/EngineMaterials/Substrate/Glints2/dict_0002_0060" 9265
"/Engine/EngineMaterials/Substrate/Glints2/dict_0002_0061" 9266
"/Engine/EngineMaterials/Substrate/Glints2/dict_0002_0062" 9267
"../../../Engine/Content/EngineMaterials/Substrate/Glints2/dict_0002_0052.uasset" 9268
"../../../Engine/Content/EngineMaterials/Substrate/Glints2/dict_0002_0046.uasset" 9269
"/Engine/EngineMaterials/Substrate/Glints2/dict_0002_0063" 9270
"/Engine/EngineMaterials/Substrate/Glints2/dict_0002_0064" 9271
"../../../Engine/Content/EngineMaterials/Substrate/Glints2/dict_0002_0045.uasset" 9272
"/Engine/EngineMaterials/Substrate/Glints2/dict_0002_0054" 9273
"../../../Engine/Content/EngineMaterials/Substrate/Glints2/dict_0002_0051.uasset" 9274
"/Engine/EngineMaterials/Substrate/Glints2/dict_0002_0045" 9275
"/Engine/EngineMaterials/Substrate/Glints2/dict_0002_0046" 9276
"/Engine/EngineMaterials/Substrate/Glints2/dict_0002_0052" 9277
"../../../Engine/Content/EngineMaterials/Substrate/Glints2/dict_0002_0036.uasset" 9278
"/Engine/EngineMaterials/Substrate/Glints2/dict_0002_0036" 9279
"/Engine/EngineMaterials/Substrate/Glints2/dict_0002_0051" 9280
"../../../Engine/Content/EngineMaterials/Substrate/Glints2/dict_0002_0044.uasset" 9281
"../../../Engine/Content/EngineMaterials/Substrate/Glints2/dict_0002_0049.uasset" 9282
"../../../Engine/Content/EngineMaterials/Substrate/Glints2/dict_0002_0042.uasset" 9283
"../../../Engine/Content/EngineMaterials/Substrate/Glints2/dict_0002_0035.uasset" 9284
"../../../Engine/Content/EngineMaterials/Substrate/Glints2/dict_0002_0037.uasset" 9285
"../../../Engine/Content/EngineMaterials/Substrate/Glints2/dict_0002_0034.uasset" 9286
"../../../Engine/Content/EngineMaterials/Substrate/Glints2/dict_0002_0039.uasset" 9287
"../../../Engine/Content/EngineMaterials/Substrate/Glints2/dict_0002_0033.uasset" 9288
"../../../Engine/Content/EngineMaterials/Substrate/Glints2/dict_0002_0032.uasset" 9289
"../../../Engine/Content/EngineMaterials/Substrate/Glints2/dict_0002_0038.uasset" 9290
"../../../Engine/Content/EngineMaterials/Substrate/Glints2/dict_0002_0030.uasset" 9291
"../../../Engine/Content/EngineMaterials/Substrate/Glints2/dict_0002_0031.uasset" 9292
"../../../Engine/Content/EngineMaterials/Substrate/Glints2/dict_0002_0047.uasset" 9293
"/Engine/EngineMaterials/Substrate/Glints2/dict_0002_0037" 9294
"/Engine/EngineMaterials/Substrate/Glints2/dict_0002_0038" 9295
"../../../Engine/Content/EngineMaterials/Substrate/Glints2/dict_0002_0022.uasset" 9296
"/Engine/EngineMaterials/Substrate/Glints2/dict_0002_0039" 9297
"../../../Engine/Content/EngineMaterials/Substrate/Glints2/dict_0002_0040.uasset" 9298
"../../../Engine/Content/EngineMaterials/Substrate/Glints2/dict_0002_0024.uasset" 9299
"/Engine/EngineMaterials/Substrate/Glints2/dict_0002_0042" 9300
"../../../Engine/Content/EngineMaterials/Substrate/Glints2/dict_0002_0017.uasset" 9301
"../../../Engine/Content/EngineMaterials/Substrate/Glints2/dict_0002_0027.uasset" 9302
"../../../Engine/Content/EngineMaterials/Substrate/Glints2/dict_0002_0048.uasset" 9303
"../../../Engine/Content/EngineMaterials/Substrate/Glints2/dict_0002_0018.uasset" 9304
"../../../Engine/Content/EngineMaterials/Substrate/Glints2/dict_0002_0020.uasset" 9305
"../../../Engine/Content/EngineMaterials/Substrate/Glints2/dict_0002_0025.uasset" 9306
"../../../Engine/Content/EngineMaterials/Substrate/Glints2/dict_0002_0043.uasset" 9307
"../../../Engine/Content/EngineMaterials/Substrate/Glints2/dict_0002_0028.uasset" 9308
"../../../Engine/Content/EngineMaterials/Substrate/Glints2/dict_0002_0050.uasset" 9309
"/Engine/EngineMaterials/Substrate/Glints2/dict_0002_0044" 9310
"../../../Engine/Content/EngineMaterials/Substrate/Glints2/dict_0002_0041.uasset" 9311
"../../../Engine/Content/EngineMaterials/Substrate/Glints2/dict_0002_0026.uasset" 9312
"../../../Engine/Content/EngineMaterials/Substrate/Glints2/dict_0002_0029.uasset" 9313
"/Engine/EngineMaterials/Substrate/Glints2/dict_0002_0047" 9314
"../../../Engine/Content/EngineMaterials/Substrate/Glints2/dict_0002_0021.uasset" 9315
"/Engine/EngineMaterials/Substrate/Glints2/dict_0002_0049" 9316
"../../../Engine/Content/EngineMaterials/Substrate/Glints2/dict_0002_0016.uasset" 9317
"/Engine/EngineMaterials/Substrate/Glints2/dict_0002_0030" 9318
"../../../Engine/Content/EngineMaterials/Substrate/Glints2/dict_0002_0023.uasset" 9319
"/Engine/EngineMaterials/Substrate/Glints2/dict_0002_0031" 9320
"/Engine/EngineMaterials/Substrate/Glints2/dict_0002_0032" 9321
"../../../Engine/Content/EngineMaterials/Substrate/Glints2/dict_0002_0019.uasset" 9322
"/Engine/EngineMaterials/Substrate/Glints2/dict_0002_0033" 9323
"/Engine/EngineMaterials/Substrate/Glints2/dict_0002_0034" 9324
"/Engine/EngineMaterials/Substrate/Glints2/dict_0002_0035" 9325
"/Engine/EngineMaterials/Substrate/Glints2/dict_0002_0022" 9326
"/Engine/EngineMaterials/Substrate/Glints2/dict_0002_0023" 9327
"/Engine/EngineMaterials/Substrate/Glints2/dict_0002_0016" 9328
"/Engine/EngineMaterials/Substrate/Glints2/dict_0002_0024" 9329
"/Engine/EngineMaterials/Substrate/Glints2/dict_0002_0025" 9330
"/Engine/EngineMaterials/Substrate/Glints2/dict_0002_0040" 9331
"/Engine/EngineMaterials/Substrate/Glints2/dict_0002_0018" 9332
"/Engine/EngineMaterials/Substrate/Glints2/dict_0002_0026" 9333
"/Engine/EngineMaterials/Substrate/Glints2/dict_0002_0027" 9334
"/Engine/EngineMaterials/Substrate/Glints2/dict_0002_0041" 9335
"/Engine/EngineMaterials/Substrate/Glints2/dict_0002_0028" 9336
"../../../Engine/Content/EngineMaterials/Substrate/Glints2/dict_0002_0014.uasset" 9337
"../../../Engine/Content/EngineMaterials/Substrate/Glints2/dict_0002_0015.uasset" 9338
"/Engine/EngineMaterials/Substrate/Glints2/dict_0002_0043" 9339
"../../../Engine/Content/EngineMaterials/Substrate/Glints2/dict_0002_0012.uasset" 9340
"../../../Engine/Content/EngineMaterials/Substrate/Glints2/dict_0002_0010.uasset" 9341
"../../../Engine/Content/EngineMaterials/Substrate/Glints2/dict_0002_0009.uasset" 9342
"../../../Engine/Content/EngineMaterials/Substrate/Glints2/dict_0002_0011.uasset" 9343
"/Engine/EngineMaterials/Substrate/Glints2/dict_0002_0019" 9344
"/Engine/EngineMaterials/Substrate/Glints2/dict_0002_0029" 9345
"/Engine/EngineMaterials/Substrate/Glints2/dict_0002_0020" 9346
"/Engine/EngineMaterials/Substrate/Glints2/dict_0002_0048" 9347
"../../../Engine/Content/EngineMaterials/Substrate/Glints2/dict_0002_0008.uasset" 9348
"../../../Engine/Content/EngineMaterials/Substrate/Glints2/dict_0002_0013.uasset" 9349
"../../../Engine/Content/EngineMaterials/Substrate/Glints2/dict_0002_0007.uasset" 9350
"../../../Engine/Content/EngineMaterials/Substrate/Glints2/dict_0002_0004.uasset" 9351
"/Engine/EngineMaterials/Substrate/Glints2/dict_0002_0050" 9352
"/Engine/EngineMaterials/Substrate/Glints2/dict_0002_0017" 9353
"/Engine/EngineMaterials/Substrate/Glints2/dict_0002_0021" 9354
"/Engine/EngineMaterials/Substrate/Glints2/dict_0002_0004" 9355
"../../../Engine/Content/EngineMaterials/Substrate/Glints2/dict_0002_0005.uasset" 9356
"/Engine/EngineMaterials/Substrate/Glints2/dict_0002_0007" 9357
"/Engine/EngineMaterials/Substrate/Glints2/dict_0002_0008" 9358
"/Engine/EngineMaterials/Substrate/Glints2/dict_0002_0009" 9359
"/Engine/EngineMaterials/Substrate/Glints2/dict_0002_0010" 9360
"/Engine/EngineMaterials/Substrate/Glints2/dict_0002_0011" 9361
"/Engine/EngineMaterials/Substrate/Glints2/dict_0002_0012" 9362
"/Engine/EngineMaterials/Substrate/Glints2/dict_0002_0013" 9363
"/Engine/EngineMaterials/Substrate/Glints2/dict_0002_0014" 9364
"/Engine/EngineMaterials/Substrate/Glints2/dict_0002_0015" 9365
"../../../Engine/Content/EngineMaterials/Substrate/Glints2/dict_0002_0003.uasset" 9366
"/Engine/EngineMaterials/Substrate/Glints2/dict_0002_0005" 9367
"../../../Engine/Content/EngineMaterials/Substrate/Glints2/dict_0002_0002.uasset" 9368
"../../../Engine/Content/EngineMaterials/Substrate/Glints2/dict_0002_0001.uasset" 9369
"../../../Engine/Content/EngineMaterials/Substrate/Glints2/dict_0001_0250.uasset" 9370
"/Engine/EngineMaterials/Substrate/Glints2/dict_0002_0003" 9371
"/Engine/EngineMaterials/Substrate/Glints2/dict_0002_0002" 9372
"/Engine/EngineMaterials/Substrate/Glints2/dict_0001_0250" 9373
"../../../Engine/Content/EngineMaterials/Substrate/Glints2/dict_0002_0000.uasset" 9374
"../../../Engine/Content/EngineMaterials/Substrate/Glints2/dict_0001_0246.uasset" 9375
"../../../Engine/Content/EngineMaterials/Substrate/Glints2/dict_0001_0255.uasset" 9376
"../../../Engine/Content/EngineMaterials/Substrate/Glints2/dict_0001_0253.uasset" 9377
"../../../Engine/Content/EngineMaterials/Substrate/Glints2/dict_0001_0248.uasset" 9378
"../../../Engine/Content/EngineMaterials/Substrate/Glints2/dict_0002_0006.uasset" 9379
"../../../Engine/Content/EngineMaterials/Substrate/Glints2/dict_0001_0243.uasset" 9380
"../../../Engine/Content/EngineMaterials/Substrate/Glints2/dict_0001_0251.uasset" 9381
"../../../Engine/Content/EngineMaterials/Substrate/Glints2/dict_0001_0244.uasset" 9382
"../../../Engine/Content/EngineMaterials/Substrate/Glints2/dict_0001_0245.uasset" 9383
"../../../Engine/Content/EngineMaterials/Substrate/Glints2/dict_0001_0254.uasset" 9384
"../../../Engine/Content/EngineMaterials/Substrate/Glints2/dict_0001_0239.uasset" 9385
"/Engine/EngineMaterials/Substrate/Glints2/dict_0002_0001" 9386
"../../../Engine/Content/EngineMaterials/Substrate/Glints2/dict_0001_0238.uasset" 9387
"../../../Engine/Content/EngineMaterials/Substrate/Glints2/dict_0001_0242.uasset" 9388
"../../../Engine/Content/EngineMaterials/Substrate/Glints2/dict_0001_0249.uasset" 9389
"../../../Engine/Content/EngineMaterials/Substrate/Glints2/dict_0001_0240.uasset" 9390
"../../../Engine/Content/EngineMaterials/Substrate/Glints2/dict_0001_0247.uasset" 9391
"../../../Engine/Content/EngineMaterials/Substrate/Glints2/dict_0001_0252.uasset" 9392
"/Engine/EngineMaterials/Substrate/Glints2/dict_0001_0243" 9393
"../../../Engine/Content/EngineMaterials/Substrate/Glints2/dict_0001_0235.uasset" 9394
"../../../Engine/Content/EngineMaterials/Substrate/Glints2/dict_0001_0236.uasset" 9395
"../../../Engine/Content/EngineMaterials/Substrate/Glints2/dict_0001_0241.uasset" 9396
"../../../Engine/Content/EngineMaterials/Substrate/Glints2/dict_0001_0237.uasset" 9397
"/Engine/EngineMaterials/Substrate/Glints2/dict_0001_0244" 9398
"../../../Engine/Content/EngineMaterials/Substrate/Glints2/dict_0001_0232.uasset" 9399
"/Engine/EngineMaterials/Substrate/Glints2/dict_0001_0245" 9400
"../../../Engine/Content/EngineMaterials/Substrate/Glints2/dict_0001_0229.uasset" 9401
"/Engine/EngineMaterials/Substrate/Glints2/dict_0001_0246" 9402
"../../../Engine/Content/EngineMaterials/Substrate/Glints2/dict_0001_0230.uasset" 9403
"/Engine/EngineMaterials/Substrate/Glints2/dict_0001_0248" 9404
"../../../Engine/Content/EngineMaterials/Substrate/Glints2/dict_0001_0233.uasset" 9405
"../../../Engine/Content/EngineMaterials/Substrate/Glints2/dict_0001_0231.uasset" 9406
"../../../Engine/Content/EngineMaterials/Substrate/Glints2/dict_0001_0228.uasset" 9407
"/Engine/EngineMaterials/Substrate/Glints2/dict_0001_0249" 9408
"/Engine/EngineMaterials/Substrate/Glints2/dict_0002_0006" 9409
"../../../Engine/Content/EngineMaterials/Substrate/Glints2/dict_0001_0227.uasset" 9410
"/Engine/EngineMaterials/Substrate/Glints2/dict_0001_0251" 9411
"/Engine/EngineMaterials/Substrate/Glints2/dict_0001_0253" 9412
"../../../Engine/Content/EngineMaterials/Substrate/Glints2/dict_0001_0234.uasset" 9413
"../../../Engine/Content/EngineMaterials/Substrate/Glints2/dict_0001_0225.uasset" 9414
"../../../Engine/Content/EngineMaterials/Substrate/Glints2/dict_0001_0226.uasset" 9415
"/Engine/EngineMaterials/Substrate/Glints2/dict_0001_0254" 9416
"/Engine/EngineMaterials/Substrate/Glints2/dict_0001_0255" 9417
"/Engine/EngineMaterials/Substrate/Glints2/dict_0001_0238" 9418
"/Engine/EngineMaterials/Substrate/Glints2/dict_0001_0239" 9419
"/Engine/EngineMaterials/Substrate/Glints2/dict_0002_0000" 9420
"/Engine/EngineMaterials/Substrate/Glints2/dict_0001_0240" 9421
"/Engine/EngineMaterials/Substrate/Glints2/dict_0001_0241" 9422
"/Engine/EngineMaterials/Substrate/Glints2/dict_0001_0242" 9423
"/Engine/EngineMaterials/Substrate/Glints2/dict_0001_0227" 9424
"/Engine/EngineMaterials/Substrate/Glints2/dict_0001_0230" 9425
"/Engine/EngineMaterials/Substrate/Glints2/dict_0001_0229" 9426
"/Engine/EngineMaterials/Substrate/Glints2/dict_0001_0247" 9427
"/Engine/EngineMaterials/Substrate/Glints2/dict_0001_0225" 9428
"/Engine/EngineMaterials/Substrate/Glints2/dict_0001_0231" 9429
"/Engine/EngineMaterials/Substrate/Glints2/dict_0001_0252" 9430
"../../../Engine/Content/EngineMaterials/Substrate/Glints2/dict_0001_0224.uasset" 9431
"../../../Engine/Content/EngineMaterials/Substrate/Glints2/dict_0001_0217.uasset" 9432
"../../../Engine/Content/EngineMaterials/Substrate/Glints2/dict_0001_0221.uasset" 9433
"../../../Engine/Content/EngineMaterials/Substrate/Glints2/dict_0001_0216.uasset" 9434
"/Engine/EngineMaterials/Substrate/Glints2/dict_0001_0232" 9435
"../../../Engine/Content/EngineMaterials/Substrate/Glints2/dict_0001_0215.uasset" 9436
"../../../Engine/Content/EngineMaterials/Substrate/Glints2/dict_0001_0222.uasset" 9437
"../../../Engine/Content/EngineMaterials/Substrate/Glints2/dict_0001_0213.uasset" 9438
"../../../Engine/Content/EngineMaterials/Substrate/Glints2/dict_0001_0218.uasset" 9439
"../../../Engine/Content/EngineMaterials/Substrate/Glints2/dict_0001_0214.uasset" 9440
"../../../Engine/Content/EngineMaterials/Substrate/Glints2/dict_0001_0220.uasset" 9441
"/Engine/EngineMaterials/Substrate/Glints2/dict_0001_0233" 9442
"../../../Engine/Content/EngineMaterials/Substrate/Glints2/dict_0001_0219.uasset" 9443
"../../../Engine/Content/EngineMaterials/Substrate/Glints2/dict_0001_0223.uasset" 9444
"../../../Engine/Content/EngineMaterials/Substrate/Glints2/dict_0001_0212.uasset" 9445
"/Engine/EngineMaterials/Substrate/Glints2/dict_0001_0234" 9446
"/Engine/EngineMaterials/Substrate/Glints2/dict_0001_0235" 9447
"../../../Engine/Content/EngineMaterials/Substrate/Glints2/dict_0001_0211.uasset" 9448
"/Engine/EngineMaterials/Substrate/Glints2/dict_0001_0236" 9449
"/Engine/EngineMaterials/Substrate/Glints2/dict_0001_0237" 9450
"/Engine/EngineMaterials/Substrate/Glints2/dict_0001_0226" 9451
"/Engine/EngineMaterials/Substrate/Glints2/dict_0001_0228" 9452
"/Engine/EngineMaterials/Substrate/Glints2/dict_0001_0211" 9453
"/Engine/EngineMaterials/Substrate/Glints2/dict_0001_0212" 9454
"/Engine/EngineMaterials/Substrate/Glints2/dict_0001_0213" 9455
"/Engine/EngineMaterials/Substrate/Glints2/dict_0001_0214" 9456
"/Engine/EngineMaterials/Substrate/Glints2/dict_0001_0215" 9457
"/Engine/EngineMaterials/Substrate/Glints2/dict_0001_0216" 9458
"/Engine/EngineMaterials/Substrate/Glints2/dict_0001_0217" 9459
"/Engine/EngineMaterials/Substrate/Glints2/dict_0001_0218" 9460
"/Engine/EngineMaterials/Substrate/Glints2/dict_0001_0219" 9461
"/Engine/EngineMaterials/Substrate/Glints2/dict_0001_0220" 9462
"../../../Engine/Content/EngineMaterials/Substrate/Glints2/dict_0001_0209.uasset" 9463
"/Engine/EngineMaterials/Substrate/Glints2/dict_0001_0221" 9464
"../../../Engine/Content/EngineMaterials/Substrate/Glints2/dict_0001_0195.uasset" 9465
"../../../Engine/Content/EngineMaterials/Substrate/Glints2/dict_0001_0210.uasset" 9466
"../../../Engine/Content/EngineMaterials/Substrate/Glints2/dict_0001_0197.uasset" 9467
"../../../Engine/Content/EngineMaterials/Substrate/Glints2/dict_0001_0206.uasset" 9468
"../../../Engine/Content/EngineMaterials/Substrate/Glints2/dict_0001_0203.uasset" 9469
"/Engine/EngineMaterials/Substrate/Glints2/dict_0001_0222" 9470
"../../../Engine/Content/EngineMaterials/Substrate/Glints2/dict_0001_0194.uasset" 9471
"../../../Engine/Content/EngineMaterials/Substrate/Glints2/dict_0001_0199.uasset" 9472
"/Engine/EngineMaterials/Substrate/Glints2/dict_0001_0223" 9473
"../../../Engine/Content/EngineMaterials/Substrate/Glints2/dict_0001_0207.uasset" 9474
"../../../Engine/Content/EngineMaterials/Substrate/Glints2/dict_0001_0198.uasset" 9475
"../../../Engine/Content/EngineMaterials/Substrate/Glints2/dict_0001_0193.uasset" 9476
"../../../Engine/Content/EngineMaterials/Substrate/Glints2/dict_0001_0208.uasset" 9477
"/Engine/EngineMaterials/Substrate/Glints2/dict_0001_0224" 9478
"../../../Engine/Content/EngineMaterials/Substrate/Glints2/dict_0001_0201.uasset" 9479
"../../../Engine/Content/EngineMaterials/Substrate/Glints2/dict_0001_0202.uasset" 9480
"/Engine/EngineMaterials/Substrate/Glints2/dict_0001_0193" 9481
"../../../Engine/Content/EngineMaterials/Substrate/Glints2/dict_0001_0200.uasset" 9482
"../../../Engine/Content/EngineMaterials/Substrate/Glints2/dict_0001_0205.uasset" 9483
"/Engine/EngineMaterials/Substrate/Glints2/dict_0001_0194" 9484
"../../../Engine/Content/EngineMaterials/Substrate/Glints2/dict_0001_0204.uasset" 9485
"/Engine/EngineMaterials/Substrate/Glints2/dict_0001_0195" 9486
"/Engine/EngineMaterials/Substrate/Glints2/dict_0001_0197" 9487
"/Engine/EngineMaterials/Substrate/Glints2/dict_0001_0198" 9488
"/Engine/EngineMaterials/Substrate/Glints2/dict_0001_0199" 9489
"../../../Engine/Content/EngineMaterials/Substrate/Glints2/dict_0001_0196.uasset" 9490
"/Engine/EngineMaterials/Substrate/Glints2/dict_0001_0201" 9491
"/Engine/EngineMaterials/Substrate/Glints2/dict_0001_0203" 9492
"../../../Engine/Content/EngineMaterials/Substrate/Glints2/dict_0001_0191.uasset" 9493
"../../../Engine/Content/EngineMaterials/Substrate/Glints2/dict_0001_0184.uasset" 9494
"/Engine/EngineMaterials/Substrate/Glints2/dict_0001_0206" 9495
"../../../Engine/Content/EngineMaterials/Substrate/Glints2/dict_0001_0183.uasset" 9496
"../../../Engine/Content/EngineMaterials/Substrate/Glints2/dict_0001_0181.uasset" 9497
"../../../Engine/Content/EngineMaterials/Substrate/Glints2/dict_0001_0187.uasset" 9498
"../../../Engine/Content/EngineMaterials/Substrate/Glints2/dict_0001_0189.uasset" 9499
"../../../Engine/Content/EngineMaterials/Substrate/Glints2/dict_0001_0182.uasset" 9500
"../../../Engine/Content/EngineMaterials/Substrate/Glints2/dict_0001_0179.uasset" 9501
"../../../Engine/Content/EngineMaterials/Substrate/Glints2/dict_0001_0186.uasset" 9502
"../../../Engine/Content/EngineMaterials/Substrate/Glints2/dict_0001_0185.uasset" 9503
"/Engine/EngineMaterials/Substrate/Glints2/dict_0001_0207" 9504
"/Engine/EngineMaterials/Substrate/Glints2/dict_0001_0208" 9505
"../../../Engine/Content/EngineMaterials/Substrate/Glints2/dict_0001_0192.uasset" 9506
"../../../Engine/Content/EngineMaterials/Substrate/Glints2/dict_0001_0188.uasset" 9507
"/Engine/EngineMaterials/Substrate/Glints2/dict_0001_0209" 9508
"../../../Engine/Content/EngineMaterials/Substrate/Glints2/dict_0001_0190.uasset" 9509
"/Engine/EngineMaterials/Substrate/Glints2/dict_0001_0210" 9510
"../../../Engine/Content/EngineMaterials/Substrate/Glints2/dict_0001_0180.uasset" 9511
"/Engine/EngineMaterials/Substrate/Glints2/dict_0001_0179" 9512
"/Engine/EngineMaterials/Substrate/Glints2/dict_0001_0196" 9513
"/Engine/EngineMaterials/Substrate/Glints2/dict_0001_0180" 9514
"/Engine/EngineMaterials/Substrate/Glints2/dict_0001_0181" 9515
"/Engine/EngineMaterials/Substrate/Glints2/dict_0001_0182" 9516
"/Engine/EngineMaterials/Substrate/Glints2/dict_0001_0183" 9517
"/Engine/EngineMaterials/Substrate/Glints2/dict_0001_0184" 9518
"/Engine/EngineMaterials/Substrate/Glints2/dict_0001_0200" 9519
"/Engine/EngineMaterials/Substrate/Glints2/dict_0001_0185" 9520
"/Engine/EngineMaterials/Substrate/Glints2/dict_0001_0186" 9521
"/Engine/EngineMaterials/Substrate/Glints2/dict_0001_0202" 9522
"/Engine/EngineMaterials/Substrate/Glints2/dict_0001_0187" 9523
"/Engine/EngineMaterials/Substrate/Glints2/dict_0001_0188" 9524
"/Engine/EngineMaterials/Substrate/Glints2/dict_0001_0189" 9525
"/Engine/EngineMaterials/Substrate/Glints2/dict_0001_0204" 9526
"../../../Engine/Content/EngineMaterials/Substrate/Glints2/dict_0001_0177.uasset" 9527
"/Engine/EngineMaterials/Substrate/Glints2/dict_0001_0205" 9528
"/Engine/EngineMaterials/Substrate/Glints2/dict_0001_0190" 9529
"../../../Engine/Content/EngineMaterials/Substrate/Glints2/dict_0001_0176.uasset" 9530
"../../../Engine/Content/EngineMaterials/Substrate/Glints2/dict_0001_0172.uasset" 9531
"../../../Engine/Content/EngineMaterials/Substrate/Glints2/dict_0001_0178.uasset" 9532
"../../../Engine/Content/EngineMaterials/Substrate/Glints2/dict_0001_0167.uasset" 9533
"../../../Engine/Content/EngineMaterials/Substrate/Glints2/dict_0001_0171.uasset" 9534
"../../../Engine/Content/EngineMaterials/Substrate/Glints2/dict_0001_0174.uasset" 9535
"/Engine/EngineMaterials/Substrate/Glints2/dict_0001_0191" 9536
"../../../Engine/Content/EngineMaterials/Substrate/Glints2/dict_0001_0173.uasset" 9537
"../../../Engine/Content/EngineMaterials/Substrate/Glints2/dict_0001_0166.uasset" 9538
"../../../Engine/Content/EngineMaterials/Substrate/Glints2/dict_0001_0175.uasset" 9539
"../../../Engine/Content/EngineMaterials/Substrate/Glints2/dict_0001_0170.uasset" 9540
"/Engine/EngineMaterials/Substrate/Glints2/dict_0001_0192" 9541
"../../../Engine/Content/EngineMaterials/Substrate/Glints2/dict_0001_0169.uasset" 9542
"/Engine/EngineMaterials/Substrate/Glints2/dict_0001_0166" 9543
"../../../Engine/Content/EngineMaterials/Substrate/Glints2/dict_0001_0168.uasset" 9544
"/Engine/EngineMaterials/Substrate/Glints2/dict_0001_0167" 9545
"/Engine/EngineMaterials/Substrate/Glints2/dict_0001_0169" 9546
"/Engine/EngineMaterials/Substrate/Glints2/dict_0001_0170" 9547
"/Engine/EngineMaterials/Substrate/Glints2/dict_0001_0171" 9548
"/Engine/EngineMaterials/Substrate/Glints2/dict_0001_0172" 9549
"/Engine/EngineMaterials/Substrate/Glints2/dict_0001_0173" 9550
"/Engine/EngineMaterials/Substrate/Glints2/dict_0001_0174" 9551
"../../../Engine/Content/EngineMaterials/Substrate/Glints2/dict_0001_0163.uasset" 9552
"../../../Engine/Content/EngineMaterials/Substrate/Glints2/dict_0001_0164.uasset" 9553
"../../../Engine/Content/EngineMaterials/Substrate/Glints2/dict_0001_0152.uasset" 9554
"/Engine/EngineMaterials/Substrate/Glints2/dict_0001_0175" 9555
"../../../Engine/Content/EngineMaterials/Substrate/Glints2/dict_0001_0159.uasset" 9556
"/Engine/EngineMaterials/Substrate/Glints2/dict_0001_0176" 9557
"../../../Engine/Content/EngineMaterials/Substrate/Glints2/dict_0001_0162.uasset" 9558
"../../../Engine/Content/EngineMaterials/Substrate/Glints2/dict_0001_0151.uasset" 9559
"../../../Engine/Content/EngineMaterials/Substrate/Glints2/dict_0001_0156.uasset" 9560
"../../../Engine/Content/EngineMaterials/Substrate/Glints2/dict_0001_0149.uasset" 9561
"/Engine/EngineMaterials/Substrate/Glints2/dict_0001_0177" 9562
"../../../Engine/Content/EngineMaterials/Substrate/Glints2/dict_0001_0158.uasset" 9563
"../../../Engine/Content/EngineMaterials/Substrate/Glints2/dict_0001_0161.uasset" 9564
"/Engine/EngineMaterials/Substrate/Glints2/dict_0001_0178" 9565
"../../../Engine/Content/EngineMaterials/Substrate/Glints2/dict_0001_0153.uasset" 9566
"../../../Engine/Content/EngineMaterials/Substrate/Glints2/dict_0001_0147.uasset" 9567
"../../../Engine/Content/EngineMaterials/Substrate/Glints2/dict_0001_0155.uasset" 9568
"/Engine/EngineMaterials/Substrate/Glints2/dict_0001_0168" 9569
"../../../Engine/Content/EngineMaterials/Substrate/Glints2/dict_0001_0154.uasset" 9570
"../../../Engine/Content/EngineMaterials/Substrate/Glints2/dict_0001_0165.uasset" 9571
"/Engine/EngineMaterials/Substrate/Glints2/dict_0001_0147" 9572
"/Engine/EngineMaterials/Substrate/Glints2/dict_0001_0149" 9573
"../../../Engine/Content/EngineMaterials/Substrate/Glints2/dict_0001_0160.uasset" 9574
"/Engine/EngineMaterials/Substrate/Glints2/dict_0001_0151" 9575
"/Engine/EngineMaterials/Substrate/Glints2/dict_0001_0152" 9576
"../../../Engine/Content/EngineMaterials/Substrate/Glints2/dict_0001_0148.uasset" 9577
"../../../Engine/Content/EngineMaterials/Substrate/Glints2/dict_0001_0157.uasset" 9578
"../../../Engine/Content/EngineMaterials/Substrate/Glints2/dict_0001_0150.uasset" 9579
"/Engine/EngineMaterials/Substrate/Glints2/dict_0001_0153" 9580
"/Engine/EngineMaterials/Substrate/Glints2/dict_0001_0155" 9581
"/Engine/EngineMaterials/Substrate/Glints2/dict_0001_0156" 9582
"/Engine/EngineMaterials/Substrate/Glints2/dict_0001_0158" 9583
"/Engine/EngineMaterials/Substrate/Glints2/dict_0001_0159" 9584
"../../../Engine/Content/EngineMaterials/Substrate/Glints2/dict_0001_0146.uasset" 9585
"../../../Engine/Content/EngineMaterials/Substrate/Glints2/dict_0001_0145.uasset" 9586
"/Engine/EngineMaterials/Substrate/Glints2/dict_0001_0161" 9587
"../../../Engine/Content/EngineMaterials/Substrate/Glints2/dict_0001_0142.uasset" 9588
"../../../Engine/Content/EngineMaterials/Substrate/Glints2/dict_0001_0136.uasset" 9589
"../../../Engine/Content/EngineMaterials/Substrate/Glints2/dict_0001_0141.uasset" 9590
"../../../Engine/Content/EngineMaterials/Substrate/Glints2/dict_0001_0144.uasset" 9591
"../../../Engine/Content/EngineMaterials/Substrate/Glints2/dict_0001_0140.uasset" 9592
"/Engine/EngineMaterials/Substrate/Glints2/dict_0001_0162" 9593
"../../../Engine/Content/EngineMaterials/Substrate/Glints2/dict_0001_0143.uasset" 9594
"../../../Engine/Content/EngineMaterials/Substrate/Glints2/dict_0001_0138.uasset" 9595
"../../../Engine/Content/EngineMaterials/Substrate/Glints2/dict_0001_0139.uasset" 9596
"/Engine/EngineMaterials/Substrate/Glints2/dict_0001_0163" 9597
"../../../Engine/Content/EngineMaterials/Substrate/Glints2/dict_0001_0135.uasset" 9598
"/Engine/EngineMaterials/Substrate/Glints2/dict_0001_0164" 9599
"/Engine/EngineMaterials/Substrate/Glints2/dict_0001_0135" 9600
"/Engine/EngineMaterials/Substrate/Glints2/dict_0001_0136" 9601
"../../../Engine/Content/EngineMaterials/Substrate/Glints2/dict_0001_0137.uasset" 9602
"/Engine/EngineMaterials/Substrate/Glints2/dict_0001_0148" 9603
"/Engine/EngineMaterials/Substrate/Glints2/dict_0001_0138" 9604
"/Engine/EngineMaterials/Substrate/Glints2/dict_0001_0150" 9605
"/Engine/EngineMaterials/Substrate/Glints2/dict_0001_0139" 9606
"/Engine/EngineMaterials/Substrate/Glints2/dict_0001_0154" 9607
"/Engine/EngineMaterials/Substrate/Glints2/dict_0001_0140" 9608
"/Engine/EngineMaterials/Substrate/Glints2/dict_0001_0157" 9609
"../../../Engine/Content/EngineMaterials/Substrate/Glints2/dict_0001_0134.uasset" 9610
"../../../Engine/Content/EngineMaterials/Substrate/Glints2/dict_0001_0123.uasset" 9611
"../../../Engine/Content/EngineMaterials/Substrate/Glints2/dict_0001_0124.uasset" 9612
"../../../Engine/Content/EngineMaterials/Substrate/Glints2/dict_0001_0127.uasset" 9613
"../../../Engine/Content/EngineMaterials/Substrate/Glints2/dict_0001_0133.uasset" 9614
"../../../Engine/Content/EngineMaterials/Substrate/Glints2/dict_0001_0122.uasset" 9615
"../../../Engine/Content/EngineMaterials/Substrate/Glints2/dict_0001_0121.uasset" 9616
"/Engine/EngineMaterials/Substrate/Glints2/dict_0001_0141" 9617
"../../../Engine/Content/EngineMaterials/Substrate/Glints2/dict_0001_0128.uasset" 9618
"../../../Engine/Content/EngineMaterials/Substrate/Glints2/dict_0001_0126.uasset" 9619
"/Engine/EngineMaterials/Substrate/Glints2/dict_0001_0160" 9620
"../../../Engine/Content/EngineMaterials/Substrate/Glints2/dict_0001_0125.uasset" 9621
"/Engine/EngineMaterials/Substrate/Glints2/dict_0001_0142" 9622
"/Engine/EngineMaterials/Substrate/Glints2/dict_0001_0143" 9623
"/Engine/EngineMaterials/Substrate/Glints2/dict_0001_0144" 9624
"/Engine/EngineMaterials/Substrate/Glints2/dict_0001_0165" 9625
"../../../Engine/Content/EngineMaterials/Substrate/Glints2/dict_0001_0131.uasset" 9626
"../../../Engine/Content/EngineMaterials/Substrate/Glints2/dict_0001_0132.uasset" 9627
"/Engine/EngineMaterials/Substrate/Glints2/dict_0001_0145" 9628
"../../../Engine/Content/EngineMaterials/Substrate/Glints2/dict_0001_0129.uasset" 9629
"../../../Engine/Content/EngineMaterials/Substrate/Glints2/dict_0001_0130.uasset" 9630
"/Engine/EngineMaterials/Substrate/Glints2/dict_0001_0146" 9631
"/Engine/EngineMaterials/Substrate/Glints2/dict_0001_0121" 9632
"/Engine/EngineMaterials/Substrate/Glints2/dict_0001_0122" 9633
"/Engine/EngineMaterials/Substrate/Glints2/dict_0001_0137" 9634
"../../../Engine/Content/EngineMaterials/Substrate/Glints2/dict_0001_0119.uasset" 9635
"../../../Engine/Content/EngineMaterials/Substrate/Glints2/dict_0001_0120.uasset" 9636
"../../../Engine/Content/EngineMaterials/Substrate/Glints2/dict_0001_0116.uasset" 9637
"../../../Engine/Content/EngineMaterials/Substrate/Glints2/dict_0001_0117.uasset" 9638
"/Engine/EngineMaterials/Substrate/Glints2/dict_0001_0123" 9639
"/Engine/EngineMaterials/Substrate/Glints2/dict_0001_0124" 9640
"../../../Engine/Content/EngineMaterials/Substrate/Glints2/dict_0001_0111.uasset" 9641
"../../../Engine/Content/EngineMaterials/Substrate/Glints2/dict_0001_0113.uasset" 9642
"/Engine/EngineMaterials/Substrate/Glints2/dict_0001_0125" 9643
"../../../Engine/Content/EngineMaterials/Substrate/Glints2/dict_0001_0109.uasset" 9644
"../../../Engine/Content/EngineMaterials/Substrate/Glints2/dict_0001_0108.uasset" 9645
"../../../Engine/Content/EngineMaterials/Substrate/Glints2/dict_0001_0107.uasset" 9646
"/Engine/EngineMaterials/Substrate/Glints2/dict_0001_0126" 9647
"../../../Engine/Content/EngineMaterials/Substrate/Glints2/dict_0001_0112.uasset" 9648
"../../../Engine/Content/EngineMaterials/Substrate/Glints2/dict_0001_0118.uasset" 9649
"../../../Engine/Content/EngineMaterials/Substrate/Glints2/dict_0001_0114.uasset" 9650
"../../../Engine/Content/EngineMaterials/Substrate/Glints2/dict_0001_0110.uasset" 9651
"/Engine/EngineMaterials/Substrate/Glints2/dict_0001_0127" 9652
"/Engine/EngineMaterials/Substrate/Glints2/dict_0001_0128" 9653
"../../../Engine/Content/EngineMaterials/Substrate/Glints2/dict_0001_0104.uasset" 9654
"../../../Engine/Content/EngineMaterials/Substrate/Glints2/dict_0001_0106.uasset" 9655
"/Engine/EngineMaterials/Substrate/Glints2/dict_0001_0129" 9656
"../../../Engine/Content/EngineMaterials/Substrate/Glints2/dict_0001_0115.uasset" 9657
"/Engine/EngineMaterials/Substrate/Glints2/dict_0001_0130" 9658
"/Engine/EngineMaterials/Substrate/Glints2/dict_0001_0131" 9659
"/Engine/EngineMaterials/Substrate/Glints2/dict_0001_0132" 9660
"/Engine/EngineMaterials/Substrate/Glints2/dict_0001_0133" 9661
"/Engine/EngineMaterials/Substrate/Glints2/dict_0001_0134" 9662
"../../../Engine/Content/EngineMaterials/Substrate/Glints2/dict_0001_0105.uasset" 9663
"/Engine/EngineMaterials/Substrate/Glints2/dict_0001_0104" 9664
"/Engine/EngineMaterials/Substrate/Glints2/dict_0001_0105" 9665
"/Engine/EngineMaterials/Substrate/Glints2/dict_0001_0106" 9666
"../../../Engine/Content/EngineMaterials/Substrate/Glints2/dict_0001_0103.uasset" 9667
"/Engine/EngineMaterials/Substrate/Glints2/dict_0001_0107" 9668
"../../../Engine/Content/EngineMaterials/Substrate/Glints2/dict_0001_0096.uasset" 9669
"../../../Engine/Content/EngineMaterials/Substrate/Glints2/dict_0001_0098.uasset" 9670
"/Engine/EngineMaterials/Substrate/Glints2/dict_0001_0108" 9671
"../../../Engine/Content/EngineMaterials/Substrate/Glints2/dict_0001_0100.uasset" 9672
"../../../Engine/Content/EngineMaterials/Substrate/Glints2/dict_0001_0099.uasset" 9673
"../../../Engine/Content/EngineMaterials/Substrate/Glints2/dict_0001_0101.uasset" 9674
"../../../Engine/Content/EngineMaterials/Substrate/Glints2/dict_0001_0095.uasset" 9675
"../../../Engine/Content/EngineMaterials/Substrate/Glints2/dict_0001_0097.uasset" 9676
"../../../Engine/Content/EngineMaterials/Substrate/Glints2/dict_0001_0092.uasset" 9677
"../../../Engine/Content/EngineMaterials/Substrate/Glints2/dict_0001_0089.uasset" 9678
"/Engine/EngineMaterials/Substrate/Glints2/dict_0001_0109" 9679
"../../../Engine/Content/EngineMaterials/Substrate/Glints2/dict_0001_0102.uasset" 9680
"../../../Engine/Content/EngineMaterials/Substrate/Glints2/dict_0001_0091.uasset" 9681
"/Engine/EngineMaterials/Substrate/Glints2/dict_0001_0110" 9682
"/Engine/EngineMaterials/Substrate/Glints2/dict_0001_0111" 9683
"/Engine/EngineMaterials/Substrate/Glints2/dict_0001_0112" 9684
"/Engine/EngineMaterials/Substrate/Glints2/dict_0001_0113" 9685
"/Engine/EngineMaterials/Substrate/Glints2/dict_0001_0114" 9686
"/Engine/EngineMaterials/Substrate/Glints2/dict_0001_0115" 9687
"/Engine/EngineMaterials/Substrate/Glints2/dict_0001_0116" 9688
"/Engine/EngineMaterials/Substrate/Glints2/dict_0001_0117" 9689
"/Engine/EngineMaterials/Substrate/Glints2/dict_0001_0118" 9690
"/Engine/EngineMaterials/Substrate/Glints2/dict_0001_0119" 9691
"/Engine/EngineMaterials/Substrate/Glints2/dict_0001_0120" 9692
"/Engine/EngineMaterials/Substrate/Glints2/dict_0001_0089" 9693
"/Engine/EngineMaterials/Substrate/Glints2/dict_0001_0091" 9694
"/Engine/EngineMaterials/Substrate/Glints2/dict_0001_0092" 9695
"/Engine/EngineMaterials/Substrate/Glints2/dict_0001_0095" 9696
"/Engine/EngineMaterials/Substrate/Glints2/dict_0001_0096" 9697
"../../../Engine/Content/EngineMaterials/Substrate/Glints2/dict_0001_0087.uasset" 9698
"/Engine/EngineMaterials/Substrate/Glints2/dict_0001_0097" 9699
"../../../Engine/Content/EngineMaterials/Substrate/Glints2/dict_0001_0084.uasset" 9700
"../../../Engine/Content/EngineMaterials/Substrate/Glints2/dict_0001_0077.uasset" 9701
"../../../Engine/Content/EngineMaterials/Substrate/Glints2/dict_0001_0078.uasset" 9702
"/Engine/EngineMaterials/Substrate/Glints2/dict_0001_0098" 9703
"../../../Engine/Content/EngineMaterials/Substrate/Glints2/dict_0001_0093.uasset" 9704
"../../../Engine/Content/EngineMaterials/Substrate/Glints2/dict_0001_0090.uasset" 9705
"../../../Engine/Content/EngineMaterials/Substrate/Glints2/dict_0001_0094.uasset" 9706
"../../../Engine/Content/EngineMaterials/Substrate/Glints2/dict_0001_0088.uasset" 9707
"../../../Engine/Content/EngineMaterials/Substrate/Glints2/dict_0001_0080.uasset" 9708
"/Engine/EngineMaterials/Substrate/Glints2/dict_0001_0099" 9709
"../../../Engine/Content/EngineMaterials/Substrate/Glints2/dict_0001_0076.uasset" 9710
"../../../Engine/Content/EngineMaterials/Substrate/Glints2/dict_0001_0074.uasset" 9711
"/Engine/EngineMaterials/Substrate/Glints2/dict_0001_0100" 9712
"/Engine/EngineMaterials/Substrate/Glints2/dict_0001_0101" 9713
"../../../Engine/Content/EngineMaterials/Substrate/Glints2/dict_0001_0085.uasset" 9714
"../../../Engine/Content/EngineMaterials/Substrate/Glints2/dict_0001_0081.uasset" 9715
"../../../Engine/Content/EngineMaterials/Substrate/Glints2/dict_0001_0079.uasset" 9716
"/Engine/EngineMaterials/Substrate/Glints2/dict_0001_0102" 9717
"../../../Engine/Content/EngineMaterials/Substrate/Glints2/dict_0001_0072.uasset" 9718
"/Engine/EngineMaterials/Substrate/Glints2/dict_0001_0103" 9719
"../../../Engine/Content/EngineMaterials/Substrate/Glints2/dict_0001_0083.uasset" 9720
"/Engine/EngineMaterials/Substrate/Glints2/dict_0001_0072" 9721
"/Engine/EngineMaterials/Substrate/Glints2/dict_0001_0090" 9722
"../../../Engine/Content/EngineMaterials/Substrate/Glints2/dict_0001_0073.uasset" 9723
"/Engine/EngineMaterials/Substrate/Glints2/dict_0001_0074" 9724
"/Engine/EngineMaterials/Substrate/Glints2/dict_0001_0076" 9725
"../../../Engine/Content/EngineMaterials/Substrate/Glints2/dict_0001_0075.uasset" 9726
"../../../Engine/Content/EngineMaterials/Substrate/Glints2/dict_0001_0070.uasset" 9727
"../../../Engine/Content/EngineMaterials/Substrate/Glints2/dict_0001_0086.uasset" 9728
"/Engine/EngineMaterials/Substrate/Glints2/dict_0001_0093" 9729
"../../../Engine/Content/EngineMaterials/Substrate/Glints2/dict_0001_0062.uasset" 9730
"../../../Engine/Content/EngineMaterials/Substrate/Glints2/dict_0001_0064.uasset" 9731
"../../../Engine/Content/EngineMaterials/Substrate/Glints2/dict_0001_0071.uasset" 9732
"/Engine/EngineMaterials/Substrate/Glints2/dict_0001_0077" 9733
"../../../Engine/Content/EngineMaterials/Substrate/Glints2/dict_0001_0063.uasset" 9734
"/Engine/EngineMaterials/Substrate/Glints2/dict_0001_0094" 9735
"../../../Engine/Content/EngineMaterials/Substrate/Glints2/dict_0001_0066.uasset" 9736
"/Engine/EngineMaterials/Substrate/Glints2/dict_0001_0078" 9737
"/Engine/EngineMaterials/Substrate/Glints2/dict_0001_0079" 9738
"/Engine/EngineMaterials/Substrate/Glints2/dict_0001_0080" 9739
"../../../Engine/Content/EngineMaterials/Substrate/Glints2/dict_0001_0069.uasset" 9740
"/Engine/EngineMaterials/Substrate/Glints2/dict_0001_0081" 9741
"../../../Engine/Content/EngineMaterials/Substrate/Glints2/dict_0001_0065.uasset" 9742
"../../../Engine/Content/EngineMaterials/Substrate/Glints2/dict_0001_0060.uasset" 9743
"../../../Engine/Content/EngineMaterials/Substrate/Glints2/dict_0001_0082.uasset" 9744
"/Engine/EngineMaterials/Substrate/Glints2/dict_0001_0084" 9745
"/Engine/EngineMaterials/Substrate/Glints2/dict_0001_0085" 9746
"../../../Engine/Content/EngineMaterials/Substrate/Glints2/dict_0001_0068.uasset" 9747
"/Engine/EngineMaterials/Substrate/Glints2/dict_0001_0087" 9748
"../../../Engine/Content/EngineMaterials/Substrate/Glints2/dict_0001_0061.uasset" 9749
"/Engine/EngineMaterials/Substrate/Glints2/dict_0001_0088" 9750
"/Engine/EngineMaterials/Substrate/Glints2/dict_0001_0073" 9751
"/Engine/EngineMaterials/Substrate/Glints2/dict_0001_0060" 9752
"/Engine/EngineMaterials/Substrate/Glints2/dict_0001_0061" 9753
"/Engine/EngineMaterials/Substrate/Glints2/dict_0001_0075" 9754
"/Engine/EngineMaterials/Substrate/Glints2/dict_0001_0062" 9755
"/Engine/EngineMaterials/Substrate/Glints2/dict_0001_0063" 9756
"../../../Engine/Content/EngineMaterials/Substrate/Glints2/dict_0001_0058.uasset" 9757
"../../../Engine/Content/EngineMaterials/Substrate/Glints2/dict_0001_0057.uasset" 9758
"../../../Engine/Content/EngineMaterials/Substrate/Glints2/dict_0001_0051.uasset" 9759
"/Engine/EngineMaterials/Substrate/Glints2/dict_0001_0064" 9760
"../../../Engine/Content/EngineMaterials/Substrate/Glints2/dict_0001_0052.uasset" 9761
"/Engine/EngineMaterials/Substrate/Glints2/dict_0001_0065" 9762
"../../../Engine/Content/EngineMaterials/Substrate/Glints2/dict_0001_0059.uasset" 9763
"../../../Engine/Content/EngineMaterials/Substrate/Glints2/dict_0001_0053.uasset" 9764
"/Engine/EngineMaterials/Substrate/Glints2/dict_0001_0066" 9765
"../../../Engine/Content/EngineMaterials/Substrate/Glints2/dict_0001_0047.uasset" 9766
"/Engine/EngineMaterials/Substrate/Glints2/dict_0001_0082" 9767
"../../../Engine/Content/EngineMaterials/Substrate/Glints2/dict_0001_0046.uasset" 9768
"../../../Engine/Content/EngineMaterials/Substrate/Glints2/dict_0001_0054.uasset" 9769
"/Engine/EngineMaterials/Substrate/Glints2/dict_0001_0068" 9770
"/Engine/EngineMaterials/Substrate/Glints2/dict_0001_0069" 9771
"../../../Engine/Content/EngineMaterials/Substrate/Glints2/dict_0001_0056.uasset" 9772
"/Engine/EngineMaterials/Substrate/Glints2/dict_0001_0083" 9773
"../../../Engine/Content/EngineMaterials/Substrate/Glints2/dict_0001_0067.uasset" 9774
"/Engine/EngineMaterials/Substrate/Glints2/dict_0001_0070" 9775
"/Engine/EngineMaterials/Substrate/Glints2/dict_0001_0071" 9776
"/Engine/EngineMaterials/Substrate/Glints2/dict_0001_0086" 9777
"../../../Engine/Content/EngineMaterials/Substrate/Glints2/dict_0001_0050.uasset" 9778
"../../../Engine/Content/EngineMaterials/Substrate/Glints2/dict_0001_0055.uasset" 9779
"../../../Engine/Content/EngineMaterials/Substrate/Glints2/dict_0001_0045.uasset" 9780
"/Engine/EngineMaterials/Substrate/Glints2/dict_0001_0045" 9781
"../../../Engine/Content/EngineMaterials/Substrate/Glints2/dict_0001_0048.uasset" 9782
"/Engine/EngineMaterials/Substrate/Glints2/dict_0001_0046" 9783
"/Engine/EngineMaterials/Substrate/Glints2/dict_0001_0047" 9784
"../../../Engine/Content/EngineMaterials/Substrate/Glints2/dict_0001_0049.uasset" 9785
"/Engine/EngineMaterials/Substrate/Glints2/dict_0001_0050" 9786
"/Engine/EngineMaterials/Substrate/Glints2/dict_0001_0051" 9787
"/Engine/EngineMaterials/Substrate/Glints2/dict_0001_0052" 9788
"/Engine/EngineMaterials/Substrate/Glints2/dict_0001_0053" 9789
"/Engine/EngineMaterials/Substrate/Glints2/dict_0001_0054" 9790
"/Engine/EngineMaterials/Substrate/Glints2/dict_0001_0067" 9791
"/Engine/EngineMaterials/Substrate/Glints2/dict_0001_0055" 9792
"/Engine/EngineMaterials/Substrate/Glints2/dict_0001_0056" 9793
"../../../Engine/Content/EngineMaterials/Substrate/Glints2/dict_0001_0038.uasset" 9794
"../../../Engine/Content/EngineMaterials/Substrate/Glints2/dict_0001_0042.uasset" 9795
"/Engine/EngineMaterials/Substrate/Glints2/dict_0001_0057" 9796
"../../../Engine/Content/EngineMaterials/Substrate/Glints2/dict_0001_0030.uasset" 9797
"../../../Engine/Content/EngineMaterials/Substrate/Glints2/dict_0001_0034.uasset" 9798
"../../../Engine/Content/EngineMaterials/Substrate/Glints2/dict_0001_0043.uasset" 9799
"../../../Engine/Content/EngineMaterials/Substrate/Glints2/dict_0001_0040.uasset" 9800
"../../../Engine/Content/EngineMaterials/Substrate/Glints2/dict_0001_0033.uasset" 9801
"/Engine/EngineMaterials/Substrate/Glints2/dict_0001_0058" 9802
"/Engine/EngineMaterials/Substrate/Glints2/dict_0001_0059" 9803
"../../../Engine/Content/EngineMaterials/Substrate/Glints2/dict_0001_0041.uasset" 9804
"../../../Engine/Content/EngineMaterials/Substrate/Glints2/dict_0001_0032.uasset" 9805
"../../../Engine/Content/EngineMaterials/Substrate/Glints2/dict_0001_0039.uasset" 9806
"../../../Engine/Content/EngineMaterials/Substrate/Glints2/dict_0001_0044.uasset" 9807
"/Engine/EngineMaterials/Substrate/Glints2/dict_0001_0030" 9808
"../../../Engine/Content/EngineMaterials/Substrate/Glints2/dict_0001_0029.uasset" 9809
"/Engine/EngineMaterials/Substrate/Glints2/dict_0001_0032" 9810
"../../../Engine/Content/EngineMaterials/Substrate/Glints2/dict_0001_0031.uasset" 9811
"/Engine/EngineMaterials/Substrate/Glints2/dict_0001_0033" 9812
"/Engine/EngineMaterials/Substrate/Glints2/dict_0001_0048" 9813
"/Engine/EngineMaterials/Substrate/Glints2/dict_0001_0049" 9814
"../../../Engine/Content/EngineMaterials/Substrate/Glints2/dict_0001_0036.uasset" 9815
"/Engine/EngineMaterials/Substrate/Glints2/dict_0001_0034" 9816
"/Engine/EngineMaterials/Substrate/Glints2/dict_0001_0038" 9817
"/Engine/EngineMaterials/Substrate/Glints2/dict_0001_0039" 9818
"/Engine/EngineMaterials/Substrate/Glints2/dict_0001_0040" 9819
"/Engine/EngineMaterials/Substrate/Glints2/dict_0001_0041" 9820
"/Engine/EngineMaterials/Substrate/Glints2/dict_0001_0042" 9821
"/Engine/EngineMaterials/Substrate/Glints2/dict_0001_0043" 9822
"/Engine/EngineMaterials/Substrate/Glints2/dict_0001_0044" 9823
"../../../Engine/Content/EngineMaterials/Substrate/Glints2/dict_0001_0023.uasset" 9824
"../../../Engine/Content/EngineMaterials/Substrate/Glints2/dict_0001_0028.uasset" 9825
"../../../Engine/Content/EngineMaterials/Substrate/Glints2/dict_0001_0020.uasset" 9826
"../../../Engine/Content/EngineMaterials/Substrate/Glints2/dict_0001_0019.uasset" 9827
"/Engine/EngineMaterials/Substrate/Glints2/dict_0001_0029" 9828
"../../../Engine/Content/EngineMaterials/Substrate/Glints2/dict_0001_0021.uasset" 9829
"../../../Engine/Content/EngineMaterials/Substrate/Glints2/dict_0001_0015.uasset" 9830
"/Engine/EngineMaterials/Substrate/Glints2/dict_0001_0031" 9831
"../../../Engine/Content/EngineMaterials/Substrate/Glints2/dict_0001_0022.uasset" 9832
"/Engine/EngineMaterials/Substrate/Glints2/dict_0001_0019" 9833
"../../../Engine/Content/EngineMaterials/Substrate/Glints2/dict_0001_0024.uasset" 9834
"/Engine/EngineMaterials/Substrate/Glints2/dict_0001_0020" 9835
"/Engine/EngineMaterials/Substrate/Glints2/dict_0001_0036" 9836
"/Engine/EngineMaterials/Substrate/Glints2/dict_0001_0023" 9837
"../../../Engine/Content/EngineMaterials/Substrate/Glints2/dict_0001_0035.uasset" 9838
"/Engine/EngineMaterials/Substrate/Glints2/dict_0001_0028" 9839
"/Engine/EngineMaterials/Substrate/Glints2/dict_0001_0015" 9840
"/Engine/EngineMaterials/Substrate/Glints2/dict_0001_0035" 9841
"/Engine/EngineMaterials/Substrate/Glints2/dict_0001_0021" 9842
"/Engine/EngineMaterials/Substrate/Glints2/dict_0001_0022" 9843
"/Engine/EngineMaterials/Substrate/Glints2/dict_0001_0024" 9844
"../../../Engine/Content/EngineMaterials/Substrate/Glints2/dict_0001_0016.uasset" 9845
"../../../Engine/Content/EngineMaterials/Substrate/Glints2/dict_0001_0010.uasset" 9846
"../../../Engine/Content/EngineMaterials/Substrate/Glints2/dict_0001_0037.uasset" 9847
"../../../Engine/Content/EngineMaterials/Substrate/Glints2/dict_0001_0008.uasset" 9848
"../../../Engine/Content/EngineMaterials/Substrate/Glints2/dict_0001_0025.uasset" 9849
"../../../Engine/Content/EngineMaterials/Substrate/Glints2/dict_0001_0026.uasset" 9850
"../../../Engine/Content/EngineMaterials/Substrate/Glints2/dict_0001_0011.uasset" 9851
"../../../Engine/Content/EngineMaterials/Substrate/Glints2/dict_0001_0004.uasset" 9852
"../../../Engine/Content/EngineMaterials/Substrate/Glints2/dict_0001_0014.uasset" 9853
"../../../Engine/Content/EngineMaterials/Substrate/Glints2/dict_0001_0003.uasset" 9854
"../../../Engine/Content/EngineMaterials/Substrate/Glints2/dict_0001_0013.uasset" 9855
"../../../Engine/Content/EngineMaterials/Substrate/Glints2/dict_0001_0007.uasset" 9856
"../../../Engine/Content/EngineMaterials/Substrate/Glints2/dict_0001_0009.uasset" 9857
"../../../Engine/Content/EngineMaterials/Substrate/Glints2/dict_0001_0027.uasset" 9858
"../../../Engine/Content/EngineMaterials/Substrate/Glints2/dict_0001_0012.uasset" 9859
"../../../Engine/Content/EngineMaterials/Substrate/Glints2/dict_0001_0017.uasset" 9860
"../../../Engine/Content/EngineMaterials/Substrate/Glints2/dict_0001_0018.uasset" 9861
"../../../Engine/Content/EngineMaterials/Substrate/Glints2/dict_0001_0005.uasset" 9862
"../../../Engine/Content/EngineMaterials/Substrate/Glints2/dict_0001_0006.uasset" 9863
"../../../Engine/Content/EngineMaterials/Substrate/Glints2/dict_0000_0249.uasset" 9864
"/Engine/EngineMaterials/Substrate/Glints2/dict_0001_0016" 9865
"../../../Engine/Content/EngineMaterials/Substrate/Glints2/dict_0000_0248.uasset" 9866
"../../../Engine/Content/EngineMaterials/Substrate/Glints2/dict_0000_0250.uasset" 9867
"../../../Engine/Content/EngineMaterials/Substrate/Glints2/dict_0000_0252.uasset" 9868
"../../../Engine/Content/EngineMaterials/Substrate/Glints2/dict_0001_0000.uasset" 9869
"../../../Engine/Content/EngineMaterials/Substrate/Glints2/dict_0001_0001.uasset" 9870
"/Engine/EngineMaterials/Substrate/Glints2/dict_0001_0017" 9871
"../../../Engine/Content/EngineMaterials/Substrate/Glints2/dict_0000_0251.uasset" 9872
"../../../Engine/Content/EngineMaterials/Substrate/Glints2/dict_0000_0246.uasset" 9873
"../../../Engine/Content/EngineMaterials/Substrate/Glints2/dict_0000_0247.uasset" 9874
"/Engine/EngineMaterials/Substrate/Glints2/dict_0001_0003" 9875
"../../../Engine/Content/EngineMaterials/Substrate/Glints2/dict_0000_0253.uasset" 9876
"/Engine/EngineMaterials/Substrate/Glints2/dict_0001_0004" 9877
"../../../Engine/Content/EngineMaterials/Substrate/Glints2/dict_0000_0254.uasset" 9878
"/Engine/EngineMaterials/Substrate/Glints2/dict_0001_0005" 9879
"/Engine/EngineMaterials/Substrate/Glints2/dict_0001_0006" 9880
"/Engine/EngineMaterials/Substrate/Glints2/dict_0001_0018" 9881
"../../../Engine/Content/EngineMaterials/Substrate/Glints2/dict_0001_0002.uasset" 9882
"/Engine/EngineMaterials/Substrate/Glints2/dict_0001_0007" 9883
"/Engine/EngineMaterials/Substrate/Glints2/dict_0000_0249" 9884
"/Engine/EngineMaterials/Substrate/Glints2/dict_0001_0037" 9885
"../../../Engine/Content/EngineMaterials/Substrate/Glints2/dict_0000_0255.uasset" 9886
"/Engine/EngineMaterials/Substrate/Glints2/dict_0001_0008" 9887
"/Engine/EngineMaterials/Substrate/Glints2/dict_0001_0009" 9888
"/Engine/EngineMaterials/Substrate/Glints2/dict_0001_0010" 9889
"/Engine/EngineMaterials/Substrate/Glints2/dict_0001_0011" 9890
"/Engine/EngineMaterials/Substrate/Glints2/dict_0001_0025" 9891
"/Engine/EngineMaterials/Substrate/Glints2/dict_0001_0026" 9892
"/Engine/EngineMaterials/Substrate/Glints2/dict_0001_0012" 9893
"/Engine/EngineMaterials/Substrate/Glints2/dict_0001_0013" 9894
"/Engine/EngineMaterials/Substrate/Glints2/dict_0001_0014" 9895
"/Engine/EngineMaterials/Substrate/Glints2/dict_0001_0027" 9896
"/Engine/EngineMaterials/Substrate/Glints2/dict_0000_0246" 9897
"/Engine/EngineMaterials/Substrate/Glints2/dict_0000_0251" 9898
"/Engine/EngineMaterials/Substrate/Glints2/dict_0001_0002" 9899
"/Engine/EngineMaterials/Substrate/Glints2/dict_0000_0252" 9900
"/Engine/EngineMaterials/Substrate/Glints2/dict_0000_0253" 9901
"/Engine/EngineMaterials/Substrate/Glints2/dict_0000_0254" 9902
"/Engine/EngineMaterials/Substrate/Glints2/dict_0000_0247" 9903
"../../../Engine/Content/EngineMaterials/Substrate/Glints2/dict_0000_0241.uasset" 9904
"../../../Engine/Content/EngineMaterials/Substrate/Glints2/dict_0000_0234.uasset" 9905
"../../../Engine/Content/EngineMaterials/Substrate/Glints2/dict_0000_0235.uasset" 9906
"../../../Engine/Content/EngineMaterials/Substrate/Glints2/dict_0000_0240.uasset" 9907
"../../../Engine/Content/EngineMaterials/Substrate/Glints2/dict_0000_0238.uasset" 9908
"../../../Engine/Content/EngineMaterials/Substrate/Glints2/dict_0000_0230.uasset" 9909
"../../../Engine/Content/EngineMaterials/Substrate/Glints2/dict_0000_0228.uasset" 9910
"../../../Engine/Content/EngineMaterials/Substrate/Glints2/dict_0000_0243.uasset" 9911
"../../../Engine/Content/EngineMaterials/Substrate/Glints2/dict_0000_0236.uasset" 9912
"../../../Engine/Content/EngineMaterials/Substrate/Glints2/dict_0000_0229.uasset" 9913
"/Engine/EngineMaterials/Substrate/Glints2/dict_0000_0255" 9914
"../../../Engine/Content/EngineMaterials/Substrate/Glints2/dict_0000_0227.uasset" 9915
"../../../Engine/Content/EngineMaterials/Substrate/Glints2/dict_0000_0237.uasset" 9916
"/Engine/EngineMaterials/Substrate/Glints2/dict_0000_0248" 9917
"../../../Engine/Content/EngineMaterials/Substrate/Glints2/dict_0000_0245.uasset" 9918
"../../../Engine/Content/EngineMaterials/Substrate/Glints2/dict_0000_0239.uasset" 9919
"/Engine/EngineMaterials/Substrate/Glints2/dict_0001_0000" 9920
"/Engine/EngineMaterials/Substrate/Glints2/dict_0000_0250" 9921
"../../../Engine/Content/EngineMaterials/Substrate/Glints2/dict_0000_0232.uasset" 9922
"../../../Engine/Content/EngineMaterials/Substrate/Glints2/dict_0000_0242.uasset" 9923
"/Engine/EngineMaterials/Substrate/Glints2/dict_0001_0001" 9924
"../../../Engine/Content/EngineMaterials/Substrate/Glints2/dict_0000_0231.uasset" 9925
"/Engine/EngineMaterials/Substrate/Glints2/dict_0000_0227" 9926
"/Engine/EngineMaterials/Substrate/Glints2/dict_0000_0228" 9927
"/Engine/EngineMaterials/Substrate/Glints2/dict_0000_0229" 9928
"../../../Engine/Content/EngineMaterials/Substrate/Glints2/dict_0000_0233.uasset" 9929
"/Engine/EngineMaterials/Substrate/Glints2/dict_0000_0230" 9930
"/Engine/EngineMaterials/Substrate/Glints2/dict_0000_0231" 9931
"../../../Engine/Content/EngineMaterials/Substrate/Glints2/dict_0000_0226.uasset" 9932
"/Engine/EngineMaterials/Substrate/Glints2/dict_0000_0232" 9933
"/Engine/EngineMaterials/Substrate/Glints2/dict_0000_0234" 9934
"/Engine/EngineMaterials/Substrate/Glints2/dict_0000_0235" 9935
"../../../Engine/Content/EngineMaterials/Substrate/Glints2/dict_0000_0218.uasset" 9936
"../../../Engine/Content/EngineMaterials/Substrate/Glints2/dict_0000_0220.uasset" 9937
"../../../Engine/Content/EngineMaterials/Substrate/Glints2/dict_0000_0221.uasset" 9938
"../../../Engine/Content/EngineMaterials/Substrate/Glints2/dict_0000_0224.uasset" 9939
"../../../Engine/Content/EngineMaterials/Substrate/Glints2/dict_0000_0216.uasset" 9940
"../../../Engine/Content/EngineMaterials/Substrate/Glints2/dict_0000_0225.uasset" 9941
"/Engine/EngineMaterials/Substrate/Glints2/dict_0000_0236" 9942
"../../../Engine/Content/EngineMaterials/Substrate/Glints2/dict_0000_0214.uasset" 9943
"../../../Engine/Content/EngineMaterials/Substrate/Glints2/dict_0000_0215.uasset" 9944
"/Engine/EngineMaterials/Substrate/Glints2/dict_0000_0237" 9945
"../../../Engine/Content/EngineMaterials/Substrate/Glints2/dict_0000_0244.uasset" 9946
"/Engine/EngineMaterials/Substrate/Glints2/dict_0000_0238" 9947
"../../../Engine/Content/EngineMaterials/Substrate/Glints2/dict_0000_0222.uasset" 9948
"../../../Engine/Content/EngineMaterials/Substrate/Glints2/dict_0000_0217.uasset" 9949
"/Engine/EngineMaterials/Substrate/Glints2/dict_0000_0239" 9950
"../../../Engine/Content/EngineMaterials/Substrate/Glints2/dict_0000_0223.uasset" 9951
"/Engine/EngineMaterials/Substrate/Glints2/dict_0000_0240" 9952
"../../../Engine/Content/EngineMaterials/Substrate/Glints2/dict_0000_0219.uasset" 9953
"/Engine/EngineMaterials/Substrate/Glints2/dict_0000_0241" 9954
"/Engine/EngineMaterials/Substrate/Glints2/dict_0000_0242" 9955
"/Engine/EngineMaterials/Substrate/Glints2/dict_0000_0243" 9956
"/Engine/EngineMaterials/Substrate/Glints2/dict_0000_0245" 9957
"/Engine/EngineMaterials/Substrate/Glints2/dict_0000_0214" 9958
"/Engine/EngineMaterials/Substrate/Glints2/dict_0000_0215" 9959
"/Engine/EngineMaterials/Substrate/Glints2/dict_0000_0216" 9960
"/Engine/EngineMaterials/Substrate/Glints2/dict_0000_0226" 9961
"/Engine/EngineMaterials/Substrate/Glints2/dict_0000_0217" 9962
"/Engine/EngineMaterials/Substrate/Glints2/dict_0000_0218" 9963
"/Engine/EngineMaterials/Substrate/Glints2/dict_0000_0233" 9964
"/Engine/EngineMaterials/Substrate/Glints2/dict_0000_0219" 9965
"/Engine/EngineMaterials/Substrate/Glints2/dict_0000_0220" 9966
"/Engine/EngineMaterials/Substrate/Glints2/dict_0000_0221" 9967
"/Engine/EngineMaterials/Substrate/Glints2/dict_0000_0222" 9968
"/Engine/EngineMaterials/Substrate/Glints2/dict_0000_0223" 9969
"/Engine/EngineMaterials/Substrate/Glints2/dict_0000_0224" 9970
"/Engine/EngineMaterials/Substrate/Glints2/dict_0000_0244" 9971
"/Engine/EngineMaterials/Substrate/Glints2/dict_0000_0225" 9972
"../../../Engine/Content/EngineMaterials/Substrate/Glints2/dict_0000_0207.uasset" 9973
"../../../Engine/Content/EngineMaterials/Substrate/Glints2/dict_0000_0211.uasset" 9974
"../../../Engine/Content/EngineMaterials/Substrate/Glints2/dict_0000_0210.uasset" 9975
"../../../Engine/Content/EngineMaterials/Substrate/Glints2/dict_0000_0212.uasset" 9976
"../../../Engine/Content/EngineMaterials/Substrate/Glints2/dict_0000_0204.uasset" 9977
"../../../Engine/Content/EngineMaterials/Substrate/Glints2/dict_0000_0205.uasset" 9978
"../../../Engine/Content/EngineMaterials/Substrate/Glints2/dict_0000_0202.uasset" 9979
"../../../Engine/Content/EngineMaterials/Substrate/Glints2/dict_0000_0197.uasset" 9980
"../../../Engine/Content/EngineMaterials/Substrate/Glints2/dict_0000_0208.uasset" 9981
"../../../Engine/Content/EngineMaterials/Substrate/Glints2/dict_0000_0209.uasset" 9982
"../../../Engine/Content/EngineMaterials/Substrate/Glints2/dict_0000_0190.uasset" 9983
"../../../Engine/Content/EngineMaterials/Substrate/Glints2/dict_0000_0206.uasset" 9984
"/Engine/EngineMaterials/Substrate/Glints2/dict_0000_0197" 9985
"../../../Engine/Content/EngineMaterials/Substrate/Glints2/dict_0000_0192.uasset" 9986
"../../../Engine/Content/EngineMaterials/Substrate/Glints2/dict_0000_0196.uasset" 9987
"../../../Engine/Content/EngineMaterials/Substrate/Glints2/dict_0000_0188.uasset" 9988
"../../../Engine/Content/EngineMaterials/Substrate/Glints2/dict_0000_0198.uasset" 9989
"../../../Engine/Content/EngineMaterials/Substrate/Glints2/dict_0000_0194.uasset" 9990
"../../../Engine/Content/EngineMaterials/Substrate/Glints2/dict_0000_0200.uasset" 9991
"../../../Engine/Content/EngineMaterials/Substrate/Glints2/dict_0000_0213.uasset" 9992
"../../../Engine/Content/EngineMaterials/Substrate/Glints2/dict_0000_0191.uasset" 9993
"../../../Engine/Content/EngineMaterials/Substrate/Glints2/dict_0000_0189.uasset" 9994
"/Engine/EngineMaterials/Substrate/Glints2/dict_0000_0202" 9995
"../../../Engine/Content/EngineMaterials/Substrate/Glints2/dict_0000_0195.uasset" 9996
"../../../Engine/Content/EngineMaterials/Substrate/Glints2/dict_0000_0193.uasset" 9997
"../../../Engine/Content/EngineMaterials/Substrate/Glints2/dict_0000_0199.uasset" 9998
"/Engine/EngineMaterials/Substrate/Glints2/dict_0000_0204" 9999
"/Engine/EngineMaterials/Substrate/Glints2/dict_0000_0205" 10000
"/Engine/EngineMaterials/Substrate/Glints2/dict_0000_0207" 10001
"/Engine/EngineMaterials/Substrate/Glints2/dict_0000_0208" 10002
"../../../Engine/Content/EngineMaterials/Substrate/Glints2/dict_0000_0201.uasset" 10003
"/Engine/EngineMaterials/Substrate/Glints2/dict_0000_0209" 10004
"../../../Engine/Content/EngineMaterials/Substrate/Glints2/dict_0000_0203.uasset" 10005
"/Engine/EngineMaterials/Substrate/Glints2/dict_0000_0210" 10006
"/Engine/EngineMaterials/Substrate/Glints2/dict_0000_0211" 10007
"../../../Engine/Content/EngineMaterials/Substrate/Glints2/dict_0000_0184.uasset" 10008
"/Engine/EngineMaterials/Substrate/Glints2/dict_0000_0212" 10009
"/Engine/EngineMaterials/Substrate/Glints2/dict_0000_0184" 10010
"../../../Engine/Content/EngineMaterials/Substrate/Glints2/dict_0000_0185.uasset" 10011
"/Engine/EngineMaterials/Substrate/Glints2/dict_0000_0198" 10012
"../../../Engine/Content/EngineMaterials/Substrate/Glints2/dict_0000_0186.uasset" 10013
"../../../Engine/Content/EngineMaterials/Substrate/Glints2/dict_0000_0183.uasset" 10014
"/Engine/EngineMaterials/Substrate/Glints2/dict_0000_0199" 10015
"../../../Engine/Content/EngineMaterials/Substrate/Glints2/dict_0000_0187.uasset" 10016
"/Engine/EngineMaterials/Substrate/Glints2/dict_0000_0200" 10017
"/Engine/EngineMaterials/Substrate/Glints2/dict_0000_0201" 10018
"/Engine/EngineMaterials/Substrate/Glints2/dict_0000_0188" 10019
"/Engine/EngineMaterials/Substrate/Glints2/dict_0000_0189" 10020
"/Engine/EngineMaterials/Substrate/Glints2/dict_0000_0190" 10021
"../../../Engine/Content/EngineMaterials/Substrate/Glints2/dict_0000_0182.uasset" 10022
"/Engine/EngineMaterials/Substrate/Glints2/dict_0000_0191" 10023
"/Engine/EngineMaterials/Substrate/Glints2/dict_0000_0192" 10024
"/Engine/EngineMaterials/Substrate/Glints2/dict_0000_0203" 10025
"/Engine/EngineMaterials/Substrate/Glints2/dict_0000_0193" 10026
"/Engine/EngineMaterials/Substrate/Glints2/dict_0000_0194" 10027
"/Engine/EngineMaterials/Substrate/Glints2/dict_0000_0206" 10028
"/Engine/EngineMaterials/Substrate/Glints2/dict_0000_0195" 10029
"../../../Engine/Content/EngineMaterials/Substrate/Glints2/dict_0000_0172.uasset" 10030
"../../../Engine/Content/EngineMaterials/Substrate/Glints2/dict_0000_0175.uasset" 10031
"../../../Engine/Content/EngineMaterials/Substrate/Glints2/dict_0000_0177.uasset" 10032
"/Engine/EngineMaterials/Substrate/Glints2/dict_0000_0213" 10033
"../../../Engine/Content/EngineMaterials/Substrate/Glints2/dict_0000_0180.uasset" 10034
"/Engine/EngineMaterials/Substrate/Glints2/dict_0000_0196" 10035
"/Engine/EngineMaterials/Substrate/Glints2/dict_0000_0182" 10036
"../../../Engine/Content/EngineMaterials/Substrate/Glints2/dict_0000_0179.uasset" 10037
"/Engine/EngineMaterials/Substrate/Glints2/dict_0000_0183" 10038
"../../../Engine/Content/EngineMaterials/Substrate/Glints2/dict_0000_0173.uasset" 10039
"../../../Engine/Content/EngineMaterials/Substrate/Glints2/dict_0000_0181.uasset" 10040
"/Engine/EngineMaterials/Substrate/Glints2/dict_0000_0185" 10041
"../../../Engine/Content/EngineMaterials/Substrate/Glints2/dict_0000_0178.uasset" 10042
"/Engine/EngineMaterials/Substrate/Glints2/dict_0000_0172" 10043
"/Engine/EngineMaterials/Substrate/Glints2/dict_0000_0186" 10044
"/Engine/EngineMaterials/Substrate/Glints2/dict_0000_0187" 10045
"../../../Engine/Content/EngineMaterials/Substrate/Glints2/dict_0000_0176.uasset" 10046
"../../../Engine/Content/EngineMaterials/Substrate/Glints2/dict_0000_0174.uasset" 10047
"../../../Engine/Content/EngineMaterials/Substrate/Glints2/dict_0000_0171.uasset" 10048
"/Engine/EngineMaterials/Substrate/Glints2/dict_0000_0175" 10049
"/Engine/EngineMaterials/Substrate/Glints2/dict_0000_0177" 10050
"../../../Engine/Content/EngineMaterials/Substrate/Glints2/dict_0000_0167.uasset" 10051
"/Engine/EngineMaterials/Substrate/Glints2/dict_0000_0180" 10052
"../../../Engine/Content/EngineMaterials/Substrate/Glints2/dict_0000_0168.uasset" 10053
"../../../Engine/Content/EngineMaterials/Substrate/Glints2/dict_0000_0169.uasset" 10054
"../../../Engine/Content/EngineMaterials/Substrate/Glints2/dict_0000_0166.uasset" 10055
"../../../Engine/Content/EngineMaterials/Substrate/Glints2/dict_0000_0160.uasset" 10056
"../../../Engine/Content/EngineMaterials/Substrate/Glints2/dict_0000_0159.uasset" 10057
"../../../Engine/Content/EngineMaterials/Substrate/Glints2/dict_0000_0165.uasset" 10058
"/Engine/EngineMaterials/Substrate/Glints2/dict_0000_0159" 10059
"../../../Engine/Content/EngineMaterials/Substrate/Glints2/dict_0000_0170.uasset" 10060
"../../../Engine/Content/EngineMaterials/Substrate/Glints2/dict_0000_0162.uasset" 10061
"../../../Engine/Content/EngineMaterials/Substrate/Glints2/dict_0000_0164.uasset" 10062
"/Engine/EngineMaterials/Substrate/Glints2/dict_0000_0173" 10063
"../../../Engine/Content/EngineMaterials/Substrate/Glints2/dict_0000_0156.uasset" 10064
"../../../Engine/Content/EngineMaterials/Substrate/Glints2/dict_0000_0155.uasset" 10065
"/Engine/EngineMaterials/Substrate/Glints2/dict_0000_0160" 10066
"/Engine/EngineMaterials/Substrate/Glints2/dict_0000_0174" 10067
"../../../Engine/Content/EngineMaterials/Substrate/Glints2/dict_0000_0161.uasset" 10068
"../../../Engine/Content/EngineMaterials/Substrate/Glints2/dict_0000_0157.uasset" 10069
"/Engine/EngineMaterials/Substrate/Glints2/dict_0000_0166" 10070
"../../../Engine/Content/EngineMaterials/Substrate/Glints2/dict_0000_0158.uasset" 10071
"../../../Engine/Content/EngineMaterials/Substrate/Glints2/dict_0000_0163.uasset" 10072
"/Engine/EngineMaterials/Substrate/Glints2/dict_0000_0167" 10073
"/Engine/EngineMaterials/Substrate/Glints2/dict_0000_0168" 10074
"/Engine/EngineMaterials/Substrate/Glints2/dict_0000_0176" 10075
"/Engine/EngineMaterials/Substrate/Glints2/dict_0000_0178" 10076
"/Engine/EngineMaterials/Substrate/Glints2/dict_0000_0179" 10077
"../../../Engine/Content/EngineMaterials/Substrate/Glints2/dict_0000_0154.uasset" 10078
"/Engine/EngineMaterials/Substrate/Glints2/dict_0000_0181" 10079
"../../../Engine/Content/EngineMaterials/Substrate/Glints2/dict_0000_0148.uasset" 10080
"../../../Engine/Content/EngineMaterials/Substrate/Glints2/dict_0000_0146.uasset" 10081
"../../../Engine/Content/EngineMaterials/Substrate/Glints2/dict_0000_0149.uasset" 10082
"../../../Engine/Content/EngineMaterials/Substrate/Glints2/dict_0000_0147.uasset" 10083
"../../../Engine/Content/EngineMaterials/Substrate/Glints2/dict_0000_0152.uasset" 10084
"/Engine/EngineMaterials/Substrate/Glints2/dict_0000_0169" 10085
"../../../Engine/Content/EngineMaterials/Substrate/Glints2/dict_0000_0153.uasset" 10086
"/Engine/EngineMaterials/Substrate/Glints2/dict_0000_0171" 10087
"../../../Engine/Content/EngineMaterials/Substrate/Glints2/dict_0000_0150.uasset" 10088
"/Engine/EngineMaterials/Substrate/Glints2/dict_0000_0146" 10089
"/Engine/EngineMaterials/Substrate/Glints2/dict_0000_0147" 10090
"../../../Engine/Content/EngineMaterials/Substrate/Glints2/dict_0000_0151.uasset" 10091
"/Engine/EngineMaterials/Substrate/Glints2/dict_0000_0155" 10092
"/Engine/EngineMaterials/Substrate/Glints2/dict_0000_0148" 10093
"/Engine/EngineMaterials/Substrate/Glints2/dict_0000_0149" 10094
"/Engine/EngineMaterials/Substrate/Glints2/dict_0000_0150" 10095
"/Engine/EngineMaterials/Substrate/Glints2/dict_0000_0156" 10096
"/Engine/EngineMaterials/Substrate/Glints2/dict_0000_0157" 10097
"../../../Engine/Content/EngineMaterials/Substrate/Glints2/dict_0000_0145.uasset" 10098
"../../../Engine/Content/EngineMaterials/Substrate/Glints2/dict_0000_0139.uasset" 10099
"../../../Engine/Content/EngineMaterials/Substrate/Glints2/dict_0000_0143.uasset" 10100
"../../../Engine/Content/EngineMaterials/Substrate/Glints2/dict_0000_0135.uasset" 10101
"../../../Engine/Content/EngineMaterials/Substrate/Glints2/dict_0000_0144.uasset" 10102
"../../../Engine/Content/EngineMaterials/Substrate/Glints2/dict_0000_0136.uasset" 10103
"/Engine/EngineMaterials/Substrate/Glints2/dict_0000_0158" 10104
"../../../Engine/Content/EngineMaterials/Substrate/Glints2/dict_0000_0138.uasset" 10105
"../../../Engine/Content/EngineMaterials/Substrate/Glints2/dict_0000_0142.uasset" 10106
"../../../Engine/Content/EngineMaterials/Substrate/Glints2/dict_0000_0137.uasset" 10107
"/Engine/EngineMaterials/Substrate/Glints2/dict_0000_0161" 10108
"../../../Engine/Content/EngineMaterials/Substrate/Glints2/dict_0000_0140.uasset" 10109
"../../../Engine/Content/EngineMaterials/Substrate/Glints2/dict_0000_0141.uasset" 10110
"/Engine/EngineMaterials/Substrate/Glints2/dict_0000_0162" 10111
"../../../Engine/Content/EngineMaterials/Substrate/Glints2/dict_0000_0133.uasset" 10112
"/Engine/EngineMaterials/Substrate/Glints2/dict_0000_0163" 10113
"/Engine/EngineMaterials/Substrate/Glints2/dict_0000_0164" 10114
"/Engine/EngineMaterials/Substrate/Glints2/dict_0000_0165" 10115
"/Engine/EngineMaterials/Substrate/Glints2/dict_0000_0152" 10116
"/Engine/EngineMaterials/Substrate/Glints2/dict_0000_0153" 10117
"../../../Engine/Content/EngineMaterials/Substrate/Glints2/dict_0000_0134.uasset" 10118
"/Engine/EngineMaterials/Substrate/Glints2/dict_0000_0154" 10119
"/Engine/EngineMaterials/Substrate/Glints2/dict_0000_0170" 10120
"/Engine/EngineMaterials/Substrate/Glints2/dict_0000_0133" 10121
"/Engine/EngineMaterials/Substrate/Glints2/dict_0000_0134" 10122
"/Engine/EngineMaterials/Substrate/Glints2/dict_0000_0151" 10123
"/Engine/EngineMaterials/Substrate/Glints2/dict_0000_0135" 10124
"/Engine/EngineMaterials/Substrate/Glints2/dict_0000_0136" 10125
"/Engine/EngineMaterials/Substrate/Glints2/dict_0000_0137" 10126
"/Engine/EngineMaterials/Substrate/Glints2/dict_0000_0138" 10127
"/Engine/EngineMaterials/Substrate/Glints2/dict_0000_0139" 10128
"../../../Engine/Content/EngineMaterials/Substrate/Glints2/dict_0000_0131.uasset" 10129
"../../../Engine/Content/EngineMaterials/Substrate/Glints2/dict_0000_0132.uasset" 10130
"../../../Engine/Content/EngineMaterials/Substrate/Glints2/dict_0000_0124.uasset" 10131
"/Engine/EngineMaterials/Substrate/Glints2/dict_0000_0140" 10132
"../../../Engine/Content/EngineMaterials/Substrate/Glints2/dict_0000_0127.uasset" 10133
"../../../Engine/Content/EngineMaterials/Substrate/Glints2/dict_0000_0129.uasset" 10134
"/Engine/EngineMaterials/Substrate/Glints2/dict_0000_0141" 10135
"../../../Engine/Content/EngineMaterials/Substrate/Glints2/dict_0000_0122.uasset" 10136
"../../../Engine/Content/EngineMaterials/Substrate/Glints2/dict_0000_0125.uasset" 10137
"../../../Engine/Content/EngineMaterials/Substrate/Glints2/dict_0000_0120.uasset" 10138
"/Engine/EngineMaterials/Substrate/Glints2/dict_0000_0142" 10139
"../../../Engine/Content/EngineMaterials/Substrate/Glints2/dict_0000_0119.uasset" 10140
"/Engine/EngineMaterials/Substrate/Glints2/dict_0000_0143" 10141
"../../../Engine/Content/EngineMaterials/Substrate/Glints2/dict_0000_0117.uasset" 10142
"../../../Engine/Content/EngineMaterials/Substrate/Glints2/dict_0000_0128.uasset" 10143
"../../../Engine/Content/EngineMaterials/Substrate/Glints2/dict_0000_0116.uasset" 10144
"../../../Engine/Content/EngineMaterials/Substrate/Glints2/dict_0000_0123.uasset" 10145
"../../../Engine/Content/EngineMaterials/Substrate/Glints2/dict_0000_0130.uasset" 10146
"/Engine/EngineMaterials/Substrate/Glints2/dict_0000_0144" 10147
"/Engine/EngineMaterials/Substrate/Glints2/dict_0000_0145" 10148
"/Engine/EngineMaterials/Substrate/Glints2/dict_0000_0116" 10149
"../../../Engine/Content/EngineMaterials/Substrate/Glints2/dict_0000_0126.uasset" 10150
"../../../Engine/Content/EngineMaterials/Substrate/Glints2/dict_0000_0121.uasset" 10151
"../../../Engine/Content/EngineMaterials/Substrate/Glints2/dict_0000_0118.uasset" 10152
"/Engine/EngineMaterials/Substrate/Glints2/dict_0000_0117" 10153
"/Engine/EngineMaterials/Substrate/Glints2/dict_0000_0119" 10154
"/Engine/EngineMaterials/Substrate/Glints2/dict_0000_0120" 10155
"/Engine/EngineMaterials/Substrate/Glints2/dict_0000_0122" 10156
"/Engine/EngineMaterials/Substrate/Glints2/dict_0000_0123" 10157
"/Engine/EngineMaterials/Substrate/Glints2/dict_0000_0124" 10158
"/Engine/EngineMaterials/Substrate/Glints2/dict_0000_0125" 10159
"/Engine/EngineMaterials/Substrate/Glints2/dict_0000_0127" 10160
"/Engine/EngineMaterials/Substrate/Glints2/dict_0000_0128" 10161
"/Engine/EngineMaterials/Substrate/Glints2/dict_0000_0129" 10162
"/Engine/EngineMaterials/Substrate/Glints2/dict_0000_0130" 10163
"/Engine/EngineMaterials/Substrate/Glints2/dict_0000_0131" 10164
"../../../Engine/Content/EngineMaterials/Substrate/Glints2/dict_0000_0115.uasset" 10165
"/Engine/EngineMaterials/Substrate/Glints2/dict_0000_0132" 10166
"/Engine/EngineMaterials/Substrate/Glints2/dict_0000_0115" 10167
"../../../Engine/Content/EngineMaterials/Substrate/Glints2/dict_0000_0105.uasset" 10168
"../../../Engine/Content/EngineMaterials/Substrate/Glints2/dict_0000_0114.uasset" 10169
"../../../Engine/Content/EngineMaterials/Substrate/Glints2/dict_0000_0110.uasset" 10170
"../../../Engine/Content/EngineMaterials/Substrate/Glints2/dict_0000_0112.uasset" 10171
"../../../Engine/Content/EngineMaterials/Substrate/Glints2/dict_0000_0107.uasset" 10172
"/Engine/EngineMaterials/Substrate/Glints2/dict_0000_0118" 10173
"../../../Engine/Content/EngineMaterials/Substrate/Glints2/dict_0000_0101.uasset" 10174
"../../../Engine/Content/EngineMaterials/Substrate/Glints2/dict_0000_0102.uasset" 10175
"../../../Engine/Content/EngineMaterials/Substrate/Glints2/dict_0000_0113.uasset" 10176
"../../../Engine/Content/EngineMaterials/Substrate/Glints2/dict_0000_0108.uasset" 10177
"/Engine/EngineMaterials/Substrate/Glints2/dict_0000_0121" 10178
"../../../Engine/Content/EngineMaterials/Substrate/Glints2/dict_0000_0109.uasset" 10179
"../../../Engine/Content/EngineMaterials/Substrate/Glints2/dict_0000_0104.uasset" 10180
"/Engine/EngineMaterials/Substrate/Glints2/dict_0000_0126" 10181
"../../../Engine/Content/EngineMaterials/Substrate/Glints2/dict_0000_0111.uasset" 10182
"/Engine/EngineMaterials/Substrate/Glints2/dict_0000_0101" 10183
"/Engine/EngineMaterials/Substrate/Glints2/dict_0000_0102" 10184
"/Engine/EngineMaterials/Substrate/Glints2/dict_0000_0104" 10185
"/Engine/EngineMaterials/Substrate/Glints2/dict_0000_0105" 10186
"/Engine/EngineMaterials/Substrate/Glints2/dict_0000_0107" 10187
"/Engine/EngineMaterials/Substrate/Glints2/dict_0000_0108" 10188
"../../../Engine/Content/EngineMaterials/Substrate/Glints2/dict_0000_0094.uasset" 10189
"../../../Engine/Content/EngineMaterials/Substrate/Glints2/dict_0000_0097.uasset" 10190
"/Engine/EngineMaterials/Substrate/Glints2/dict_0000_0109" 10191
"../../../Engine/Content/EngineMaterials/Substrate/Glints2/dict_0000_0103.uasset" 10192
"../../../Engine/Content/EngineMaterials/Substrate/Glints2/dict_0000_0087.uasset" 10193
"../../../Engine/Content/EngineMaterials/Substrate/Glints2/dict_0000_0098.uasset" 10194
"../../../Engine/Content/EngineMaterials/Substrate/Glints2/dict_0000_0095.uasset" 10195
"../../../Engine/Content/EngineMaterials/Substrate/Glints2/dict_0000_0099.uasset" 10196
"../../../Engine/Content/EngineMaterials/Substrate/Glints2/dict_0000_0092.uasset" 10197
"../../../Engine/Content/EngineMaterials/Substrate/Glints2/dict_0000_0096.uasset" 10198
"/Engine/EngineMaterials/Substrate/Glints2/dict_0000_0110" 10199
"/Engine/EngineMaterials/Substrate/Glints2/dict_0000_0111" 10200
"/Engine/EngineMaterials/Substrate/Glints2/dict_0000_0112" 10201
"../../../Engine/Content/EngineMaterials/Substrate/Glints2/dict_0000_0100.uasset" 10202
"../../../Engine/Content/EngineMaterials/Substrate/Glints2/dict_0000_0106.uasset" 10203
"/Engine/EngineMaterials/Substrate/Glints2/dict_0000_0113" 10204
"../../../Engine/Content/EngineMaterials/Substrate/Glints2/dict_0000_0093.uasset" 10205
"../../../Engine/Content/EngineMaterials/Substrate/Glints2/dict_0000_0091.uasset" 10206
"/Engine/EngineMaterials/Substrate/Glints2/dict_0000_0114" 10207
"/Engine/EngineMaterials/Substrate/Glints2/dict_0000_0087" 10208
"../../../Engine/Content/EngineMaterials/Substrate/Glints2/dict_0000_0090.uasset" 10209
"/Engine/EngineMaterials/Substrate/Glints2/dict_0000_0091" 10210
"/Engine/EngineMaterials/Substrate/Glints2/dict_0000_0092" 10211
"/Engine/EngineMaterials/Substrate/Glints2/dict_0000_0103" 10212
"/Engine/EngineMaterials/Substrate/Glints2/dict_0000_0093" 10213
"../../../Engine/Content/EngineMaterials/Substrate/Glints2/dict_0000_0089.uasset" 10214
"/Engine/EngineMaterials/Substrate/Glints2/dict_0000_0094" 10215
"../../../Engine/Content/EngineMaterials/Substrate/Glints2/dict_0000_0083.uasset" 10216
"/Engine/EngineMaterials/Substrate/Glints2/dict_0000_0095" 10217
"../../../Engine/Content/EngineMaterials/Substrate/Glints2/dict_0000_0088.uasset" 10218
"../../../Engine/Content/EngineMaterials/Substrate/Glints2/dict_0000_0086.uasset" 10219
"/Engine/EngineMaterials/Substrate/Glints2/dict_0000_0096" 10220
"/Engine/EngineMaterials/Substrate/Glints2/dict_0000_0106" 10221
"../../../Engine/Content/EngineMaterials/Substrate/Glints2/dict_0000_0085.uasset" 10222
"/Engine/EngineMaterials/Substrate/Glints2/dict_0000_0097" 10223
"/Engine/EngineMaterials/Substrate/Glints2/dict_0000_0098" 10224
"../../../Engine/Content/EngineMaterials/Substrate/Glints2/dict_0000_0081.uasset" 10225
"../../../Engine/Content/EngineMaterials/Substrate/Glints2/dict_0000_0073.uasset" 10226
"/Engine/EngineMaterials/Substrate/Glints2/dict_0000_0099" 10227
"../../../Engine/Content/EngineMaterials/Substrate/Glints2/dict_0000_0079.uasset" 10228
"../../../Engine/Content/EngineMaterials/Substrate/Glints2/dict_0000_0076.uasset" 10229
"../../../Engine/Content/EngineMaterials/Substrate/Glints2/dict_0000_0071.uasset" 10230
"/Engine/EngineMaterials/Substrate/Glints2/dict_0000_0100" 10231
"../../../Engine/Content/EngineMaterials/Substrate/Glints2/dict_0000_0075.uasset" 10232
"../../../Engine/Content/EngineMaterials/Substrate/Glints2/dict_0000_0077.uasset" 10233
"../../../Engine/Content/EngineMaterials/Substrate/Glints2/dict_0000_0084.uasset" 10234
"../../../Engine/Content/EngineMaterials/Substrate/Glints2/dict_0000_0078.uasset" 10235
"/Engine/EngineMaterials/Substrate/Glints2/dict_0000_0083" 10236
"/Engine/EngineMaterials/Substrate/Glints2/dict_0000_0088" 10237
"../../../Engine/Content/EngineMaterials/Substrate/Glints2/dict_0000_0074.uasset" 10238
"/Engine/EngineMaterials/Substrate/Glints2/dict_0000_0084" 10239
"../../../Engine/Content/EngineMaterials/Substrate/Glints2/dict_0000_0082.uasset" 10240
"/Engine/EngineMaterials/Substrate/Glints2/dict_0000_0089" 10241
"/Engine/EngineMaterials/Substrate/Glints2/dict_0000_0090" 10242
"../../../Engine/Content/EngineMaterials/Substrate/Glints2/dict_0000_0080.uasset" 10243
"/Engine/EngineMaterials/Substrate/Glints2/dict_0000_0085" 10244
"../../../Engine/Content/EngineMaterials/Substrate/Glints2/dict_0000_0072.uasset" 10245
"/Engine/EngineMaterials/Substrate/Glints2/dict_0000_0071" 10246
"/Engine/EngineMaterials/Substrate/Glints2/dict_0000_0073" 10247
"/Engine/EngineMaterials/Substrate/Glints2/dict_0000_0086" 10248
"/Engine/EngineMaterials/Substrate/Glints2/dict_0000_0075" 10249
"/Engine/EngineMaterials/Substrate/Glints2/dict_0000_0076" 10250
"/Engine/EngineMaterials/Substrate/Glints2/dict_0000_0077" 10251
"../../../Engine/Content/EngineMaterials/Substrate/Glints2/dict_0000_0062.uasset" 10252
"../../../Engine/Content/EngineMaterials/Substrate/Glints2/dict_0000_0063.uasset" 10253
"/Engine/EngineMaterials/Substrate/Glints2/dict_0000_0078" 10254
"../../../Engine/Content/EngineMaterials/Substrate/Glints2/dict_0000_0061.uasset" 10255
"../../../Engine/Content/EngineMaterials/Substrate/Glints2/dict_0000_0069.uasset" 10256
"../../../Engine/Content/EngineMaterials/Substrate/Glints2/dict_0000_0065.uasset" 10257
"../../../Engine/Content/EngineMaterials/Substrate/Glints2/dict_0000_0066.uasset" 10258
"../../../Engine/Content/EngineMaterials/Substrate/Glints2/dict_0000_0064.uasset" 10259
"/Engine/EngineMaterials/Substrate/Glints2/dict_0000_0079" 10260
"../../../Engine/Content/EngineMaterials/Substrate/Glints2/dict_0000_0060.uasset" 10261
"/Engine/EngineMaterials/Substrate/Glints2/dict_0000_0081" 10262
"../../../Engine/Content/EngineMaterials/Substrate/Glints2/dict_0000_0067.uasset" 10263
"../../../Engine/Content/EngineMaterials/Substrate/Glints2/dict_0000_0070.uasset" 10264
"/Engine/EngineMaterials/Substrate/Glints2/dict_0000_0060" 10265
"/Engine/EngineMaterials/Substrate/Glints2/dict_0000_0072" 10266
"../../../Engine/Content/EngineMaterials/Substrate/Glints2/dict_0000_0068.uasset" 10267
"../../../Engine/Content/EngineMaterials/Substrate/Glints2/dict_0000_0059.uasset" 10268
"/Engine/EngineMaterials/Substrate/Glints2/dict_0000_0061" 10269
"../../../Engine/Content/EngineMaterials/Substrate/Glints2/dict_0000_0058.uasset" 10270
"/Engine/EngineMaterials/Substrate/Glints2/dict_0000_0062" 10271
"../../../Engine/Content/EngineMaterials/Substrate/Glints2/dict_0000_0047.uasset" 10272
"../../../Engine/Content/EngineMaterials/Substrate/Glints2/dict_0000_0049.uasset" 10273
"../../../Engine/Content/EngineMaterials/Substrate/Glints2/dict_0000_0048.uasset" 10274
"../../../Engine/Content/EngineMaterials/Substrate/Glints2/dict_0000_0050.uasset" 10275
"../../../Engine/Content/EngineMaterials/Substrate/Glints2/dict_0000_0056.uasset" 10276
"../../../Engine/Content/EngineMaterials/Substrate/Glints2/dict_0000_0045.uasset" 10277
"../../../Engine/Content/EngineMaterials/Substrate/Glints2/dict_0000_0052.uasset" 10278
"../../../Engine/Content/EngineMaterials/Substrate/Glints2/dict_0000_0051.uasset" 10279
"/Engine/EngineMaterials/Substrate/Glints2/dict_0000_0063" 10280
"../../../Engine/Content/EngineMaterials/Substrate/Glints2/dict_0000_0046.uasset" 10281
"/Engine/EngineMaterials/Substrate/Glints2/dict_0000_0064" 10282
"../../../Engine/Content/EngineMaterials/Substrate/Glints2/dict_0000_0054.uasset" 10283
"/Engine/EngineMaterials/Substrate/Glints2/dict_0000_0065" 10284
"../../../Engine/Content/EngineMaterials/Substrate/Glints2/dict_0000_0055.uasset" 10285
"/Engine/EngineMaterials/Substrate/Glints2/dict_0000_0074" 10286
"../../../Engine/Content/EngineMaterials/Substrate/Glints2/dict_0000_0057.uasset" 10287
"/Engine/EngineMaterials/Substrate/Glints2/dict_0000_0066" 10288
"../../../Engine/Content/EngineMaterials/Substrate/Glints2/dict_0000_0044.uasset" 10289
"/Engine/EngineMaterials/Substrate/Glints2/dict_0000_0067" 10290
"../../../Engine/Content/EngineMaterials/Substrate/Glints2/dict_0000_0053.uasset" 10291
"/Engine/EngineMaterials/Substrate/Glints2/dict_0000_0069" 10292
"/Engine/EngineMaterials/Substrate/Glints2/dict_0000_0080" 10293
"/Engine/EngineMaterials/Substrate/Glints2/dict_0000_0070" 10294
"/Engine/EngineMaterials/Substrate/Glints2/dict_0000_0082" 10295
"../../../Engine/Content/EngineMaterials/Substrate/Glints2/dict_0000_0043.uasset" 10296
"/Engine/EngineMaterials/Substrate/Glints2/dict_0000_0043" 10297
"/Engine/EngineMaterials/Substrate/Glints2/dict_0000_0058" 10298
"/Engine/EngineMaterials/Substrate/Glints2/dict_0000_0044" 10299
"/Engine/EngineMaterials/Substrate/Glints2/dict_0000_0045" 10300
"/Engine/EngineMaterials/Substrate/Glints2/dict_0000_0046" 10301
"/Engine/EngineMaterials/Substrate/Glints2/dict_0000_0047" 10302
"/Engine/EngineMaterials/Substrate/Glints2/dict_0000_0048" 10303
"/Engine/EngineMaterials/Substrate/Glints2/dict_0000_0059" 10304
"/Engine/EngineMaterials/Substrate/Glints2/dict_0000_0049" 10305
"/Engine/EngineMaterials/Substrate/Glints2/dict_0000_0050" 10306
"/Engine/EngineMaterials/Substrate/Glints2/dict_0000_0051" 10307
"/Engine/EngineMaterials/Substrate/Glints2/dict_0000_0052" 10308
"../../../Engine/Content/EngineMaterials/Substrate/Glints2/dict_0000_0036.uasset" 10309
"../../../Engine/Content/EngineMaterials/Substrate/Glints2/dict_0000_0030.uasset" 10310
"../../../Engine/Content/EngineMaterials/Substrate/Glints2/dict_0000_0031.uasset" 10311
"../../../Engine/Content/EngineMaterials/Substrate/Glints2/dict_0000_0033.uasset" 10312
"/Engine/EngineMaterials/Substrate/Glints2/dict_0000_0053" 10313
"../../../Engine/Content/EngineMaterials/Substrate/Glints2/dict_0000_0034.uasset" 10314
"../../../Engine/Content/EngineMaterials/Substrate/Glints2/dict_0000_0040.uasset" 10315
"../../../Engine/Content/EngineMaterials/Substrate/Glints2/dict_0000_0041.uasset" 10316
"/Engine/EngineMaterials/Substrate/Glints2/dict_0000_0054" 10317
"../../../Engine/Content/EngineMaterials/Substrate/Glints2/dict_0000_0032.uasset" 10318
"../../../Engine/Content/EngineMaterials/Substrate/Glints2/dict_0000_0029.uasset" 10319
"/Engine/EngineMaterials/Substrate/Glints2/dict_0000_0068" 10320
"../../../Engine/Content/EngineMaterials/Substrate/Glints2/dict_0000_0037.uasset" 10321
"/Engine/EngineMaterials/Substrate/Glints2/dict_0000_0055" 10322
"../../../Engine/Content/EngineMaterials/Substrate/Glints2/dict_0000_0035.uasset" 10323
"../../../Engine/Content/EngineMaterials/Substrate/Glints2/dict_0000_0042.uasset" 10324
"/Engine/EngineMaterials/Substrate/Glints2/dict_0000_0056" 10325
"../../../Engine/Content/EngineMaterials/Substrate/Glints2/dict_0000_0038.uasset" 10326
"/Engine/EngineMaterials/Substrate/Glints2/dict_0000_0057" 10327
"../../../Engine/Content/EngineMaterials/Substrate/Glints2/dict_0000_0039.uasset" 10328
"/Engine/EngineMaterials/Substrate/Glints2/dict_0000_0029" 10329
"/Engine/EngineMaterials/Substrate/Glints2/dict_0000_0030" 10330
"/Engine/EngineMaterials/Substrate/Glints2/dict_0000_0031" 10331
"/Engine/EngineMaterials/Substrate/Glints2/dict_0000_0032" 10332
"/Engine/EngineMaterials/Substrate/Glints2/dict_0000_0033" 10333
"/Engine/EngineMaterials/Substrate/Glints2/dict_0000_0034" 10334
"/Engine/EngineMaterials/Substrate/Glints2/dict_0000_0035" 10335
"/Engine/EngineMaterials/Substrate/Glints2/dict_0000_0036" 10336
"/Engine/EngineMaterials/Substrate/Glints2/dict_0000_0037" 10337
"/Engine/EngineMaterials/Substrate/Glints2/dict_0000_0038" 10338
"/Engine/EngineMaterials/Substrate/Glints2/dict_0000_0039" 10339
"/Engine/EngineMaterials/Substrate/Glints2/dict_0000_0040" 10340
"/Engine/EngineMaterials/Substrate/Glints2/dict_0000_0041" 10341
"/Engine/EngineMaterials/Substrate/Glints2/dict_0000_0042" 10342
"../../../Engine/Content/EngineMaterials/Substrate/Glints2/dict_0000_0012.uasset" 10343
"../../../Engine/Content/EngineMaterials/Substrate/Glints2/dict_0000_0015.uasset" 10344
"../../../Engine/Content/EngineMaterials/Substrate/Glints2/dict_0000_0025.uasset" 10345
"../../../Engine/Content/EngineMaterials/Substrate/Glints2/dict_0000_0024.uasset" 10346
"../../../Engine/Content/EngineMaterials/Substrate/Glints2/dict_0000_0019.uasset" 10347
"../../../Engine/Content/EngineMaterials/Substrate/Glints2/dict_0000_0020.uasset" 10348
"../../../Engine/Content/EngineMaterials/Substrate/Glints2/dict_0000_0018.uasset" 10349
"../../../Engine/Content/EngineMaterials/Substrate/Glints2/dict_0000_0017.uasset" 10350
"../../../Engine/Content/EngineMaterials/Substrate/Glints2/dict_0000_0014.uasset" 10351
"/Engine/EngineMaterials/Substrate/Glints2/dict_0000_0012" 10352
"../../../Engine/Content/EngineMaterials/Substrate/Glints2/dict_0000_0021.uasset" 10353
"../../../Engine/Content/EngineMaterials/Substrate/Glints2/dict_0000_0013.uasset" 10354
"../../../Engine/Content/EngineMaterials/Substrate/Glints2/dict_0000_0022.uasset" 10355
"../../../Engine/Content/EngineMaterials/Substrate/Glints2/dict_0000_0016.uasset" 10356
"../../../Engine/Content/EngineMaterials/Hair/Hair_DualScattering2D.uasset" 10357
"../../../Engine/Content/EngineMaterials/Hair/Hair_DualScattering.uasset" 10358
"../../../Engine/Content/EngineMaterials/Substrate/Glints2/dict_0000_0009.uasset" 10359
"../../../Engine/Content/EngineMaterials/Substrate/Glints2/dict_0000_0008.uasset" 10360
"../../../Engine/Content/EngineMaterials/Substrate/Glints2/dict_0000_0028.uasset" 10361
"/Engine/EngineMaterials/Substrate/Glints2/dict_0000_0015" 10362
"../../../Engine/Content/EngineMaterials/Substrate/Glints2/dict_0000_0011.uasset" 10363
"../../../Engine/Content/EngineMaterials/Substrate/Glints2/dict_0000_0026.uasset" 10364
"../../../Engine/Content/EngineMaterials/Substrate/Glints2/dict_0000_0010.uasset" 10365
"/Engine/EngineMaterials/Substrate/Glints2/dict_0000_0017" 10366
"../../../Engine/Content/EngineMaterials/Substrate/Glints2/dict_0000_0005.uasset" 10367
"/Engine/EngineMaterials/Substrate/Glints2/dict_0000_0018" 10368
"../../../Engine/Content/EngineMaterials/Substrate/Glints2/dict_0000_0002.uasset" 10369
"/Engine/EngineMaterials/Substrate/Glints2/dict_0000_0019" 10370
"../../../Engine/Content/EngineMaterials/Substrate/Glints2/dict_0000_0001.uasset" 10371
"../../../Engine/Content/EngineMaterials/Substrate/Glints2/dict_0000_0007.uasset" 10372
"/Engine/EngineMaterials/Substrate/Glints2/dict_0000_0020" 10373
"../../../Engine/Content/EngineMaterials/Substrate/Glints2/dict_0000_0027.uasset" 10374
"../../../Engine/Content/EngineMaterials/Substrate/Glints2/dict_0000_0023.uasset" 10375
"/Engine/EngineMaterials/Substrate/Glints2/dict_0000_0024" 10376
"/Engine/EngineMaterials/Substrate/Glints2/dict_0000_0025" 10377
"../../../Engine/Content/EngineMaterials/Hair/Hair_DirectionalAlbedo2D.uasset" 10378
"../../../Engine/Content/EngineMaterials/Hair/Hair_DirectionalAlbedo.uasset" 10379
"/Engine/EngineMaterials/Substrate/Glints2/dict_0000_0011" 10380
"/Engine/EngineMaterials/Substrate/Glints2/dict_0000_0013" 10381
"/Engine/EngineMaterials/Substrate/Glints2/dict_0000_0014" 10382
"/Engine/EngineMaterials/Substrate/Glints2/dict_0000_0016" 10383
"../../../Engine/Content/EngineMaterials/Substrate/Glints2/dict_0000_0004.uasset" 10384
"/Engine/EngineMaterials/Hair/Hair_DualScattering" 10385
"/Engine/EngineMaterials/Substrate/Glints2/dict_0000_0001" 10386
"../../../Engine/Content/EngineMaterials/Substrate/Glints2/dict_0000_0000.uasset" 10387
"/Engine/EngineMaterials/Substrate/Glints2/dict_0000_0021" 10388
"../../../Engine/Content/EngineMaterials/Substrate/Glints2/dict_0000_0006.uasset" 10389
"/Engine/EngineMaterials/Substrate/Glints2/dict_0000_0002" 10390
"../../../Engine/Content/EngineMaterials/Substrate/Glints2/dict_0000_0003.uasset" 10391
"/Engine/EngineMaterials/Substrate/Glints2/dict_0000_0005" 10392
"../../../Engine/Content/EngineMaterials/Substrate/Glints2/AGlintTex2dArray2.uasset" 10393
"/Engine/EngineMaterials/Substrate/Glints2/dict_0000_0022" 10394
"/Engine/EngineMaterials/Substrate/Glints2/dict_0000_0023" 10395
"/Engine/EngineMaterials/Substrate/Glints2/dict_0000_0026" 10396
"/Engine/EngineMaterials/Substrate/Glints2/dict_0000_0027" 10397
"/Engine/EngineMaterials/Substrate/Glints2/dict_0000_0007" 10398
"../../../Engine/Content/MobileResources/HUD/VirtualJoystick_Background.uasset" 10399
"../../../Engine/Content/MobileResources/HUD/VirtualJoystick_Thumb.uasset" 10400
"../../../Engine/Content/EngineMaterials/Substrate/Volume/SubstrateSimpleVolumeEnvLUT3D.uasset" 10401
"/Engine/EngineMaterials/Substrate/Glints2/dict_0000_0008" 10402
"/Engine/EngineMaterials/Substrate/Glints2/dict_0000_0028" 10403
"/Engine/EngineMaterials/Substrate/Glints2/dict_0000_0009" 10404
"../../../Engine/Content/EngineMaterials/Substrate/Volume/SubstrateSimpleVolumeLUT3D.uasset" 10405
"../../../Engine/Content/EngineMaterials/Substrate/Volume/SubstrateSimpleVolumeEnvLUT2D.uasset" 10406
"/Engine/EngineMaterials/Substrate/Glints2/dict_0000_0010" 10407
"../../../Engine/Content/EngineMaterials/Substrate/Volume/SubstrateSimpleVolumeLUT2D.uasset" 10408
"../../../Engine/Content/MobileResources/HUD/DefaultVirtualJoysticks.uasset" 10409
"../../../Engine/Content/EngineMaterials/PPM_DefaultCalibrationColor.uasset" 10410
"../../../Engine/Content/EngineMaterials/PPM_DefaultCalibrationGrayscale.uasset" 10411
"/Engine/MobileResources/HUD/VirtualJoystick_Background" 10412
"/Engine/MobileResources/HUD/VirtualJoystick_Thumb" 10413
"/Engine/EngineMaterials/Substrate/Volume/SubstrateSimpleVolumeEnvLUT3D" 10414
"/Engine/EngineMaterials/Substrate/Volume/SubstrateSimpleVolumeLUT3D" 10415
"../../../Engine/Plugins/NNE/NNEDenoiser/Content/NNEDOM_Output_Default.uasset" 10416
"../../../Engine/Plugins/NNE/NNEDenoiser/Content/NNEDIM_HighQuality_Alpha.uasset" 10417
"../../../Engine/Content/EngineMaterials/DefaultCalibrationColor.uasset" 10418
"../../../Engine/Plugins/NNE/NNEDenoiser/Content/NNEDTOM_Output_Alpha.uasset" 10419
"../../../Engine/Plugins/NNE/NNEDenoiser/Content/NNEDTIM_ColorAlbedoNormal_Default.uasset" 10420
"/Engine/EngineMaterials/Substrate/Glints2/AGlintTex2dArray2" 10421
"../../../Engine/Plugins/NNE/NNEDenoiser/Content/NNEDIM_HighQuality_Default.uasset" 10422
"../../../Engine/Plugins/NNE/NNEDenoiser/Content/NNEDIM_ColorAlbedoNormal_Alpha.uasset" 10423
"../../../Engine/Plugins/Interchange/Assets/Content/Functions/MX_Surface.uasset" 10424
"../../../Engine/Plugins/NNE/NNEDenoiser/Content/NNEDOM_Output_Alpha.uasset" 10425
"../../../Engine/Plugins/Interchange/Assets/Content/Functions/MX_Displacement.uasset" 10426
"../../../Engine/Plugins/NNE/NNEDenoiser/Content/NNEDTIM_ColorAlbedoNormal_Alpha.uasset" 10427
"../../../Engine/Content/EngineMaterials/DefaultCalibrationGrayscale.uasset" 10428
"../../../Engine/Content/Functions/MaterialLayerFunctions/MatLayerBlend_OverrideOpacity.uasset" 10429
"../../../Engine/Content/Functions/Engine_MaterialFunctions03/Procedurals/HeightToNormalSmooth.uasset" 10430
"../../../Engine/Content/Functions/Engine_MaterialFunctions02/Utility/BlendAngleCorrectedNormals.uasset" 10431
"../../../Engine/Plugins/NNE/NNEDenoiser/Content/NNEDIM_ColorAlbedoNormal_Default.uasset" 10432
"/Engine/EngineMaterials/Hair/Hair_DirectionalAlbedo" 10433
"/Engine/MobileResources/HUD/DefaultVirtualJoysticks" 10434
"/NNEDenoiser/NNEDTOM_Output_Alpha" 10435
"/NNEDenoiser/NNEDTIM_ColorAlbedoNormal_Default" 10436
"/NNEDenoiser/NNEDTIM_ColorAlbedoNormal_Alpha" 10437
"/NNEDenoiser/NNEDOM_Output_Default" 10438
"/NNEDenoiser/NNEDOM_Output_Alpha" 10439
"/NNEDenoiser/NNEDIM_HighQuality_Default" 10440
"/NNEDenoiser/NNEDIM_HighQuality_Alpha" 10441
"/NNEDenoiser/NNEDIM_ColorAlbedoNormal_Default" 10442
"../../../Engine/Plugins/NNE/NNEDenoiser/Content/NNED_Oidn2-3_Balanced_Alpha.uasset" 10443
"../../../Engine/Plugins/NNE/NNEDenoiser/Content/NNEDT_Oidn2-3_Balanced_Alpha.uasset" 10444
"../../../Engine/Plugins/NNE/NNEDenoiser/Content/NNEDTOM_Output_Default.uasset" 10445
"../../../Engine/Plugins/NNE/NNEDenoiser/Content/NNED_Oidn2-3_Fast_Alpha.uasset" 10446
"../../../Engine/Plugins/NNE/NNEDenoiser/Content/NNE_oidn2-3-0_rt_hdr_alb_nrm__dyn__fp16_opset11_ForwardAlpha.uasset" 10447
"../../../Engine/Plugins/NNE/NNEDenoiser/Content/NNE_oidn2-3-0_rt_hdr_alb_nrm_small__dyn__fp16_opset11_DenoiseAlpha.uasset" 10448
"../../../Engine/Plugins/NNE/NNEDenoiser/Content/NNED_Oidn2-3_HighQuality_Alpha.uasset" 10449
"../../../Engine/Plugins/NNE/NNEDenoiser/Content/NNE_oidn2-3-0_rt_hdr_alb_nrm_small__dyn__fp16_opset11_ForwardAlpha.uasset" 10450
"../../../Engine/Plugins/NNE/NNEDenoiser/Content/NNE_oidn2-3-0_rt_hdr_calb_cnrm_large__dyn__fp16_opset11_DenoiseAlpha.uasset" 10451
"../../../Engine/Plugins/NNE/NNEDenoiser/Content/NNED_Oidn2-3_Fast.uasset" 10452
"../../../Engine/Plugins/NNE/NNEDenoiser/Content/NNED_Oidn2-3_Balanced.uasset" 10453
"../../../Engine/Plugins/NNE/NNEDenoiser/Content/NNE_oidn2-3-0_rt_hdr_alb_nrm__dyn__fp16_opset11_DenoiseAlpha.uasset" 10454
"../../../Engine/Plugins/NNE/NNEDenoiser/Content/NNED_Oidn2-3_HighQuality.uasset" 10455
"../../../Engine/Plugins/NNE/NNEDenoiser/Content/NNEDT_Oidn2-3_Balanced.uasset" 10456
"/NNEDenoiser/NNEDIM_ColorAlbedoNormal_Alpha" 10457
"/InterchangeAssets/Functions/MX_Displacement" 10458
"/InterchangeAssets/Functions/MX_Surface" 10459
"/Engine/EngineMaterials/PPM_DefaultCalibrationGrayscale" 10460
"/Engine/EngineMaterials/PPM_DefaultCalibrationColor" 10461
"../../../Engine/Content/EditorResources/BSPVertex.uasset" 10462
"../../../Engine/Content/EngineMaterials/DefaultBloomKernel.uasset" 10463
"/NNEDenoiser/NNE_oidn2-3-0_rt_hdr_calb_cnrm_large__dyn__fp16_opset11_DenoiseAlpha" 10464
"../../../Engine/Content/EngineDebugMaterials/DebugEditorMaterial.uasset" 10465
"../../../Engine/Content/EngineMaterials/FastBlueNoise_vec2_128x128x64.uasset" 10466
"../../../Engine/Content/EngineMaterials/Hair/Hair_Coverage.uasset" 10467
"../../../Engine/Content/EngineSounds/Master.uasset" 10468
"../../../Engine/Content/EngineMaterials/FastBlueNoise_scalar_128x128x64.uasset" 10469
"../../../Engine/Plugins/Interchange/Runtime/Content/Pipelines/DefaultAssetsPipeline.uasset" 10470
"../../../Engine/Plugins/Interchange/Runtime/Content/Pipelines/DefaultMaterialXPipeline.uasset" 10471
"../../../Engine/Plugins/Interchange/Runtime/Content/Pipelines/DefaultGLTFAssetsPipeline.uasset" 10472
"../../../Engine/Content/EngineMaterials/EnergyConservation/Diffuse_Energy.uasset" 10473
"../../../Engine/Content/EngineResources/FilmGrains/Marcie_Grain_v3_128_M2_000.uasset" 10474
"../../../Engine/Content/EngineMaterials/EnergyConservation/Sheen_Energy.uasset" 10475
"../../../Engine/Content/EngineResources/Development/ZenLogo_64.uasset" 10476
"../../../Engine/Content/EngineMaterials/SMAAAreaTex.uasset" 10477
"../../../Engine/Content/EngineMaterials/FastBlueNoise_scalar_128x128x8.uasset" 10478
"../../../Engine/Plugins/NNE/NNEDenoiser/Content/NNE_oidn2-3-0_rt_hdr_calb_cnrm_large__dyn__fp16_opset11_ForwardAlpha.uasset" 10479
"../../../Engine/Content/EngineMaterials/SMAASearchTex.uasset" 10480
"/NNEDenoiser/NNE_oidn2-3-0_rt_hdr_alb_nrm__dyn__fp16_opset11_ForwardAlpha" 10481
"/NNEDenoiser/NNE_oidn2-3-0_rt_hdr_alb_nrm__dyn__fp16_opset11_DenoiseAlpha" 10482
"/NNEDenoiser/NNE_oidn2-3-0_rt_hdr_alb_nrm_small__dyn__fp16_opset11_ForwardAlpha" 10483
"/NNEDenoiser/NNE_oidn2-3-0_rt_hdr_alb_nrm_small__dyn__fp16_opset11_DenoiseAlpha" 10484
"/NNEDenoiser/NNED_Oidn2-3_HighQuality_Alpha" 10485
"/NNEDenoiser/NNED_Oidn2-3_HighQuality" 10486
"/NNEDenoiser/NNED_Oidn2-3_Fast_Alpha" 10487
"/NNEDenoiser/NNED_Oidn2-3_Fast" 10488
"C:/Workspace/khj/Wanted5th/Part4/UnrealBuildSystem/Intermediate/ORTOptimizerPass_Optimized1685D66B4B54994367E58382D2CBFE1B.onnx" 10489
"C:/Workspace/khj/Wanted5th/Part4/UnrealBuildSystem/Intermediate/ORTOptimizerPass_Optimized2BEA23864651D78C3A31799C2E8E8383.onnx" 10490
"C:/Workspace/khj/Wanted5th/Part4/UnrealBuildSystem/Intermediate/ORTOptimizerPass_OptimizedDFC7DDDD4694AD9FF84DECB23F59141E.onnx" 10491
"C:/Workspace/khj/Wanted5th/Part4/UnrealBuildSystem/Intermediate/ORTOptimizerPass_Optimized6FF431A54DA9DDABC0AB7497BDCFDDC0.onnx" 10492
"C:/Workspace/khj/Wanted5th/Part4/UnrealBuildSystem/Intermediate/ORTOptimizerPass_OptimizedE5C0C226442A4D669B79B58E4A8599DA.onnx" 10493
"C:/Workspace/khj/Wanted5th/Part4/UnrealBuildSystem/Intermediate/ORTOptimizerPass_Optimized34D610B545466571FEE42992AA498BDF.onnx" 10494
"C:/Workspace/khj/Wanted5th/Part4/UnrealBuildSystem/Intermediate/ORTOptimizerPass_Optimized4688FA934F487A55FF423CB7B587ED0E.onnx" 10495
"C:/Workspace/khj/Wanted5th/Part4/UnrealBuildSystem/Intermediate/ORTOptimizerPass_Optimized4DD3A77F441F3B288DE88EA23A0A2D81.onnx" 10496
"C:/Workspace/khj/Wanted5th/Part4/UnrealBuildSystem/Intermediate/ORTOptimizerPass_Optimized13001D9B41B0518E0344FE9F6E183B80.onnx" 10497
"C:/Workspace/khj/Wanted5th/Part4/UnrealBuildSystem/Intermediate/ORTOptimizerPass_Optimized64865CAB4D8D793D60BF3686756E20B6.onnx" 10498
"/NNEDenoiser/NNED_Oidn2-3_Balanced_Alpha" 10499
"/NNEDenoiser/NNED_Oidn2-3_Balanced" 10500
"/NNEDenoiser/NNEDT_Oidn2-3_Balanced_Alpha" 10501
"/NNEDenoiser/NNEDT_Oidn2-3_Balanced" 10502
"/Engine/EditorResources/BSPVertex" 10503
"/NNEDenoiser/NNEDTOM_Output_Default" 10504
"../../../Engine/Plugins/Interchange/Runtime/Content/Pipelines/DefaultSceneAssetsPipeline.uasset" 10505
"../../../Engine/Plugins/Interchange/Runtime/Content/Pipelines/DefaultTexturePipeline.uasset" 10506
"../../../Engine/Plugins/Interchange/Runtime/Content/Pipelines/DefaultSceneLevelPipeline.uasset" 10507
"../../../Engine/Plugins/Interchange/Runtime/Content/Pipelines/DefaultFBXOBJSceneAssetsPipeline.uasset" 10508
"../../../Engine/Plugins/Interchange/Runtime/Content/Pipelines/DefaultGLTFPipeline.uasset" 10509
"../../../Engine/Plugins/Interchange/Runtime/Content/Pipelines/DefaultMaterialPipeline.uasset" 10510
"../../../Engine/Plugins/Interchange/Runtime/Content/Pipelines/DefaultFBXOBJAssetsPipeline.uasset" 10511
"../../../Engine/Plugins/Interchange/Runtime/Content/Pipelines/DefaultAudioPipeline.uasset" 10512
"/Interchange/Pipelines/DefaultGLTFAssetsPipeline" 10513
"../../../Engine/Plugins/Interchange/Runtime/Content/Pipelines/DefaultGLTFSceneAssetsPipeline.uasset" 10514
"/Interchange/Pipelines/DefaultMaterialXPipeline" 10515
"/Interchange/Pipelines/DefaultAssetsPipeline" 10516
"/Engine/EngineSounds/Master" 10517
"/Engine/EngineMaterials/SMAASearchTex" 10518
"../../../Engine/Plugins/Interchange/Assets/Content/Functions/MX_TranslucentBSDF.uasset" 10519
"../../../Engine/Plugins/Interchange/Assets/Content/Functions/MX_OrenNayarBSDF.uasset" 10520
"../../../Engine/Plugins/Interchange/Assets/Content/Functions/MX_BurleyDiffuseBSDF.uasset" 10521
"../../../Engine/Plugins/Interchange/Assets/Content/Functions/MX_SurfaceUnlit.uasset" 10522
"/Engine/EngineMaterials/SMAAAreaTex" 10523
"../../../Engine/Plugins/Interchange/Assets/Content/Substrate/MX_SimpleVolume.uasset" 10524
"../../../Engine/Plugins/Interchange/Assets/Content/Functions/MX_UsdPreviewSurface.uasset" 10525
"/Engine/EngineMaterials/Hair/Hair_Coverage" 10526
"/Engine/EngineMaterials/EnergyConservation/Diffuse_Energy" 10527
"/Engine/EngineMaterials/EnergyConservation/Sheen_Energy" 10528
"/Engine/EngineMaterials/FastBlueNoise_vec2_128x128x64" 10529
"/Engine/EngineMaterials/FastBlueNoise_scalar_128x128x8" 10530
"/Engine/EngineMaterials/FastBlueNoise_scalar_128x128x64" 10531
"/Engine/EngineDebugMaterials/DebugEditorMaterial" 10532
"/Engine/EngineResources/Development/ZenLogo_64" 10533
"/Engine/EngineResources/FilmGrains/Marcie_Grain_v3_128_M2_000" 10534
"/Engine/EngineMaterials/DefaultBloomKernel" 10535
"/NNEDenoiser/NNE_oidn2-3-0_rt_hdr_calb_cnrm_large__dyn__fp16_opset11_ForwardAlpha" 10536
"/InterchangeAssets/Functions/MX_TranslucentBSDF" 10537
"/InterchangeAssets/Functions/MX_BurleyDiffuseBSDF" 10538
"/InterchangeAssets/Functions/MX_OrenNayarBSDF" 10539
"/InterchangeAssets/Substrate/MX_SimpleVolume" 10540
"/InterchangeAssets/Functions/MX_UsdPreviewSurface" 10541
"/InterchangeAssets/Functions/MX_SurfaceUnlit" 10542
"../../../Engine/Plugins/Interchange/Assets/Content/Functions/MX_GeneralizedSchlickBSDF.uasset" 10543
"../../../Engine/Plugins/Interchange/Assets/Content/Functions/MX_SubsurfaceBSDF.uasset" 10544
"../../../Engine/Plugins/Interchange/Assets/Content/Functions/MX_ConductorBSDF.uasset" 10545
"../../../Engine/Plugins/Interchange/Assets/Content/Functions/MX_SheenBSDF.uasset" 10546
"../../../Engine/Plugins/Interchange/Assets/Content/Functions/MX_ChiangHairBSDF.uasset" 10547
"../../../Engine/Plugins/Interchange/Assets/Content/Functions/MX_MeasuredEDF.uasset" 10548
"../../../Engine/Plugins/Interchange/Assets/Content/Functions/MX_UniformEDF.uasset" 10549
"../../../Engine/Plugins/Animation/ControlRig/Content/Controls/ControlRigGizmoMaterial.uasset" 10550
"../../../Engine/Plugins/Interchange/Assets/Content/Functions/MX_AnisotropicVDF.uasset" 10551
"../../../Engine/Plugins/Interchange/Assets/Content/Functions/MX_AbsorptionVDF.uasset" 10552
"../../../Engine/Plugins/Interchange/Assets/Content/Functions/MX_DielectricBSDF.uasset" 10553
"/Interchange/Pipelines/DefaultFBXOBJSceneAssetsPipeline" 10554
"../../../Engine/Plugins/Interchange/Assets/Content/Functions/MX_ConicalEDF.uasset" 10555
"/Interchange/Pipelines/DefaultGLTFSceneAssetsPipeline" 10556
"/Interchange/Pipelines/DefaultSceneLevelPipeline" 10557
"C:/Workspace/khj/Wanted5th/Part4/UnrealBuildSystem/Intermediate/ORTOptimizerPass_OptimizedB01B4FA5449895D9D1F24AB62F8411EA.onnx" 10558
"C:/Workspace/khj/Wanted5th/Part4/UnrealBuildSystem/Intermediate/ORTOptimizerPass_OptimizedE8AB35F140C2989F96E1C1971D511556.onnx" 10559
"/Interchange/Pipelines/DefaultSceneAssetsPipeline" 10560
"/Interchange/Pipelines/DefaultAudioPipeline" 10561
"/Interchange/Pipelines/DefaultTexturePipeline" 10562
"/Interchange/Pipelines/DefaultMaterialPipeline" 10563
"/Interchange/Pipelines/DefaultFBXOBJAssetsPipeline" 10564
"/Interchange/Pipelines/DefaultGLTFPipeline" 10565
"/ControlRig/Controls/ControlRigGizmoMaterial" 10566
"/InterchangeAssets/Functions/MX_AnisotropicVDF" 10567
"/InterchangeAssets/Functions/MX_AbsorptionVDF" 10568
"/InterchangeAssets/Functions/MX_MeasuredEDF" 10569
"/InterchangeAssets/Functions/MX_ConicalEDF" 10570
"/InterchangeAssets/Functions/MX_UniformEDF" 10571
"/InterchangeAssets/Functions/MX_ChiangHairBSDF" 10572
"/InterchangeAssets/Functions/MX_SheenBSDF" 10573
"/InterchangeAssets/Functions/MX_SubsurfaceBSDF" 10574
"/InterchangeAssets/Functions/MX_GeneralizedSchlickBSDF" 10575
"/InterchangeAssets/Functions/MX_ConductorBSDF" 10576
"/InterchangeAssets/Functions/MX_DielectricBSDF" 10577
"C:/Workspace/khj/Wanted5th/Part4/UnrealBuildSystem/Saved/Cooked/Windows/UnrealBuildSystem/Metadata/CookedSettings.txt" 10578
